:020000040800F2
:1000000000400220557F0108E57F0108396E010894
:1000100000000000000000000000000000000000E0
:100020000000000000000000000000006B870108D5
:10003000000000000000000081880108256E010812
:10004000E57F0108E57F0108E57F0108E57F0108FC
:10005000E57F0108E57F0108E57F0108E57F0108EC
:10006000E57F0108E57F0108E57F0108E57F0108DC
:10007000E57F0108E57F0108E57F0108E57F0108CC
:10008000E57F0108E57F0108E57F0108E57F0108BC
:10009000E57F0108E57F0108E57F0108E57F0108AC
:1000A000E57F0108E57F0108E57F0108796E010819
:0C00B000A96E0108D96E0108E57F010867
:1000C00010B5064C2378002B07D1054B002B02D02E
:1000D000044800E000BF0123237010BD3809002050
:1000E000000000003C870208044B10B5002B03D031
:1000F0000349044800E000BF10BDC04600000000F6
:100100003C0900203C87020802780B78002A03D0C3
:10011000013001319A42F7D0D01A70470023C25CF7
:100120000133002AFBD1581E7047000002B471460B
:1001300049084900095C49008E4402BC7047C0462A
:1001400003B47146490840004900095A49008E44E9
:1001500003BC7047002243088B4274D303098B42CF
:100160005FD3030A8B4244D3030B8B4228D3030C87
:100170008B420DD3FF22090212BA030C8B4202D329
:100180001212090265D0030B8B4219D300E0090A51
:10019000C30B8B4201D3CB03C01A5241830B8B425A
:1001A00001D38B03C01A5241430B8B4201D34B0343
:1001B000C01A5241030B8B4201D30B03C01A5241A8
:1001C000C30A8B4201D3CB02C01A5241830A8B422D
:1001D00001D38B02C01A5241430A8B4201D34B0216
:1001E000C01A5241030A8B4201D30B02C01A52417A
:1001F000CDD2C3098B4201D3CB01C01A524183092E
:100200008B4201D38B01C01A524143098B4201D367
:100210004B01C01A524103098B4201D30B01C01A92
:100220005241C3088B4201D3CB00C01A524183080C
:100230008B4201D38B00C01A524143088B4201D339
:100240004B00C01A5241411A00D201465241104699
:100250007047FFE701B5002000F0F0F802BDC0468E
:100260000029F7D076E7704703460B437FD400227E
:1002700043088B4274D303098B425FD3030A8B423A
:1002800044D3030B8B4228D3030C8B420DD3FF22A4
:10029000090212BA030C8B4202D31212090265D072
:1002A000030B8B4219D300E0090AC30B8B4201D325
:1002B000CB03C01A5241830B8B4201D38B03C01A6C
:1002C0005241430B8B4201D34B03C01A5241030BE3
:1002D0008B4201D30B03C01A5241C30A8B4201D394
:1002E000CB02C01A5241830A8B4201D38B02C01A3F
:1002F0005241430A8B4201D34B02C01A5241030AB6
:100300008B4201D30B02C01A5241CDD2C3098B429A
:1003100001D3CB01C01A524183098B4201D38B0117
:10032000C01A524143098B4201D34B01C01A5241BA
:1003300003098B4201D30B01C01A5241C3088B42FF
:1003400001D3CB00C01A524183088B4201D38B00EA
:10035000C01A524143088B4201D34B00C01A52418C
:10036000411A00D201465241104670475DE0CA0F63
:1003700000D04942031000D34042534000229C4623
:1003800003098B422DD3030A8B4212D3FC2289012D
:1003900012BA030A8B420CD3890192118B4208D303
:1003A000890192118B4204D389013AD0921100E065
:1003B0008909C3098B4201D3CB01C01A5241830979
:1003C0008B4201D38B01C01A524143098B4201D3A6
:1003D0004B01C01A524103098B4201D30B01C01AD1
:1003E0005241C3088B4201D3CB00C01A524183084B
:1003F0008B4201D38B00C01A5241D9D243088B42A1
:1004000001D34B00C01A5241411A00D20146634643
:1004100052415B10104601D34042002B00D54942A7
:10042000704763465B1000D3404201B5002000F0E6
:1004300005F802BD0029F8D016E770477047C0469E
:100440008446100062468C461900634600E0C046B0
:100450001FB501F02FFE002801D40021C8421FBDA6
:1004600010B501F07FFD4042013010BD10B501F024
:1004700021FE002801DB002010BD012010BDC04678
:1004800010B501F017FE002801DD002010BD01208D
:1004900010BDC04610B501F0A7FD002801DC00200A
:1004A00010BD012010BDC04610B501F09DFD002813
:1004B00001DA002010BD012010BDC04684460800AE
:1004C0006146FFE71FB500F065FB002801D400215D
:1004D000C8421FBD10B500F0F1FA4042013010BD16
:1004E00010B500F057FB002801DB002010BD0120F3
:1004F00010BDC04610B500F04DFB002801DD002006
:1005000010BD012010BDC04610B500F0FDFA002856
:1005100001DC002010BD012010BDC04610B500F068
:10052000F3FA002801DA002010BD012010BDC046FA
:10053000994201D1801A04D002D201204042704772
:1005400001207047002B11D1002A0FD1002900D1C2
:10055000002802D00021C943080007B4024802A1C4
:100560004018029003BDC046D5FEFFFF03B46846A5
:1005700001B5029800F0BCF8019B9E4602B00CBC8D
:100580007047C046F0B5CE469946030C9C4613040E
:1005900047461B0C1D000E0061460404240C80B568
:1005A0000700100C4B436543414360432C0CC018BB
:1005B00020188C46834203D980235B029846C444AA
:1005C000494679435643030C2D042D0C8919634485
:1005D00000044019C918C0BCB946B046F0BDC046B9
:1005E0009E2110B5C905041CFFF798FF002803D110
:1005F000201C00F001FE10BD9E21201CC90500F04A
:100600005BFC00F0F9FD80231B069C466044F2E78A
:1006100070B500220C4B04000D00FFF745FF0028C9
:1006200004D12000290002F00BFC70BD064B002213
:100630002000290002F064F802F002FC80231B066F
:100640009C466044F1E7C0460000E04170B50500FB
:100650000C000022002328002100FFF707FF0028DC
:1006600008D12800210000F00FF802000B00100054
:10067000190070BD80231B06E118280000F004F863
:10068000002342428B41F2E770B500220B4B0D0074
:10069000040001F073FDFFF7BBFF060002F036FC1B
:1006A0000022074B01F06AFD02000B002000290028
:1006B00002F026F8FFF7ACFF310070BD0000F03DFE
:1006C0000000F04170B50600080002F0EFFB0022C8
:1006D000064B01F053FD0D000400300002F016FC43
:1006E0002B00220000F0F0FD70BDC0460000F0417C
:1006F000F0B557464E464546DE46E0B504000D00CF
:100700009246994683B08B4230D82DD04946504608
:1007100002F00EFD29000600200002F009FD331A48
:100720009846203B34D49B4653465A469340424613
:100730001F00534693401E00AF423BD8AF4200D14A
:1007400079E05B46A41BBD41002B00DA76E0002275
:1007500000230092019301235A4693400193012301
:1007600042469340009329E08242CFD900220023E1
:10077000009201930C9B002B01D01C605D600098DF
:10078000019903B0F0BCBB46B246A946A046F0BDF5
:1007900042469B4620239B1A5246DA4041461300AC
:1007A0004A468A40170042461F43534693401E0064
:1007B000AF42C3D900220023009201934346002B8D
:1007C000D8D0FB0772081A4346467B080EE0AB42BE
:1007D00001D1A2420CD8A41A9D41012024196D41D7
:1007E0000021013E24184D41002E06D0AB42EED927
:1007F000013E24196D41002EF8D1009801995B4605
:1008000000196941002B24DB2B005A464446D34093
:100810002A00E2401C005B461500002B2ADB260064
:100820009E40330026004746BE403200801A994160
:10083000009001919EE7A342BCD882E74246202364
:1008400000219B1A0022009101920122DA400192BC
:1008500085E7424620239B1A2A0046469A402300F9
:10086000F340444613432A00E2401C005B46150057
:10087000002BD4DA42462F002023260097409B1AF3
:10088000DE403B003343CDE7F0B54F464646D64603
:100890004502C0B547000C1C6D0A3F0EC60F002F65
:1008A00000D16FE0FF2F00D174E000238022994631
:1008B0009A46ED00D20415437F3F63025B0A9846D7
:1008C00063001B0EE40F002B4DD0FF2B45D042469A
:1008D0008021D200C9041143884600227F3B3100A9
:1008E000FF1A4B466140C9B20F2B00D9B8E07048DF
:1008F0009B00C3589F4600239846260045469246D3
:100900005346022B00D18DE0032B00D1A1E0012B37
:1009100018D03B007F33002B6DDD6A0704D00F2217
:100920002A40042A00D004352A0103D5614B1D401A
:100930003B008033FE2B00DD74E0AA01520AD8B2DE
:1009400002E00E0000200022C005F60710433043ED
:10095000E0BCBA46B146A846F0BD4346002B3FD1A5
:100960000222FF3F03E04346002B2DD1012231003C
:100970004B466140C9B213430F2B38D84E489B00F9
:10098000C3589F46002D13D104239946033B0027EB
:100990009A4692E7002D05D108239946063BFF278A
:1009A0009A468AE70C239946093BFF279A4684E733
:1009B000280002F09FFB7627431F9D4000237F42C3
:1009C00099469A463F1A78E7404602F093FB424622
:1009D000431F9A4076235B4290461B1A00227EE713
:1009E00003234A461A439146FC33032277E70E005D
:1009F000FF200022A8E70122D31A1B2BA2DC9E377E
:100A00002A00BD40DA406B1E9D4115436A0704D0A1
:100A10000F222A40042A00D004356A0144D501205F
:100A2000002291E7FF2000228EE780220026FF208F
:100A3000D20389E7002398468022D203154208D0CA
:100A40004346134205D11A4352022600FF20520AA0
:100A50007AE78022D2032A435202FF20520A73E728
:100A600042466B015501AB421AD21B200022013FC6
:100A700001261C0052005B00002C01DB9D4201D8C6
:100A80005B1B324301380028F3D1581E83411343C6
:100A90001D003B007F330E00002B00DD3DE7AAE781
:100AA0001A2001225B1BE3E7AA010020520A4BE750
:100AB00080B80208FFFFFFF7C0B8020870B5420017
:100AC00045024E024C00C30F6D0A0120120E760A39
:100AD000240EC90FFF2A06D0FF2C03D0A24201D159
:100AE000B54206D070BD002DFCD1FF2CFAD1002EEE
:100AF000F8D18B4206D00120002AF3D12800431EF2
:100B00009841EFE70020EDE770B5420045024E0244
:100B10004C00C30F6D0A120E760A240EC80FFF2A6E
:100B20001BD0FF2C0ED0002A1BD1002C01D1002E8F
:100B30001CD0002D0CD083421CD00221581E08402E
:100B4000013870BD002E22D1002AF4D1002DF2D13F
:100B50000028F6D101204042F3E7002D17D1FF2CE9
:100B6000F0D0002CE7D1002EE5D1E6E70020002DE3
:100B7000E7D0E2E7A24205DCEADBB54202D8E7D3E0
:100B80000020DEE74342584140000138D9E7022007
:100B90004042D6E770B5420045024E024C00C30FFA
:100BA0006D0A120E760A240EC80FFF2A0BD0FF2CF6
:100BB0000DD0002A1FD1002C16D1002E14D10020F8
:100BC000002D10D009E0002D0CD1FF2C13D1002EE8
:100BD00008D1002A08D0834212D00221581E0840B2
:100BE000013800E0022070BD002DF4D10028FAD1B8
:100BF00001204042F7E7002CEDD1002EEBD1ECE7CD
:100C0000A24205DCF2DBB54202D8EFD30020EAE7CE
:100C10004342584140000138E5E7C04643025B0AC1
:100C2000F0B54F4646469946D646C30F450098460E
:100C3000C0B54B460F1C2D0E00D1CBE0FF2D00D1CF
:100C4000CFE08022DB00D2041A4300239146002625
:100C50009A467F3D7C027B00640A1B0EFF0F002B2F
:100C600000D1A9E0FF2B11D08022E400D20414436C
:100C700042467F3B5B197A400020D2B25D1C0A2EAF
:100C800013DD3A000B2E47D047463FE02B00FF33E1
:100C9000002C1ED102221643424601357A40D2B2C0
:100CA000FF350A2E00DDE4E00220022E1CDC013EAE
:100CB000012E42D802283DD0012866D10020002113
:100CC000C0050843D2071043E0BCBA46B146A84667
:100CD000F0BD03221643424601357A40D2B2FF35B9
:100CE0000A2E00DDE4E003200121B140A626F60033
:100CF00031420AD19026B600314216D1B93EFF3EAC
:100D00000E421AD0A146824600E0170053463A0030
:100D1000022B0FD04C4650460328CDD18021C90369
:100D200021434902FF20490ACAE780210022FF200F
:100D3000C903C5E7FF200021C2E7200C494624046F
:100D4000240C27000E0C0904090C74434F4346433E
:100D50004843390C001909188C4203D980204002FD
:100D6000844666443F0408043F0CC0198401671E92
:100D7000BC41090C800E8919044389010C43090107
:100D800071D5012361081C400C432B007F33002BDD
:100D900051DD610704D00F212140042900D0043423
:100DA000210103D5434B1C402B008033FE2BC1DCBB
:100DB000A101490AD8B283E7002C2CD10123424675
:100DC0001E432B007A400120D2B25D1C0A2E00DDAA
:100DD00057E76AE7002B10D10123042600259A4625
:100DE00038E7002B04D102230826FF259A4631E775
:100DF00003230C26FF259A462CE7484602F07AF991
:100E00004A46431F76259A4000236D4291460026AC
:100E10009A462D1A1EE7200002F06CF94246431F45
:100E20009C402B1A763B7A400020D2B25D1C0A2EE1
:100E300000DD26E739E70121CB1A1B2B00DD3DE75A
:100E40009E352100AC40D940631E9C4121434B0795
:100E500004D00F230B40042B00D004314B0104D5E8
:100E6000012000212CE71D008FE789010020490A9D
:100E700026E702230F2E0CD180214B46C9030B42DB
:100E80000DD00C420BD1214349023A00FF20490A00
:100E900016E70B2E00D0F7E6A1469A4636E78021EA
:100EA0004B46C903194349024246FF20490A07E756
:100EB0000323DFE7FFFFFFF7F0B5C64643025B0AF7
:100EC0004500DA00C40F48024F009446420A1E0053
:100ED000904600B52D0E3F0EC90F8009FF2F59D047
:100EE000012251408C4239D0EA1B002A58DD002FE4
:100EF00068D0FF2D00D1D1E08023DB0418431B2AEA
:100F000000DCE3E001236246D31A5A0100D4ACE0CE
:100F10009B019E09300002F0EDF833000538834054
:100F2000854200DCC6E0B24A2D1A13405A0704D0AD
:100F30000F221A40042A00D004335A0100D497E04B
:100F40006A1CFE2D00D184E09B015E0AD2B2D0055E
:100F50003043E407204380BCB846F0BDEA1B002ABA
:100F600041DD002F6BD0FF2D00D197E08023DB0403
:100F700018431B2A00DCCCE0012363445A0174D5DA
:100F80000135FF2D65D001229A491A405B080B40BC
:100F90001343CBE700281FD08C4222D02A00FF3A0F
:100FA000002A35D07A1B002D00D099E06346002B33
:100FB00000D1DDE0531E012A00D105E1FF2A6BD0EC
:100FC0001A0094E0002873D0511E012A00D1DFE0FE
:100FD000FF2A63D00A0092E701225140A14200D0CB
:100FE00082E72A00FF3A002A36D07A1B002D00D172
:100FF000AAE0FF2F00D1DAE080236146DB04194329
:101000008C461B2A00DCD4E001233D001B18B5E709
:10101000FE276A1C174271D1002D00D09EE0634666
:10102000002B00D1D5E00022002800D18FE71B1A49
:101030005E0100D4D6E063460C00C31A76E70028B0
:1010400036D0511E012A00D19AE0FF2A26D00A008C
:101050008FE7FF2200267AE7FE276A1C174262D03C
:10106000FF2AF6D01500604443085A0700D05FE716
:10107000DB08FF2D12D05B025E0AEAB267E7624628
:10108000002A00D193E0002808D08022D203134226
:1010900004D04046104201D10C004346002BD8D06A
:1010A0008026F6031E437602FF22760A4FE7434668
:1010B0001500DEE72022401B0130121A1900934070
:1010C000C1405A1E934100250B432FE720239B1A52
:1010D000010098400300D1405A1E93410B4312E790
:1010E000FF2FD9D080236446DB041C43A4461B2A6F
:1010F00052DD01230C003D00C31A06E763461E1AA9
:10110000730139D4002E00D004E700240022002609
:101110001DE720239B1A010098400300D1405A1E6E
:1011200093410B4329E7002DA9D16346002B56D0EC
:101130000022002800D10AE7030063445A0194D535
:101140002B4A0135134090E76346002BAFD0531E66
:10115000012A15D0FF2A2AD01A0052E76246002A37
:1011600091D1002898D180260024FF22F603EEE6D4
:101170000C00434615007CE763460C00C61AC9E61E
:101180000300634401255A0100D46EE70225FAE604
:10119000634601251B1AB8E664462023D4409B1AF7
:1011A00062469A4013005A1E93412343A2E74346E6
:1011B00074E761462023D1409B1A62469A4013008F
:1011C0005A1E93410B4320E763460C000125C31AC6
:1011D0009BE6002899D00C0046460022B7E646461A
:1011E0000022B4E6002B00D03FE700240026AEE644
:1011F000FFFFFFFBFFFFFF7D41024200C30F490AD3
:101200000020120E7E2A03DD9D2A02DD094A98186D
:101210007047802000040143952A07DC9620821A3B
:10122000D1404842002BF3D10800F1E7963A9140B3
:10123000F7E7C046FFFFFF7F70B5041E0ED001F038
:1012400059FF9E2301001B1A962B0CDC08282CD07A
:1012500008398C406402640AD8B201E000200024FE
:10126000C005204370BD992B0ADD020020001B320F
:1012700090400200501E82410520401AC440144391
:10128000052916DC22000F480240650709D00F250A
:101290002C40042C05D00432540102D59F23024077
:1012A0005B1A9201540AD8B2DAE764029620640A03
:1012B000D6E74A1F94402200024802406507F0D05A
:1012C000E5E7C046FFFFFFFBF0B54F464646D64672
:1012D0000400C0B51F000B0310004E005B0ACD0FC9
:1012E000610F7A001943E3003C03FF0FBC46640A18
:1012F000470F2743760D520DC000B9468046B71AF6
:10130000654500D19BE0002F00DC84E0002A00D17D
:10131000BEE0C84A964200D124E180224C46120425
:101320001443A146382F00DD67E11F2F00DDD6E111
:1013300020224C46D21B9440A2464446FC4020004A
:101340005446044340469040421E90414A46FA406B
:101350000443891A1C1BA342924152428B1A9A469B
:1013600053461B0200D4D4E053465A02530A9A460D
:101370005346002B00D104E1504601F0BBFE0300B0
:10138000083B20222000D21A5146D040994002004A
:101390009C400A43B34200DA02E19B1B591C1F29FF
:1013A00000DDA7E02023100026005B1A9C40984037
:1013B000CE40CA40631E9C413043924600260443FF
:1013C000630709D00F232340042B05D0231DA3421C
:1013D000A4416442A2441C0053461B0200D49BE07B
:1013E000944B01369E4200D1B8E053469249E4083E
:1013F0000B4019005B07234372054C02240B520D6E
:101400001205ED0722432A4318001100E0BCBA463A
:10141000B146A846F0BD002F48D0971B002E00D043
:101420000EE10C001C4300D1B7E17C1E012F00D15E
:1014300026E2804DAF4200D1D5E1270007E1002F21
:1014400000DCB2E0002A47D07A4A964200D189E017
:1014500080224C4612041443A146382F6BDC1F2F08
:1014600000DC6EE13A004846203AD0408446202F06
:1014700007D040224846D21B90400200404610430D
:1014800080464046421E904162460400144357E0A5
:101490004A46024300D103E17A1E012F00D193E1B5
:1014A000644CA74200D18AE117003BE7634C721CF1
:1014B000224200D0E0E00A001A43002E00D074E17E
:1014C000002A00D1D0E14A46024300D0E3E14A07B6
:1014D000DB081343C90829E04A46024300D17DE1F5
:1014E0007A1E012F00D1E0E0524CA74200D166E104
:1014F0001700B2E710001F3BD840202903D040233B
:101500005B1A9A401443631E9C41002300269A46AE
:101510000443630700D055E75246E30852071343DC
:1015200052463700D108434A97421FD009037A0533
:101530000C0B520D64E742464C461443621E944124
:10154000E4189C429241524292468A4453461B02FE
:10155000DFD5384B01369E4200D0B3E03200002484
:1015600000234DE74A07DB081343C9081A000A4362
:1015700000D100E2802424030C4324032D4A240BD1
:101580003EE7200001F0B6FD030018331F2B00DCFE
:10159000F7E62200083882400024B34200DBFCE674
:1015A000F61A254B1A4092460AE7002F2BD0971BBC
:1015B000002E00D1B8E01F4CA24200D11CE18024D3
:1015C00024042143382F00DD1EE11F2F00DD9EE1A2
:1015D00020260C00F61B1800B340B440F8405E1EF5
:1015E000B341F94004431C438944444444459B416E
:1015F0005B424B449A461600A8E742464C461443C9
:10160000621E9441A6E60D4C721C224200D0A8E056
:101610000A001A43002E00D00AE1002A00D15EE140
:101620004A46024300D061E14A07DB081343C90878
:101630007CE7C046FF070000FFFF7FFFFE070000BA
:10164000CF4CA24200D1CEE0802424042143382F85
:101650005BDC1F2F00DDDCE020250C00ED1B1E00F5
:10166000AB40AC40FE405D1EAB413443F9401C43EF
:101670004B465B1A99464CE04A461C1A881AA3420C
:1016800092415242924602005046121A924612026B
:1016900078D45346234300D06AE60021002545E76D
:1016A0004A07DB081343C9083DE71C189C429B41CD
:1016B00049448A465B429A44534601261B0200D4A1
:1016C00027E702265246AF4B01211A401300214062
:1016D00062080A43DC075B089A46144370E63A0046
:1016E0004C46203AD440A446202F07D040224846FA
:1016F000D21B904002004046104380464046421EA6
:10170000904162460400144324E619430C00631E12
:101710009C4143461C1BA0459B4149465B42CB1A5A
:101720009A46654616001BE60C001C4300D1C7E034
:101730007C1E012F00D1F9E0914EB7425CD027000A
:1017400040E720224C464046D21B9440F8400443D8
:1017500040469040421E90414A46FA400443891850
:10176000EEE6874CA24200D1F9E6181898429B4158
:1017700049445B42CB18DC0740085B089A461600D8
:101780000443C6E64246D41AA04580414B46404237
:10179000591A0B1A9A466546EAE54B464A46C0086E
:1017A0005B0765460343D108BDE6002A00D08EE002
:1017B0004B46034317D1802100250903DAE64A0787
:1017C000DB081343C908D1E61C1A4A46A3429B41D1
:1017D000891A5B42CB1A9A460126C1E54A07DB0803
:1017E0001343C9089FE64346D8084B464A465B0761
:1017F00065460343D108B9E64346D8084B464A46F6
:101800005B070343D108B1E619430C00631E9C41FA
:10181000EBE63C000D00203CE540202F03D04024A7
:10182000E41BA1400B431C00631E9C412C4370E74A
:10183000002AE1D04A460243C1D04A07DB081343DD
:101840008022C9081203114208D04846C408144235
:1018500004D143462100DB08420713435A0FDB0043
:101860005207DB08134381E64B46034300D114E7DC
:101870004B464A46C0085B0765460343D10855E618
:10188000C41AA04580414B464042591A0B1A9A4649
:101890006546012664E51C1A4A46A34280418A1A1D
:1018A0004042121A9246120249D54246D41AA04525
:1018B00080414B464042591A0B1A9A4665467FE5CD
:1018C0004B464A46C0085B070343D1082BE64A460D
:1018D000DB08024338D14A071343C90846E64B46A2
:1018E0004A46C0085B070343D1081FE61C189C4208
:1018F0009B4149448A465B429A4453461B0200D4AA
:1019000007E652461F4B01261A40924601E63C006C
:101910000E00203CE640202F03D04024E41BA140D1
:101920000B431C00631E9C4134435EE643448342E8
:10193000804149448A4640421C008244BCE65346EA
:10194000234300D1A9E6E4E54A0713438022C908EE
:101950001203114209D04846C408144205D1434637
:1019600065462100DB08420713435A0FDB00DB0802
:1019700052071343FAE50023014A1C0040E5C04624
:10198000FF070000FFFF7FFFF0B557464E46454674
:10199000DE46E0B50C031F004B0081469246050071
:1019A00085B0240B5B0DCE0F002B00D152E1D24A43
:1019B000934200D16EE1420FE400144380221204EE
:1019C00022439046CD4AC50093469B440023994646
:1019D00000933C037B005046240B5B0DFF0F002B54
:1019E00000D11AE1C44A934200D15EE1420FE40003
:1019F0002243802424041443C04AC10094465A461A
:101A00006344D31A9B46002033007B409A464B46E2
:101A10000F2B27D8BA4A9B00D3589F46B246009B4B
:101A2000022B16D0032B00D187E2012B00D0D5E08A
:101A30000023002200251B0513435246D2071343FF
:101A40002800190005B0F0BCBB46B246A946A04626
:101A5000F0BD00220025A84BEDE7BA46A0460D00D8
:101A60000090DCE7444500D2C4E100D1BFE101238E
:101A70005B429C462E0040460025E34423020C0EA8
:101A80001C431B0C994623040A021F0C4946009272
:101A90000197FEF7E5FB02007A430B04310C804608
:101AA00019438A4207D901235B429C460919E04445
:101AB0008C4200D801E2881A4946FEF7D1FB019A10
:101AC000360442430904360C03000E43B24204D9E3
:101AD0003619013BB44200D8E9E1B01A4246009EF3
:101AE00012041A43330C1F00110C90460293130486
:101AF0003204160C32001B0C5A4303967B434E43B0
:101B00007943170CBC469B1963449E4203D9802637
:101B10007602B44661441E0C711816041B04360C80
:101B20009E19884202D312D1B54210D243465A1EA2
:101B3000009B9C4665441F009D429B415B421B19D4
:101B4000C018844200D29EE100D199E19046AE1BBC
:101B5000B542AD41401A6D42401B844200D1D2E1F2
:101B60004946FEF77DFB019A0B044243310C050008
:101B700019438A4200D96CE1881A4946FEF770FB86
:101B8000019A360442430904360C03000E43B24264
:101B900000D953E10398B61A02002D041D43029F99
:101BA0002B041B0C5A437B439C46290C4843130CC3
:101BB000844463447943984203D980204002844698
:101BC0006144180C12041B04120C40189B18864226
:101BD00000D200E100D1FBE001231D43494B5B44EF
:101BE000002B00DCAAE06A0700D03DE1E90842468C
:101BF000D20106D54246444B1A4080239046DB0072
:101C00005B44424A934200DD23E742465B055507A9
:101C100052020D43120B5B0D0DE75146214300D1DB
:101C20007CE0002C00D1FBE0200001F063FA020010
:101C30000B3A1D239B1A52460100DA4053460839DD
:101C40008B408C4019001443314B58449B468344CD
:101C50000020D9E603002343984644D0002C00D14D
:101C6000CFE0200001F046FA010002000B391D23ED
:101C70005B1A49461000D940083884400B004D4695
:101C8000234398468540234B9B1A9B460023994645
:101C900000939EE60200224390461DD108229B46F7
:101CA000022300259146009393E65146214309D132
:101CB00002234A461A43184B91469C4600240220B0
:101CC000E344A1E603234A461A43134B91469C463C
:101CD00051460320E34497E60C229B460323A0468B
:101CE0009146009375E60423994600239B460133F1
:101CF000002500936DE6C046FF07000001FCFFFFD2
:101D000000B90208FF030000FFFFFFFEFE0700000E
:101D1000F30300000DFCFFFF01F8FFFF4A4601231B
:101D20001A439146002401206EE6002380229A4641
:101D30000025884B12037EE601256D420122D21A4E
:101D4000382A00DD74E61F2A00DCBDE01F2149426D
:101D5000CB1A4146D9400B00202A04D041467E4A86
:101D60005A4491400D4329004A1E914119430723CB
:101D70001D0000220D400B4200D1D0E00F220023B5
:101D80000A40042A00D1C7E00A1D8A42894149421B
:101D90005B1811001A0200D4BEE0012300220025C6
:101DA00049E6802243461203134208D0144206D16A
:101DB00022431203BA460D00664B120B3BE680220B
:101DC000434612031A431203B246624B120B32E629
:101DD000002B00D102E7A6196A1EA64200D289E0B4
:101DE000864200D29FE000D1AFE01500F4E6A942A0
:101DF00000D93CE64346DE0758086B081E43ED0752
:101E00003CE601F077F901000200153120321C296F
:101E100000DC2CE74B46083883400025984632E723
:101E200001F068F903001A00153220301C2A00DC8A
:101E3000FFE65446083B00219C4005E73619013B6C
:101E4000B44200D9A6E6B24200D8A3E6831E3619F2
:101E5000A0E60919013D8C4200D98DE68A4200D8DE
:101E60008AE6851E091987E60F222A40042A00D136
:101E7000BCE6291DA942AD416D42C908A844B6E699
:101E8000AF4200D962E6814204D800D05EE6AE429D
:101E900000D85BE602235B429C46009BE0449C46E4
:101EA00065449D429B415B421B19C0184FE6B242FC
:101EB00000D812E6831E36190FE68A4200D8FAE5EA
:101EC000831E98460919F6E5244B28005B444146D9
:101ED0009D409940D0406B1E9D414346014329439C
:101EE000D3404A0700D155E70F220A40042A00D008
:101EF0004AE74FE71500864200D06DE6009A9A4205
:101F000000D069E66AE6164B5B44002B00DC13E761
:101F100001250021A8446AE65D075B021A0BC90887
:101F200000230D4387E50099023D4A008A42BF41E4
:101F30007F423F19F6190092DDE7802243461203E3
:101F40001A431203034B120B75E500999942EAD329
:101F50001500D3E7FF0700003E0400001E04000048
:101F6000FF030000F0B54E464546DE465746904614
:101F7000E0B517001A03120B0500844619480E033A
:101F80004C0091465A00DB0F9B46360B640DC90F7F
:101F9000520D844219D0824210D0012094420ED1B9
:101FA0004E450CD10120C44509D1594517D0002C0C
:101FB00005D130002843431E984100E00120F0BCC9
:101FC000BB46B246A946A046F0BD330001202B43D4
:101FD000F5D1A242F3D14B463B43F0D1E2E70020DA
:101FE000EDE7C046FF070000F0B54746CE460400C7
:101FF000180016001B031B0B2D4D4A00994680B597
:1020000043000F03A446B0463F0B520DC90F5B0DB2
:10201000C00FAA4221D0AB4213D0002A22D13C43A8
:10202000002B02D14D462E4322D0002C10D08142ED
:1020300022D00220013908400138C0BCB946B04660
:10204000F0BD4D462E4329D1002AF0D13C43EED1BC
:102050000028F2D101204042EFE73D0025431DD189
:102060009342EED0002BE2D14C462643DFD1E0E78D
:102070000020002CE1D0DCE79A420ADCE8DB4F4587
:10208000D7D80ED000204F45D7D20029E2D0080083
:10209000D3E74342584140000138CEE70220404296
:1020A000CBE7C445C5D80020C445C6D2EDE7C0463D
:1020B000FF070000F0B54746CE46040018001600A2
:1020C0001B031B0B2C4D4A00994680B543000F03A0
:1020D000A446B0463F0B520DC90F5B0DC00FAA427C
:1020E0000DD0AB4210D0002A27D13C43002B11D198
:1020F0004D462E430ED10020002C15D00EE03D00A1
:10210000254310D1934218D14D462E430BD1002ABE
:1021100002D13C43002C0BD0814214D00220013963
:102120000840013800E00220C0BCB946B046F0BD0E
:102130000028F9D101204042F6E7002BECD14C46B3
:102140002643E9D1EAE79A4204DD43425841400080
:102150000138E9E79A42EBDB4F45DFD806D0002093
:102160004F45E1D20029E5D00800DDE7C445D5D8C8
:102170000020C445D8D2F5E7FF070000F0B545467A
:10218000DE4657464E46E0B51F000B031B0B9B4631
:102190004D00CB0F04009146984687B06D0D00D1DD
:1021A000CDE1CE4B9D4200D1E9E15A46430FD2002A
:1021B0001343802212041A43C3009A46C84B934625
:1021C0009C4600230026654400933C037B00484660
:1021D000240B5B0DFF0F002B00D189E1BF4A934216
:1021E00019D0420FE4002243802424041443BC4A43
:1021F00000219446424663445B190193019B7A4057
:102200000133C000D2B202930A2E1CDD3A000B2E1D
:102210005ED0474656E04946B04B2143EB18019348
:1022200000292AD18020022200012B008446164377
:10223000424663447A40D2B202930A2E00DD31E274
:10224000002000240221022E26DC013E012E52D85D
:1022500002294CD0012900D018E1002300240025D8
:102260001B052343D20713432800190007B0F0BC15
:10227000BB46B246A946A046F0BD80210322090113
:102280002B008C461643424663447A40D2B20293F6
:102290000A2E00DD28E203210125B540AC46A62622
:1022A0006346F600354033420BD19026B6003342E8
:1022B00018D1B93EFF3E1E421DD0A3468246009172
:1022C00000E0170000993A00022910D05C46504601
:1022D0000329BFD180231B031C43240305007F4B2C
:1022E000240BBDE7802400227C4B2403B8E70024A4
:1022F00000257A4BB4E753461E04360C1F0C3300FE
:10230000010C0004000C4343984603007B439946AC
:1023100033004B439C4643460D001B0C9A467D43BD
:10232000CC44D4440095E14504D980235B0299460E
:102330004D44009563461B0C1D0063461B049C46E0
:1023400043461B041B0C9846634643440393230CEB
:10235000984633002404240C63439C4623007B43AB
:10236000994643465E435F434E446346B2461E0C65
:102370005644B14503D980235B0299464F44330C40
:1023800099463B004B4405936346AC461F043F0C03
:102390003604F619B444634604935B461B0C9C4612
:1023A0005B461F043F0C3B0043439946634643434F
:1023B0009A464B4660461B0C9B4648437943514422
:1023C00059448A4503D980235B029A4650440B0C3A
:1023D0009A464B461B041B0C99463B006343090479
:1023E00045464944994663465C436B439C464B468D
:1023F0001B0C98466F433F1947445044BC4203D9D5
:1024000080235B029846C444049B009D9846454443
:10241000B542B641734298464B461E04059B3C04A8
:102420009946360CA4194C44A14683466E18C14403
:102430008E428941CB445D4649426D189C42A4417D
:10244000C1459B41834580418D4289415B42644245
:102450001C434042039B4942014370023F0C184316
:10246000E419471EB84164186444F60D6102304314
:10247000EC0D6E020C433043C90100D4F1E00121A0
:10248000430801400B43E007184364081549029BC9
:102490008C466344002B00DC97E0410709D00F21F4
:1024A0000140042905D0011D814280414042241889
:1024B0000800E10106D58021C9008C460A4B1C406A
:1024C000029B634409498B4200DD10E76107C508A0
:1024D00064025B050D43240B5B0DC1E6FF070000A2
:1024E00001FCFFFFFF030000FFFFFFFEFE070000EF
:1024F0004B46234359D0002C00D1A3E0200000F02C
:10250000F9FD010003000B391D22521A494618003B
:10251000D1404A4608388240844010000C43744A37
:10252000EB1A9446424663440193019B7A4001337F
:102530000021D2B202930A2E00DD67E683E65B46F5
:1025400003439A462AD05B46002B6DD0584600F0D4
:10255000D1FD010003000B391D22521A2100180081
:102560005D46D140083885400A0084402A4393469E
:10257000A2465F4D0026ED1A0023009325E65B4638
:1025800003439A4605D100239B4602330826009355
:102590001BE6032382460C26009316E600239B4687
:1025A00001330426002500930FE6424601330195CE
:1025B0001E43019B7A400133002400200121D2B246
:1025C00002930A2E00DD21E63DE60121C91A3829D1
:1025D00000DD42E61F2947DD1F2625007642F31A5B
:1025E000DD402B00202905D04249029D8C466544E0
:1025F000AC402043411E8841184307231D0000249E
:10260000054003424AD00F2300240340042B42D04C
:10261000031D8342804140422418180023023AD50A
:102620000123002400251BE600F064FD01000300E7
:10263000153120331C298FDD083800228440924652
:10264000A34696E700F056FD010003001531203344
:102650001C2900DC58E702004C46083A0020944050
:102660005DE7019B029311E7234B26009C46030084
:10267000029DCB406544AE401E430300AB40581E54
:10268000834130001843CC404307C7D00F23034099
:10269000042BBDD1C2E765076402240BC0080023E8
:1026A0000543DDE5002502230F2E0CD180245B4677
:1026B000240323420ED021420CD10C4324033A00C0
:1026C0000E4B240BCCE50B2E00D0A2E58B46AA4680
:1026D0000093F7E580245B4624031C432403424611
:1026E0005546064B240BBBE54D4621000323DBE793
:1026F0000DFCFFFF3E0400001E040000FF07000069
:10270000F0B557464E464546DE46E0B50D0004009E
:10271000190010002B035B0A620F1A43E3000C033D
:10272000640A470F2743D04C6E00914683B04A009D
:10273000C0009846A246760DED0F520DC90F0190CC
:10274000A24200D1B9E0012461408B468D4200D104
:102750008DE0B41AA446002C00DCB7E0002A00D1BA
:10276000CBE0C14A964200D186E180221204174391
:102770006246382A00DDA4E11F2A00DD1DE2614621
:1027800020223C00521A010090409440421E904189
:102790006246A0466446D7404A46E1404446D21BC2
:1027A00091460C4304431C1BA34292414B465242A8
:1027B0009B1A9A4653461B0200D42BE153465A02F9
:1027C000530A9A465346002B00D166E1504600F06A
:1027D00091FC0300083B20222000D21A5146D04031
:1027E000994002009C400A439E4200DD64E19B1B2D
:1027F000591C1F2900DDFEE02023100026005B1A73
:102800009C409840CE40CA40631E9C413043924653
:1028100000260443630709D00F232340042B05D06F
:10282000231DA342A4416442A2441C0053461B0240
:1028300000D4F2E08C4B01369E4200D10FE15346AA
:102840008A49E4080B4019005B07234372054C02D8
:10285000240B520D12052243ED072A4318001100E4
:1028600003B0F0BCBB46B246A946A046F0BDB41AC0
:10287000A446002C59DD002A00D1B0E0564500D115
:10288000FAE08022120417436246382A00DDD4E0C1
:102890001F2A00DCC0E13900203AD1406246202ADC
:1028A00006D064464022121B3C009440044301942D
:1028B000019C621E94410C43C3E03C0004432BD0B6
:1028C0008B468D422ED06A4CA446B4446446002CFC
:1028D0005FD0941BA446002E00D020E14C461C4340
:1028E00000D1C7E161464C1E012900D123E25E4DB3
:1028F000AC4500D1D8E1A4461AE13A00024300D128
:10290000E4E02200013A012C00D1C3E156498C4297
:1029100000D1B1E094462BE7012461408B468D4203
:1029200000D016E752498C46B4446446002C00D1CE
:10293000D3E0911B8C46002E00D15EE14A498A42C9
:1029400000D1BEE180214C4609040C43A1466146FA
:10295000382900DDBAE11F2900DD27E22024641AAE
:102960004946A1401E0088466146A340CE404146EC
:102970005C1EA341314319430C0063464946D940CC
:102980007F18241884429B415B429A461600BA4441
:102990005DE0384C721C224200D0DFE04A461A4308
:1029A000002E00D05CE1002A00D1CFE13A000243C2
:1029B00000D17FE11C1A4A46A3428941D21B4942F9
:1029C000521A9246120200D40AE2C41AA04280416E
:1029D0004B464042FF1A3B1A9A465D461AE73A00B8
:1029E000024373D02200013A012C00D1CBE05445C0
:1029F00042D0944648E710001F3BD840202903D01E
:102A000040235B1A9A401443631E9C410023002616
:102A10009A460443630700D0FEE65246E308520795
:102A200013435246B446D2080F498C452AD01203AC
:102A3000140B62465205520D0CE73C000443621E23
:102A40009441E4189C42924152424A449246534671
:102A50001B02DFD5044B01369E4200D0A0E03200BD
:102A600000240023F6E6C046FF070000FFFF7FFFBB
:102A700001F8FFFFFE070000DB084A465207134338
:102A80004A46D2081900114300D1B5E1802424033D
:102A900014432403D54A240BDCE6200000F02AFB73
:102AA000030018331F2B00DC95E622000838824013
:102AB00000249E4200DC9AE6F61ACD4B1A4092465C
:102AC000A8E63C000443621E94416CE64A46DB08DB
:102AD000520713434A46D208A6E7C64C721C22424C
:102AE00000D0ACE04A461A43002E00D005E1002A8F
:102AF00000D156E13A00024300D1DBE01C189C42B1
:102B00009B414F44BA465B429A4453461B0200D451
:102B100080E75246B64B01261A4092467AE7B34CFC
:102B2000A24200D1C0E080244D4624042543A9469A
:102B30006446382C53DC61461F2C00DDCDE0202597
:102B40001E002D1B4C46AB40AC40CE405D1EAB4141
:102B5000344323434C46CC403F1B45E04A461C1AB5
:102B6000D11BA3429241524292460A005146521A48
:102B70009246120200D583E05346234300D021E65B
:102B80000022002553E71C189C429B414F44BA4643
:102B90005B429A44534601261B0200D43AE70226C0
:102BA0005246934B01211A401300214062080A4308
:102BB000DC075B089A4614432CE63900203AD140E2
:102BC0006246202A06D064464022121B3C009440F4
:102BD00004430194019C621E94410C43E3E5494681
:102BE00019430B005C1EA341C41AA0429B415B42E7
:102BF000FB1A9A465D461600DCE54946194300D1AA
:102C0000AEE0614664460139012C00D1E0E0774C2A
:102C1000A44556D08C469AE6614620223C00521AC2
:102C2000944001009040A0466446421E9041624696
:102C3000E1404446D7400C430443B94401E76B49A3
:102C40008A4200D10CE7181898429B414F445B42DE
:102C5000FB18DC0740085B089A4616000443D9E6D7
:102C6000002A00D081E03B0003431DD180220025D3
:102C700012030BE7C0087B075D460343FA08D3E65F
:102C8000C41AA04280414B464042FF1A3B1A9A4662
:102C90005D4697E51C1A4A46A3429B41D71B5B42FF
:102CA000FB1A9A46012685E5C0087B075D4603436B
:102CB000FA08E7E64A46DB08520713434A46D208B9
:102CC000B5E6C0087B070343FA08DBE6494619432B
:102CD0000B00591E8B411C0053E64D46203CE5403D
:102CE000202905D04024641A4946A1400B43984648
:102CF00043465C1EA3412B4376E7002AE1D03A000D
:102D0000DB08024300D1B8E64A4652078024134349
:102D10004A462403D208224207D0FE08264204D1A4
:102D20005D463200C3087F073B43590FDB0049076C
:102D3000DB080B43A6E6C41AA04280414B46404242
:102D4000FF1A3B1A9A465D46012633E53B000343D2
:102D500000D115E7C0087B075D460343FA0866E625
:102D6000C0087B070343FA085EE63A00DB0802432B
:102D700000D182E64A465207802413434A46240380
:102D8000D208224207D0FE08264204D15D46320016
:102D9000C3087F073B43590FDB00DB0849070B43A0
:102DA00070E6C0087B070343FA0840E64C4620392A
:102DB000CC406146202906D066464021891B4E46FC
:102DC0008E40334398464346591E8B411C43D8E5F9
:102DD0001C18844280414F44BA4640428244D9E69E
:102DE0005346234300D1CBE614E6C046FF0700005C
:102DF000FFFF7FFFFE0700000023014A1C0029E5BA
:102E0000FF07000070B505000C481C0316005B00AE
:102E10000A034900120B490D240B5B0D814208D0B7
:102E2000064A0020934203D120003043431E9841BC
:102E300070BD01202A43FBD1F2E7C046FF07000026
:102E40000A0030B5134C530009030500090B00209C
:102E50005B0DD20FA34204DD0F48834202DD0F4B0E
:102E6000D01830BD8020400301430D48C01A1F28F0
:102E700008DD0C48C31AD9400B005842002AF0D193
:102E80001800EEE7084CC540A446634499400B0087
:102E90002B43F2E7FE0300001D040000FFFFFF7F4D
:102EA0003304000013040000EDFBFFFF70B50028A1
:102EB00016D0C317C5185D40C40F280000F01AF9DA
:102EC000114B1B1A0A2816DC02002E001532964000
:102ED0000B22121AD5405B052D032D0B5B0D03E071
:102EE00000240023002500261B052B43E407234371
:102EF0003000190070BD0B3885405B052D0300269E
:102F00002D0B5B0DF0E7C0461E04000010B5041E3B
:102F100010D000F0EFF80F4B1B1A0A2811DC0B221F
:102F20002100121AD14015300A035B058440120BB0
:102F30005B0D01E0002300221B0513432000190054
:102F400010BD22000B3882405B0512030024120BD7
:102F50005B0DF1E71E04000070B542024300C40F90
:102F6000FE201B0E591C550A08420CD0E021890096
:102F70008C466D07120B63441B051343E407234380
:102F80002800190070BD002B14D1002D1BD0280083
:102F900000F0B0F80A281CDC0B232A001B1ADA40C8
:102FA000030015339D400E4B12031B1A5B05120BD9
:102FB0005B0DE1E7002D09D0130B802212031A43A9
:102FC0006D07084BD8E700230022D5E70022054B08
:102FD000D2E703002A000B3B9A400025E3E7C046F6
:102FE00089030000FF0700000200F0B54B000D034D
:102FF000400F5B0DCC0F6D0A3A490543581CD700B2
:1030000008420AD038495918FE2916DDFF2000224F
:10301000C0051043E4072043F0BD002B06D13D431B
:1030200026D005229201520AD8B2F1E72F43EDD003
:103030008022D203FF202A43EAE700291BDD920108
:10304000501E8241ED007F0F2A433A43530747D079
:103050000F231340042B00D004328023DB041340E1
:103060003ED0481CFE29D1D09201520AC0B2CFE70F
:1030700000200022CCE70A0017322FDB802636041E
:103080002E431E256D1A1F2D11DD02225242521AA7
:103090003100D140202D04D0144A944663449E4010
:1030A00037433A00531E9A410A430021CEE7104AA3
:1030B00038009446634498403A00411E88419E403F
:1030C000EA403043024300215307C1D1802113005D
:1030D000C90401200B400A42C6D1A3E70023A0E7A0
:1030E0000B009FE7FE07000080FCFFFFA2FCFFFF34
:1030F00082FCFFFF1C2101231B04984201D3000C1A
:1031000010391B0A984201D3000A08391B0998425A
:1031100001D30009043902A2105C40187047C04670
:103120000403020201010101000000000000000090
:1031300010B5002903D1FFF7DDFF203002E00800C1
:10314000FFF7D8FF10BDC04680B500AFBFF34F8F6B
:10315000C046044B044ADA60BFF34F8FC046C046F6
:10316000FDE7C04600ED00E00400FA0580B582B03E
:1031700000AF0200FB1D1A70FB1D1B78112B23D022
:10318000FB1D1B78052B1FD0FB1D1B78192B1BD09B
:10319000FB1D1B78172B17D0FB1D1B780F2B13D093
:1031A000FB1D1B781B2B0FD0FB1D1B78182B0BD086
:1031B000FB1D1B780E2B07D0FB1D1B78132B03D098
:1031C000FB1D1B78062B01D1462300E04723180086
:1031D000BD4602B080BD000080B582B000AF0200E5
:1031E000FB1D1A70FB1D1B785A1E044B16214A4307
:1031F000D35ADBB21800BD4602B080BD140E0020C9
:10320000F0B587B000AFB96011007B600F257B1966
:10321000021C1A700C26BB190A1C1A801523FC18F4
:1032200028220823D318DB191B781800FFF7D4FFD6
:103230000300237017243B1901221A707B191B7895
:10324000180014F027FD031E4CD07B191A782A4B66
:103250009200D3587A681100180014F019FF031E69
:1032600040D11523FB181B781800FFF77FFF0300E0
:10327000472B0ED17B191B78180014F00BFD3C195D
:10328000BB191A88BB6819001CF0F4F903002370FD
:1032900028E01623FB1800221A701AE00F23FB18EF
:1032A0001B78180014F0F6FC1723FC18BB680122E9
:1032B00019001CF0DFF903002370BB680133BB6009
:1032C000022018F095F916217B181A787B18013224
:1032D0001A701623FB181B789BB20C22BA1812889E
:1032E0009A42DBD80A2018F083F91723FB181B78C1
:1032F0001800BD4607B0F0BDC01A002080B500AF71
:1033000000F012F800F08EF800F0C0F800F02AF992
:1033100000F0B8F900F0C4FA00F0F2FB00F066FD2E
:10332000C046BD4680BD000090B583B000AF3B1DD8
:1033300000221A70BB1D02221A80BB1C00221A80B8
:10334000334ABB1C12881A80BB1C1B88314A93422B
:1033500007D1314B01221A70304B00221A70FA2328
:1033600051E0BB1C1B881B0A9BB2DAB22A4B1A70B5
:10337000294B1B78002B02D1274B01221A70BB1C52
:103380001B88DAB2254B1A707B1D01221A7032E0BD
:103390007B1C00221A7024E0BB1D1B881C4A94462B
:1033A000634419007B1D1B785A1E7B1C1B78DBB203
:1033B0001C000B8898B21A4913009B009B185B00F5
:1033C0009B181B195B00021C5A52BB1DBA1D1288A8
:1033D00002321A807B1C1B78DBB20133DAB27B1C11
:1033E0001A707B1C1B78DBB20A2BD5D97B1D1A788F
:1033F0007B1D01321A70084B1B787A1D12789A4295
:10340000C6D93B1D1B781800BD4603B090BDC04611
:1034100000000408FFFF000084000020580D002079
:10342000140E002080B582B000AFFB1D00221A7080
:10343000BB1D01221A7019E0BB1D1B789BB2013322
:1034400098B2BB1D1B78013B5A000E4BD3181900D4
:1034500011F0A2F8BB1D1B78192B02D9FB1D0A2203
:103460001A70BB1D1A78BB1D01321A70064B1B78EF
:10347000BA1D12789A42DFD9FB1D1B781800BD4691
:1034800002B080BD9C3C00208400002090B583B039
:1034900000AFFB1C00221A70BB1D00221A803B00EB
:1034A00000221A807B1D00221A704BE03B1D012276
:1034B0001A7033E0BB1D1B881C339BB23A0011000D
:1034C000180011F069F83B0018887B1D1A783B1D25
:1034D0001978C4B2214813009B009B185B00C318E5
:1034E000221C5A543B001B881B0A98B27B1D1A7879
:1034F0003B1D1B78591EC4B2184813009B009B1833
:103500005B00C318221C5A54BB1D1A88BB1D013214
:103510001A803B1D3A1D127802321A703B1D1B782F
:10352000092BC7D97B1D1A780C4913009B009B18E7
:103530005B00CB18093300221A707B1D1A787B1DA3
:1035400001321A70064B1B787A1D12789A42ADD957
:10355000FB1C1B781800BD4603B090BD88100020EE
:103560008400002090B583B000AFFB1C00221A70CD
:10357000BB1D00221A803B0000221A807B1D002206
:103580001A707B1D00221A7015E0BB1D1B88CB33FF
:1035900098B27B1D1B785A00374BD318190010F0D6
:1035A000FBFFBB1D1A88BB1D01321A807B1D1A78D8
:1035B0007B1D01321A70314B1B787A1D12789A42AA
:1035C000E3D37B1D00221A704BE03B1D01221A70D1
:1035D00033E0BB1D1B8899339BB23A0011001800E1
:1035E00010F0DAFF3B0018887B1D1A783B1D197814
:1035F000C4B2234813009B009B185B00C318221C15
:103600005A543B001B881B0A98B27B1D1A783B1D3D
:103610001B78591EC4B21A4813009B009B185B000C
:10362000C318221C5A54BB1D1A88BB1D01321A80B4
:103630003B1D3A1D127802321A703B1D1B78092B74
:10364000C7D97B1D1A780E4913009B009B185B009D
:10365000CB18093300221A707B1D1A787B1D0132AA
:103660001A707B1D1B78092BAFD9FB1C1B78180027
:10367000BD4603B090BDC046B411002084000020B8
:10368000B00D0020F0B589B002AF0B23FB1800226B
:103690001A703B1D00221A80BB1C00221A800821D0
:1036A0007B1800221A80BB1D00221A801726BB1926
:1036B00000221A7000233B610023FB600D007C1880
:1036C0003B1D1900E42010F067FF030023807B19E5
:1036D0001B88002B03D13B1D1A88BB191A700825C3
:1036E0007C193B1D1900E52010F056FF03002380D4
:1036F000BC1DBB1C1900E62010F04EFF0300238008
:103700007B191B88002B0AD1BB1D1B88002B06D1FF
:103710003B1D1B881B04BA1C12889B183B610825A3
:103720007C193B1D1900E72010F036FF03002380B1
:10373000BC1DBB1C1900E82010F02EFF03002380E5
:103740007B191B88002B0AD1BB1D1B88002B06D1BF
:103750003B1D1B881B04BA1C12889B18FB600825A4
:103760007C193B1D1900E92010F016FF030023808F
:103770007B191B88002B0BD13B1D1B881B0A9BB29E
:10378000DAB2414B1A703B1D1B88DAB23F4B1A70FC
:1037900008257C193B1D1900EA2010F0FDFE0300EE
:1037A00023807B191B88002B0BD13B1D1B881B0A18
:1037B0009BB2DAB2364B1A703B1D1B88DAB2354B1E
:1037C0001A7008257C193B1D1900EB2010F0E4FE4F
:1037D000030023807B191B88002B0BD13B1D1B880A
:1037E0001B0A9BB2DAB22C4B1A703B1D1B88DAB253
:1037F0002A4B1A70244B1B78002B11D0234B1B78BB
:10380000002B0DD0204B1D78204B1B78FC683969AC
:103810001722BA18107800932B00220007F0CCFB77
:103820001B4B1B78002B11D01A4B1B78002B0DD093
:10383000174B1D78174B1B78FC6839691722BA188B
:10384000107800932B00220007F0B6FB124B1B7878
:10385000002B11D0114B1B78002B0DD00E4B1D7877
:103860000E4B1B78FC6839691722BA181078009340
:103870002B00220007F0A0FB0B23FB181B7818007D
:10388000BD4607B0F0BDC046891300208A13002052
:103890008B1300208C1300208D1300208E1300202A
:1038A000F0B585B000AF0F23FB1800221A700C266C
:1038B000BC1908257A198A235B001100180010F042
:1038C0006BFE03002380BB191B88002B0CD17B19D6
:1038D0001B88DAB2854B1A707B191B881B0A9BB2B6
:1038E000DAB2824B5A7007E0814B1A787F4B1A701C
:1038F0007F4B5A787D4B5A700C26BC1908257A19D3
:103900008E235B001100180010F046FE0300238098
:10391000BB191B88002B0ED17B191B881BB29BB2D5
:10392000DB0BDAB2714B1A717B191B885B089AB2F8
:103930006E4BDA8007E06E4B1A796C4B1A716C4B48
:10394000DA886A4BDA800C257C190826BA19162306
:10395000FF331100180010F01FFE030023807B19B5
:103960001B88002B04D1BB191A88624B1A8003E014
:10397000614B1A885F4B1A800C257C190826BA19EE
:103980008B235B001100180010F006FE030023805B
:103990007B191B88002B04D1BB191A88554B5A8000
:1039A00003E0554B5A88534B5A800C26BC19082506
:1039B0007A191823FF331100180010F0EDFD0300F1
:1039C0002380BB191B88002B0CD17B191B88DAB212
:1039D000484B1A717B191B881B0A9BB2DAB2454B04
:1039E0005A7107E0444B1A79424B1A71424B5A798B
:1039F000404B5A710C257C190826BA198C235B00A0
:103A00001100180010F0C8FD030023800A23FC18E1
:103A1000BA1D1A23FF331100180010F0BDFD03007A
:103A200023807B191B88002B0ED10A23FB181B88CF
:103A3000002B09D1BB191B881A00BB1D1B881B0456
:103A40001A432C4B9A600CE02C4B1B78002B04D0B3
:103A5000284BE12252029A6003E0274B9A68254BDB
:103A60009A600C26BC1908257A198D235B00110079
:103A7000180010F091FD03002380BB191B88002B58
:103A80000CD17B191B88DAB21A4B1A737B191B886D
:103A90001B0A9BB2DAB2174B5A7305E0154B18227A
:103AA0005A73144B00221A730C257C190826BA1974
:103AB0001C23FF331100180010F06EFD030023805B
:103AC0007B191B88002B05D1BB191B88DAB2094B67
:103AD0009A7603E0084B9A7E064B9A760F23FB18E2
:103AE0001B781800BD4605B0F0BDC046300D002063
:103AF0001C000020380D002000000020881300204A
:103B0000F0B5D6464F464646C0B588B006AFBB1D99
:103B100000221A703B0000221A803B1D00221A80EE
:103B2000FB1C00221A70FB1D00221A704CE1FB1DC9
:103B30001B783B339BB29B009BB23C1D3A001100AB
:103B4000180010F029FD030023803B1D1B88002B6B
:103B500000D034E13B001B881B0A9AB2FB1C1A7090
:103B6000FB1C1B781B09DBB21A00FB1D1B78013301
:103B70009A4200D023E1FB1C1B780F22134000D196
:103B80001DE1FB1D1B785A1CFB1C1B780F210B40F1
:103B9000D8B295491300DB009B18CB180133021CE7
:103BA0001A703B001988FB1D1B785A1CC8B28E493D
:103BB0001300DB009B18CB180833021C1A70FB1D86
:103BC0001B783B339BB29B009BB201339BB23A0004
:103BD0001100180010F0E0FC3B001B881B0A99B292
:103BE000FB1D1B785A1CC8B27F491300DB009B18D1
:103BF000CB180233021C1A703B001988FB1D1B787E
:103C00005A1CC8B278491300DB009B18CB18053347
:103C1000021C1A70FB1D1B783B339BB29B009BB2AE
:103C200002339BB23A001100180010F0B5FC3B00C3
:103C30001B881B0A99B2FB1D1B785A1CC8B26A4923
:103C40001300DB009B18CB180333021C1A703B00D7
:103C50001988FB1D1B785A1CC8B263491300DB008E
:103C60009B18CB180633021C1A70FB1D1B783B33C4
:103C70009BB29B009BB203339BB23A001100180029
:103C800010F08AFC3B001B881B0A99B2FB1D1B78B5
:103C90005A1CC8B254491300DB009B18CB180433DC
:103CA000021C1A703B001988FB1D1B785A1CC8B2F5
:103CB0004D491300DB009B18CB180733021C1A7008
:103CC000FB1D1B785A1C48491300DB009B18CB18BE
:103CD00001331A78FB1D1B780133DBB21900100089
:103CE00011F00EFEFB1D1B780133DBB29C46FB1D61
:103CF0001B785A1C3C491300DB009B18CB18083377
:103D00001B7801221340DBB29846FB1D1B785A1C1E
:103D100035491300DB009B18CB1808331B785B1068
:103D2000DBB201221340DBB29946FB1D1B785A1C03
:103D30002D491300DB009B18CB1802331B789A46E1
:103D4000FB1D1B785A1C28491300DB009B18CB185D
:103D500003331978FB1D1B785A1C23481300DB0022
:103D60009B18C31804331878FB1D1B785A1C1E4C73
:103D70001300DB009B18E31805331C78FB1D1B7830
:103D80005A1C194D1300DB009B18EB1806331D78E5
:103D9000FB1D1B785A1C144E1300DB009B18F318F4
:103DA00007331B7800220592049303950294019037
:103DB000009153464A464146604611F0CFFFFB1D35
:103DC0001A78FB1D01321A70FB1D1B78032B00D8DB
:103DD000ADE6BB1D1B781800BD4602B0E0BCBA467C
:103DE000B146A846F0BDC046F439002090B585B074
:103DF00000AF0F23FB1800221A706F4BBB603220FC
:103E00001EF0A0F903003B603B68002B01D1FB23AF
:103E1000CEE0BB681B78FE2B01D0FF23C8E0FB1D62
:103E200000221A70B8E00F23FB1800221A7010E06D
:103E3000BB685A1CBA6019000F203B181B783A68FF
:103E4000D3180A78D2B21A703B181A783B1801328C
:103E50001A700F243B191B78132BE9D9FB1D1A7814
:103E600013009B009B189B00544A98183B68013331
:103E7000142219001FF0CDFE3B6814220021180007
:103E80001FF09BFD3B1900221A70BB681433BB6006
:103E90000FE0BA680F203B181B783968CB181278EE
:103EA0001A70BB680133BB603B183A1812780132B4
:103EB0001A70BB681B78FE2B08D0BB681B78FF2BE1
:103EC00004D00F23FB181B78312BE2D90F217B186C
:103ED0001B78013B3A68D3181B78002B04D07B1861
:103EE0007A18127801321A700F23FB181A78FB1D0A
:103EF0001C7810001EF026F9030019002F4A230039
:103F00009B001B199B00D3180C331960FB1D1A78FA
:103F10002A4913009B009B189B00CB180C331B688D
:103F2000002B12D1FB1D1A7813009B009B189B00DD
:103F3000224A9B181422002118001FF03EFD3B6806
:103F400018001EF009F90E2332E0FB1D1A781B49F8
:103F500013009B009B189B00CB180C3318680F2490
:103F60003B191A783B6819001FF053FE144B1B785D
:103F70000133DAB2124B1A703B191A783B680021F0
:103F800018001FF01AFDBB681B78FE2B0AD1FB1D21
:103F90001A78FB1D01321A70FB1D1B78042B00D808
:103FA00041E700E0C0463B6818001EF0D5F800234A
:103FB0001800BD4605B090BD00100408E8130020AD
:103FC0004C14002080B582B000AFFB1D00221A7097
:103FD000BB1D01221A7021E0BB1D1B785A1E154B18
:103FE0005200D35A002B0DD0BB1D1B789BB201335E
:103FF00098B2BB1D1B785A1E0E4B5200D35A1900A3
:1040000010F02AFBBB1D1B78192B02D9FB1D0A22BD
:104010001A70BB1D1A78BB1D01321A70064B1B7833
:10402000BA1D12789A42D7D9FB1D1B781800BD46DD
:1040300002B080BD9C3C00208400002090B583B07D
:1040400000AFFB1C00221A70BB1D00221A803B002F
:1040500000221A807B1D00221A7048E07B1D1A780E
:10406000294913009B009B185B005B5C002B39D037
:104070003B1D01221A7031E07B1D1A783B1D1B7815
:10408000591E214813009B009B185B00C3185B5C02
:104090009BB21B0299B27B1D1A783B1D18781A4CF3
:1040A00013009B009B185B00E3181B5C9AB23B005B
:1040B0008A181A80BB1D1B881C339AB23B001B88D0
:1040C0001900100010F0C8FABB1D1A88BB1D013280
:1040D0001A803B1D3A1D127802321A703B1D1B7864
:1040E000092BC9D97B1D1A787B1D01321A70074B29
:1040F0001B787A1D12789A42B0D9FB1C1B781800E5
:10410000BD4603B090BDC04688100020840000204A
:10411000F0B587B000AFB9607A6019000F243B1981
:10412000021C1A700E257B190A1C1A701726BB195F
:1041300000221A703B191B789BB21900E42010F082
:104140008BFABB681B0A9BB21900E52010F084FAB9
:10415000BB689BB21900E62010F07EFA7B681B0A50
:104160009BB21900E72010F077FA7B689BB2190028
:10417000E82010F071FA7B191B789BB21B029AB2EF
:10418000202310241B19DB191B789BB2D3189BB278
:104190001900E92010F060FA24231B19DB191B78A1
:1041A0009BB21B029AB228231B19DB191B789BB206
:1041B000D3189BB21900EA2010F04EFA2C231B19D9
:1041C000DB191B789BB21B029AB230231B19DB1937
:1041D0001B789BB2D3189BB21900EB2010F03CFA6D
:1041E000BB191B781800BD4607B0F0BD80B582B082
:1041F00000AFFB1D00221A70384B5B785B011AB2CE
:10420000364B1B781BB213431BB29AB28A235B0056
:104210001100180010F020FA304B1B79DB031AB2A2
:104220002E4BDB881BB213431BB29AB28E235B006A
:104230001100180010F010FA294B1A881623FF33CA
:104240001100180010F008FA254B5A888B235B00E8
:104250001100180010F000FA214B5B791B021AB212
:104260001F4B1B7B1BB213431BB29AB21823FF33A5
:104270001100180010F0F0F9194B9B689AB28C23CA
:104280005B001100180010F0E7F9154B9B681B0C40
:104290009AB21A23FF331100180010F0DDF9104B09
:1042A0005B7B1B021AB20E4B1B791BB213431BB272
:1042B0009AB28D235B001100180010F0CDF9084B65
:1042C0009B7E9AB21C23FF331100180010F0C4F932
:1042D000FB1D1B781800BD4602B080BD300D0020CC
:1042E000380D002080B582B000AFFB1D00221A708F
:1042F0001B4B3422002118001FF05FFBBB1D012265
:104300001A7021E0BB1D1B785A1E154B5200D35A60
:10431000002B0DD0BB1D1B789BB2013398B2BB1D87
:104320001B785A1E0E4B5200D35A190010F094F904
:10433000BB1D1B78192B02D9FB1D0A221A70BB1D4D
:104340001A78BB1D01321A70064B1B78BA1D127801
:104350009A42D7D9FB1D1B781800BD4602B080BD1C
:104360009C3C00208400002080B500AF074B1B68F8
:10437000074A934206D010F0A1F9031E02D1034B65
:10438000034A1A60C046BD4680BDC046F07F00208B
:10439000ADDEEFBEB0B58EB002AF1423F8180A251B
:1043A0007A191823F9180823FB1800930300012039
:1043B00010F06AFD0C23F818BA1D1023F9183B1DE4
:1043C00000930300022010F05FFD1C217B180122E6
:1043D0005A607B1800229A607B191B881A007B1890
:1043E0001A60BB691A000C007B181900100019F044
:1043F000CBF821007B1800225A607B1802229A60B9
:104400003B1D1B881A007B181A60FB681A007B187A
:104410001900100019F0B8F8BB6918007B191B8847
:104420000022190019F011FB052013F0E3F8FB68D6
:104430001A003B1D1B881900100019F0E9FA031E31
:1044400017D1BB6918007B191B880122190019F0CC
:10445000FCFA052013F0CEF8FB681A003B1D1B8800
:104460001900100019F0D4FA0300012B01D1012327
:1044700000E000231800BD460CB0B0BD90B585B07B
:1044800000AF78600F23FB1800221A701CE00F2485
:104490003B191A78114913005B009B189B00CB183D
:1044A00008331A687B6811001800FBF72DFE031E05
:1044B00004D13B191B780133DBB20BE00F217B18D1
:1044C0001A787B1801321A700F23FB181B78002B07
:1044D000DDD000231800BD4605B090BDC801002006
:1044E00080B584B000AF78600F23FB1800221A70EB
:1044F00041E0264A7B6811001800FBF705FE031E09
:1045000001D101233DE0224A7B6811001800FBF72E
:10451000FBFD031E01D1022333E01E4A7B6811001C
:104520001800FBF7F1FD031E01D1032329E01A4A0D
:104530007B6811001800FBF7E7FD031E01D104237F
:104540001FE0164A7B6811001800FBF7DDFD031E13
:1045500001D1052315E0124A7B6811001800FBF712
:10456000D3FD031E01D106230BE00F217B181A781F
:104570007B1801321A700F23FB181B78052BB8D952
:1045800000231800BD4604B080BDC046488D020817
:104590004C8D0208508D0208548D0208588D020877
:1045A0005C8D020880B582B000AF12F085FD12F07C
:1045B0003FFF0FF0AFFC10F055FB0FF0A7F812F023
:1045C0007FFF0FF0C3FB12F0B5FF10F0AFFB031E2F
:1045D00003D0FFF7C9FEFEF7B7FDFFF7DBFE031EB2
:1045E00021D03D4B01221A70322013F003F80DF058
:1045F00091FD3A4BE12252029A60FB1D01221A7092
:104600000CE0364B9A68FB1D1B781100180013F064
:1046100021FBFB1D1A78FB1D01321A70FB1D1B7854
:10462000032BEED904E0322012F0E4FF0DF072FD0E
:10463000FEF764FE13F04CFC0FF0F4F8284B1B78E7
:10464000002B15D180231902A023DB0501221800BD
:1046500019F0FBF9FA235B00180012F0CBFF80235E
:104660001902A023DB050022180019F0EEF92AE058
:1046700080231902A023DB050122180019F0E5F9B7
:10468000FA235B00180012F0B5FF80231902A02363
:10469000DB050022180019F0D8F9642012F0AAFFF7
:1046A00080231902A023DB050122180019F0CDF99F
:1046B000642012F09FFF80231902A023DB05002253
:1046C000180019F0C2F906F06FF8064B01221A70B3
:1046D000C046BD4602B080BD88130020380D0020C2
:1046E000580D00200113002080B500AF16F0FAFE2F
:1046F0000DF04CF9FFF756FF06F06EF813F086FC4C
:10470000C046BD4680BD000080B586B002AF020045
:10471000FB1D1A700E23FB1800221A700F23FB18C2
:1047200001221A7028E00F217A18FB1D12781B78DD
:104730009A421BD0164B1B881B0A9BB2DAB2154B50
:104740001A70134B1B88DAB2124B5A70114B7A183D
:1047500012789A707B181878032300930A2300229A
:10476000002106F0C9FE0A2013F058FC0F217B1827
:104770001A787B1801321A700F23FB181B78032B51
:10478000D1D90E23FB181B781800BD4604B080BD9C
:1047900024000020CC120020F0B58DB000AF1F2304
:1047A000F918087069460E0013211823CB18D9197F
:1047B0000020087017211823CB18D9190020087081
:1047C00016211823CB18D91900200870152018239A
:1047D000C318D9190020087014201823C318D91938
:1047E00000200870D54909780800013878623961DD
:1047F000002078613A697B691000400F3A617B6163
:10480000DD0005433B69DC003960002078603C68CE
:104810007D682300580F2B00DB00FB60FB6803431F
:10482000FB602300DB00BB600B000733DB08DB0011
:104830006A46D31A9D466B4600333B621621182305
:10484000CB18DB1900221A7018E016201823C318A1
:10485000DB191B783A6A0021D1541823C318DB19DD
:104860001A78B74B52000021D1521823C318DB1914
:104870001A781823C318DB1901321A70AF4B1B7852
:10488000162218215218D21912789A42DDD3152116
:104890001823CB18DB1918228A18D2191278013282
:1048A0001A701F23FB181B78013B3A6A0800182472
:1048B0000919C9190978D1541823C318DB1918220A
:1048C0008218D219127801321A70172318229B18F5
:1048D000DB1901221A7054E01F23FB181B785A1EA3
:1048E00017241823E318DB191878964913009B0046
:1048F0009B185B009B181B185B005B5A002B36D083
:104900001F23FB181B785A1E8D4B5200D35A1AB224
:1049100020001823C318DB191B78013B01219940A3
:104920000B001BB2134319B21F23FB181B785A1E2E
:1049300089B2834B5200D1521F23FB181B785A1E99
:104940001823C318DB1918787E4913009B009B18A5
:104950005B009B181B185B005B5ADB089BB2013B9A
:104960003A6A152118200918C9190978D154172154
:104970001823CB18DB191A781823CB18DB1901324E
:104980001A70172318229B18DB191B78062BA3D942
:10499000142318229B18DB1900221A7015221823E1
:1049A000D318DB1918215218D219127801321A7053
:1049B000162318229B18DB1900221A70A2E0162376
:1049C00018229B18DB191B783A6AD35C1A0015234E
:1049D00018215B18DB191B78013B9A4200D087E055
:1049E000172318229B18DB1901221A7078E016246D
:1049F0001823E318DB191A7817251823EB18DB198D
:104A00001878504913009B009B185B009B181B18DB
:104A10005B005B5A002B59D01823E318DB191A7876
:104A20001823EB18DB191878464913009B009B18D4
:104A30005B009B181B185B005B5ADB089BB2013BB9
:104A40003A6AD35C002B41D120001823C318DB192C
:104A50001A783B4B5200D35A1AB22C001823E31891
:104A6000DB191B78013B012199400B001BB213435A
:104A700019B21823C318DB191A7889B2304B5200C7
:104A8000D1521823C318DB191A781823E318DB193D
:104A900018782C4913009B009B185B009B181B186F
:104AA0005B005B5ADB089BB2013B3A6A1521182078
:104AB0000918C9190978D15414221823D318DB19FD
:104AC00018215218D219127801321A70172118239E
:104AD000CB18DB191A781823CB18DB1901321A709E
:104AE000172318229B18DB191B78062B00D87EE7AA
:104AF00016211823CB18DB191A781823CB18DB19C9
:104B000001321A700D4B1B78162218215218D21937
:104B100012789A4200D252E7142318229B18DB190C
:104B20001B78002B00D033E7132318229B18DB19C6
:104B30001B78B5461800BD460DB0F0BD84000020BE
:104B4000780D0020140E0020B0B594B000AF020024
:104B5000FB1D1A70BB1D0A1C1A700823FB180022CB
:104B60001A6004332E22002118001EF026FF3B237A
:104B7000FB1800221A704F23FB1800221A703A23E8
:104B8000FB1800221A704E23FB1800221A70A04B4B
:104B90001A22002118001EF010FFFB1D1B78013B9C
:104BA0009C4A0021D154FB1D1B78013B9A4A0021ED
:104BB000D1540123BB6432E0FB1D1B785A1E974978
:104BC00013009B009B185B009B18BA6C9B185B0042
:104BD0005B5A002B20D0FB1D1B785A1E8F491300F7
:104BE0009B009B185B009B18BA6C9B185B005B5A80
:104BF000DB089AB2BB1D1B789BB29A420CD1BB1D3D
:104C00001B78013B834A0121D154814BBA1D127894
:104C10001A70BB6CDBB2F6E0BB6C0133BB64BB6CDF
:104C2000062BC9DD01237B6411E0FB1D1B787A6C28
:104C30009A4209D07B6C013B764AFF21D1547B6CB0
:104C4000013B754A0021D1547B6C01337B64744B6A
:104C50001B781A007B6C9342E7DD77E008243A1951
:104C60006C4B1100180000F0DDF803001A004F2112
:104C70007B1801321A707A18BB1D12781B789A4281
:104C80006DD07B181B78013B3A190121D154432385
:104C9000FB1801221A7054E04F243B191B785A1E4E
:104CA00043257B1918785D4913009B009B185B0016
:104CB0009B181B185B005B5A002B3CD03B191B78E0
:104CC0005A1E7B191878554913009B009B185B00EE
:104CD0009B181B185B005B5ADB089AB23A217B18C1
:104CE0001A707B181B78013B0822BA18D35C002B82
:104CF00021D13B191B78013B464AD25C3B203B1833
:104D000001321A707B181B78013B424AD35C0500C4
:104D10003A1812789A420ED208007B181B78013B91
:104D20003C4A79190978D1543B181B78013B3A4A1F
:104D300039190978D15443217B181A787B1801322C
:104D40001A704323FB181B78062BA5D90823FB18E0
:104D5000180000F0ABF8031E00D17FE700E0C0466A
:104D600013E04E22BB181B78BA18591C1170190099
:104D7000274B4F203A1812785A5401007B181B78A1
:104D80005A1E7B1824498A5C1A704F23FB181B7823
:104D9000013B214AD35C002BE3D10123FB632EE0CE
:104DA000FB1D1B785A1E1D4913009B009B185B00BE
:104DB0009B18FA6B9B185B005B5A002B1CD0FB1DE9
:104DC0001B785A1E154913009B009B185B009B180B
:104DD000FA6B9B185B005B5ADB089AB2BB1D1B7811
:104DE000013B0C49CB5C013B0949CB5C9BB29A422D
:104DF00002D1FB6BDBB206E0FB6B0133FB63FB6BA9
:104E0000062BCDDD00231800BD4614B0B0BDC04652
:104E1000301B0020501000206C100020140E0020C9
:104E20008400002080B584B000AF786039600F2125
:104E30007B18FF221A700E23FB1800221A703B68A1
:104E40001B78002B03D17B187A6812781A70002324
:104E5000BB601BE0BB687A68D3181B780F217A18F7
:104E600012789A420FD9BB683A68D3181B78002B86
:104E700009D1BB687A68D2187B1812781A700E2391
:104E8000FB18BA681A70BB680133BB60064B1B780D
:104E90001A00BB689342DDDB0E23FB181B78180059
:104EA000BD4604B080BDC0468400002080B584B0FB
:104EB00000AF78600F23FB1801221A700023BB603B
:104EC0000CE0BB687A68D3181A780F217B18791820
:104ED00009780A401A70BB680133BB60064B1B7827
:104EE0001A00BB689342ECDB0F23FB181B781800F9
:104EF000BD4604B080BDC04684000020F0B587B038
:104F000002AF0200FB1D1A70854A864B1100180083
:104F10001EF0D4FC834B1800FBF700F903009AB293
:104F20008049FB1D187801235B420093322312F065
:104F3000FFFD0F23FB1801221A701BE00F243B1901
:104F40001A787949774B18001EF0B8FC754B180099
:104F5000FBF7E4F803009AB27249FB1D18780123AD
:104F60005B420093322312F0E3FD3B191A783B19A0
:104F700001321A700F23FB181B78032BDED96B4903
:104F8000FB1D187801235B4200933223032212F0A9
:104F9000CFFD0E23FB1800221A70ABE00E243B1944
:104FA0001B785A1C62495F4B18001EF087FC5D4B52
:104FB0001800FBF7B3F803009AB25A49FB1D1878A2
:104FC00001235B420093322312F0B2FD3B191A78A1
:104FD000584B16214A43D35A1A0013005B009B1802
:104FE0005B00554A99184F4B052218001EF019FD19
:104FF0004C49FB1D187801235B42009332230522A4
:1050000012F096FD4D49FB1D187801235B42009379
:105010003223012212F08CFD0D23FB1801221A709D
:1050200053E00E23FB181A780D23FB18187841491A
:1050300013009B009B185B009B181B185B005B5ABE
:10504000002B06D13E49374B002218001EF036FCDB
:1050500026E00E257B191A780D26BB1918783549DC
:1050600013009B009B185B009B181B185B005B5A8E
:10507000DB089BB21C007B191A78BB1918782D49E4
:1050800013009B009B185B009B181B185B005B5A6E
:105090001A00072313402B49224822001EF00EFC61
:1050A000204B1800FBF73AF803009AB21D49FB1D8C
:1050B000187801235B420093322312F039FD0D2151
:1050C0007B181A787B1801321A700D23FB181B7895
:1050D000032BA6D91C49FB1D187801235B420093C2
:1050E0003223022212F024FD0E217B181A787B183D
:1050F00001321A70154B1B780E22BA1812789A4298
:1051000000D24BE71249FB1D187801235B42009344
:105110003223012212F00CFDC046BD4605B0F0BDA1
:10512000608D020858090020748D02087C8D0208E9
:10513000808D0208140E0020708702088C8D0208F2
:10514000908D0208948D02089C8D02088400002036
:10515000A08D020890B587B002AF0200FB1D1A7047
:105160003C4A3D4B110018001EF0A8FB3A4B1800BA
:10517000FAF7D4FF03009AB23749FB1D18780123D0
:105180005B420093322312F0D3FC0F23FB18012261
:105190001A703EE00E23FB1801221A702EE00F2039
:1051A0003B181B785A1E2D4B5200D35A19000E245F
:1051B0003B191B78013B802212021A4113000B405D
:1051C00016D03B181A783B191B78254922481EF047
:1051D00075FB214B1800FAF7A1FF03009AB21E4994
:1051E000FB1D187801235B420093322312F0A0FCD0
:1051F0000E217B181A787B1801321A700E23FB18C7
:105200001B780A2BCBD90F217B181A787B18013217
:105210001A70144B1B780F22BA1812789A42B9D917
:10522000114A0D4B110018001EF048FB0A4B1800E4
:10523000FAF774FF03009AB20749FB1D187801239F
:105240005B420093322312F073FCC046BD4605B0AA
:1052500090BDC046A48D0208580900209C3C002047
:10526000C08D020884000020D48D0208F0B589B0FA
:1052700002AF0200FB1D1A701223FB1800221A80D5
:1052800013F044F80300FB60FB6800221A70CA4B5D
:105290001B781A00C949CA4B18001EF00FFBC84AF8
:1052A000FB68110018001EF090FBC64B1B781A001B
:1052B000C549C34B18001EF001FBC14AFB68110031
:1052C00018001EF082FBC149BD480623009302234B
:1052D00000221EF0F3FABA4AFB68110018001EF013
:1052E00074FBBB4ABB49B64B18001EF0E7FAB44A40
:1052F000FB68110018001EF068FBB74AB749B04BB5
:1053000018001EF0DBFAAE4AFB68110018001EF010
:105310005CFBB34AAA4B110018001EF0CFFAA84A52
:10532000FB68110018001EF050FB1723FB18012228
:105330001A7048E017243B191A78AA49A04B1800A4
:105340001EF0BCFA9E4AFB68110018001EF03DFBDF
:105350003B191B78A44AD35C042B27D89A00A34B93
:10536000D3181B689F46A24A954B110018001EF0E7
:10537000A5FA1CE09F4A924B110018001EF09EFAFD
:1053800015E09D4A8E4B110018001EF097FA0EE0B2
:105390009A4A8B4B110018001EF090FA07E0984AC9
:1053A000874B110018001EF089FA00E0C046844ABD
:1053B000FB68110018001EF008FB17217B181A78F3
:1053C0007B1801321A701723FB181B78032BB1D9F5
:1053D0008C4A7B4B110018001EF070FA784AFB686B
:1053E000110018001EF0F1FA1623FB1801221A70A2
:1053F00049E016203B181B785A1E834913005B00B6
:105400009B185B015B58002B0DD13B181A787F4924
:105410006B4B18001EF052FA694AFB681100180025
:105420001EF0D3FA29E01626BB191C78BB191B788D
:105430005A1E754913005B009B185B01CB1828337B
:105440001B6818000DF0E2F803001D00BB191B7863
:105450005A1E6F4B9200D35818000DF0D7F8030076
:105460006C49574800932B0022001EF027FA544A3B
:10547000FB68110018001EF0A8FA16217B181A7894
:105480007B1801321A701623FB181B78062BB0D933
:10549000FB681800FAF742FE03001A00FB689A182E
:1054A0005D4B1000190003231A001EF0B2FBFB68CD
:1054B0001800FAF733FE03001A00FB689A18574BDE
:1054C000100019001D231A001EF0A3FBFB68180032
:1054D000FAF724FE02001223FB181A801523FB188A
:1054E00001221A7023E0344B1B785A1E4C4B520099
:1054F000D35A190015203B181B78013B8022120259
:105500001A4113000B400CD03B181A7845492C4B1C
:1055100018001EF0D3F92A4AFB68110018001EF08B
:1055200054FA15217B181A787B1801321A7015234A
:10553000FB181B78032BD6D91223FB181C88FB6899
:105540001800FAF7EBFD03009C420ED1FB6818002F
:10555000FAF7E4FD03001A00FB689A18324B1000BA
:10556000190005231A001EF054FBFB681800FAF717
:10557000D5FD03001A00FB689A18274B100019008C
:1055800003231A001EF045FBFB1D1B78002B0ED0D9
:10559000FB681800FAF7C2FD03009AB2F968FB1D18
:1055A000187801235B420093322312F0C1FAC046FF
:1055B000BD4607B0F0BDC046580D0020F48D02086E
:1055C0005809002000130020108E02082C8E0208BB
:1055D0004C8E0208588E0208708E02087C8E0208DB
:1055E000988E0208AC8E02085C0D0020B08F020875
:1055F000B48E0208BC8E0208D48E0208E08E020827
:10560000FC8E02081C8F02089C350020348F020893
:1056100020190020508F02089C8D0208808F0208FC
:105620009C3C0020A08F0208A88F020890B585B08E
:1056300000AF78600E23FB1800221A700F23FB18AE
:1056400000221A704A4A7B6811001800FAF75CFDC4
:10565000031E03D1474B1B781BB285E0464A7B688B
:1056600011001800FAF750FD031E01D1FF237BE063
:105670007B681B78232B25D17B68013318001CF035
:105680005AFD02000E217B181A700A00BB181B7805
:10569000002B0AD0394B1B781100BA1812789A42A5
:1056A00003D87B181B781BB25EE0324B1B780E22AE
:1056B000BA1812789A4203D12E4B1B781BB253E0D2
:1056C000662351E00F23FB1800221A701DE00F24FF
:1056D0003B191A7813009B009B185B00284A9A1804
:1056E0007B6811001800FAF70FFD031E07D17B68D5
:1056F0001B78002B03D03B191B781BB234E00F2121
:105700007B181A787B1801321A701C4B1B780F21FA
:105710007A1812789A42DAD37B1800221A701DE0A8
:105720000F243B191A7813009B009B185B00154A45
:105730009A187B6811001800FAF7E6FC031E07D1DF
:105740003B191B781B021BB2FE2213431BB20BE05A
:105750000F217B181A787B1801321A700F23FB185F
:105760001B78092BDCD964231800BD4605B090BD19
:10577000C48F0208580D0020C88F02088400002042
:1057800088100020B00D0020B0B586B000AF020038
:105790003960FB1D1A701323FB1800221A700023B6
:1057A0007B6100237B610FE07B699A00404BD2183C
:1057B0003B6811001800FAF7A7FC031E01D106236D
:1057C00071E07B6901337B617B69032BECDD012395
:1057D0007B6112E07A6913009B009B185B00354ADD
:1057E0009A183B6811001800FAF78EFC031E01D1CD
:1057F000072358E07B6901337B612F4B1B781A002C
:105800007B699342E6DB00237B6112E07A69130037
:105810009B009B185B00294A9A183B6811001800EE
:10582000FAF772FC031E01D107233CE07B690133C8
:105830007B617B69092BE9DD214B224A1A6019E063
:105840001F4B1B681B681B68FB60FB681800FAF79E
:1058500065FC0300BB60BA68F9683B6818001EF07D
:10586000CFF8031E01D108231DE0154B1B685A68B1
:10587000134B1A60124B1B68002BE1D1FB1D1A78E9
:1058800013009B009B185B000A4A9B183A681100A2
:1058900018001EF0B6F913257C19FEF7CFFB0300A4
:1058A00023707B191B781800BD4606B0B0BDC046FA
:1058B000788802088810002084000020B00D0020A5
:1058C00090130020E001002080B588B000AF0200F6
:1058D0003960FB1D1A701723FB1800221A70002371
:1058E000FB610023BB610023FB6129E0FA6913001F
:1058F0009B009B185B005B4A9A183B6811001800DC
:10590000FAF702FC031E18D1FB1D1B785A1E564BDA
:105910005200D35A1AB20121FB6999400B001BB205
:10592000134319B2FB1D1B785A1E89B24E4B52000D
:10593000D1521723FB181B7890E0FB690133FB6100
:10594000FB69092BD2DD0023BB610FE0BB699A0024
:10595000464BD2183B6811001800FAF7D5FB031E1E
:1059600001D106237AE0BB690133BB61BB69032B1C
:10597000ECDD0123BB6112E0BA6913009B009B18A8
:105980005B003B4A9A183B6811001800FAF7BCFB11
:10599000031E01D1072361E0BB690133BB61354BB5
:1059A0001B781A00BB699342E6DB334B334A1A601B
:1059B00019E0314B1B681B681B683B613B69180091
:1059C000FAF7ACFB0300FB60FA6839693B68180022
:1059D0001EF016F8031E01D108233FE0264B1B687A
:1059E0005A68254B1A60244B1B68002BE1D1002319
:1059F000FB6118E01B49FA6913009B009B185B00D0
:105A00005B5C002B0CD1FA6913009B009B185B00B8
:105A1000144A9B183A68110018001EF0F2F805E0CD
:105A2000FB690133FB61FB69092BE3DDFB1D1B787F
:105A30005A1E0D4B5200D35A1AB20121FB699940EC
:105A40000B001BB2134319B2FB1D1B785A1E89B2FF
:105A5000054B5200D1521723FB181B781800BD4686
:105A600008B080BDB00D0020B41100207888020875
:105A7000881000208400002094130020E001002002
:105A800080B586B000AFB9607A6019000F23FB18AB
:105A9000021C1A700E23FB180A1C1A701523FB181F
:105AA000D94A12781A703B6A002B03D0D64B2022B9
:105AB0001A7002E0D44B00221A702423FB181B78C2
:105AC000002B04D01623FB1822221A8003E0162391
:105AD000FB1820221A807A6880231B059A4200D383
:105AE000D5E07B68DAB2C94B1A70C84B0E217A1820
:105AF00012785A707B181B78082B00D9C6E19A00DF
:105B0000C34BD3181B689F46BB681B78DAB2BF4BE8
:105B10009A700F23FB181B7803222021180005F030
:105B200099FCB6E1BB681B785BB2DAB2B74B9A70EE
:105B30000F23FB181B7803222021180005F08AFC94
:105B4000A7E1BB681B889BB2DAB2B04B9A70BB6806
:105B50001B889BB21B0A9BB2DAB2AC4BDA700F23E4
:105B6000FB181B7804222021180005F073FC90E13B
:105B7000BB681B881BB2DAB2A44B9A70BB681B8847
:105B80001BB21B121BB2DAB2A04BDA700F23FB1848
:105B90001B7804222021180005F05CFC79E1BB6829
:105BA0001B68DAB2994B9A70BB681B681B0ADAB2A1
:105BB000964BDA70BB681B681B0CDAB2934B1A71F8
:105BC000BB681B681B0EDAB2904B5A710F23FB188F
:105BD0001B7806222021180005F03CFC59E1BB6827
:105BE0001B68DAB2894B9A70BB681B681B12DAB269
:105BF000864BDA70BB681B681B14DAB2834B1A71D0
:105C0000BB681B681B16DAB2804B5A710F23FB1856
:105C10001B7806222021180005F01CFC39E1BB6826
:105C20001B78DAB2794B9A70BB6801331B78DAB211
:105C3000764BDA70BB6802331B78DAB2734B1A7199
:105C4000BB6803331B78DAB2704B5A71BB680433FC
:105C50001B78DAB26D4B9A71BB6805331B78DAB2E8
:105C60006A4BDA71BB6806331B78DAB2674B1A727B
:105C7000BB6807331B78DAB2644B5A720F23FB18E8
:105C80001B780A222021180005F0E4FB01E15F4B9C
:105C900000221A705D4B0E217A1812785A707B68B8
:105CA0001B0EDAB2594B9A707B681B0CDAB2574B59
:105CB000DA707B681B0ADAB2544B1A717B68DAB26D
:105CC000524B5A717B181B78082B00D9E0E09A00E0
:105CD000504BD3181B689F46BB681B78DAB24B4BFE
:105CE0009A711623FB1819880F23FB181B780722BB
:105CF000180005F0AFFBCCE0BB681B785BB2DAB2F2
:105D0000424B9A711623FB1819880F23FB181B7836
:105D10000722180005F09EFBBBE0BB681B889BB206
:105D2000DAB23A4B9A71BB681B889BB21B0A9BB2D2
:105D3000DAB2364BDA711623FB1819880F23FB18D9
:105D40001B780822180005F085FBA2E0BB681B88C1
:105D50001BB2DAB22D4B9A71BB681B881BB21B12A7
:105D60001BB2DAB2294BDA711623FB1819880F23FC
:105D7000FB181B780822180005F06CFB89E0BB6853
:105D80001B68DAB2214B9A71BB681B681B0ADAB236
:105D90001E4BDA71BB681B681B0CDAB21B4B1A7204
:105DA000BB681B681B0EDAB2184B5A721623FB181D
:105DB00019880F23FB181B780A22180005F04AFBEC
:105DC00067E0BB681B68DAB2104B9A71BB681B684E
:105DD0001B12DAB20D4BDA71BB681B681B14DAB206
:105DE0000A4B1A72BB681B681B16DAB2074B5A7251
:105DF0001623FB1819880F23FB181B780A2218009A
:105E000005F028FB45E0C046300D0020CC120020F4
:105E1000CC8F0208F08F0208BB681B78DAB22D4BDA
:105E20009A71BB6801331B78DAB22A4BDA71BB680E
:105E300002331B78DAB2274B1A72BB6803331B7824
:105E4000DAB2244B5A72BB6804331B78DAB2214BA6
:105E50009A72BB6805331B78DAB21E4BDA72BB68E4
:105E600006331B78DAB21B4B1A73BB6807331B78F7
:105E7000DAB2184B5A731623FB1819880F23FB1834
:105E80001B780E22180005F0E5FA02E0C04600E09B
:105E9000C046114B1522BA1812781A703B6A002BB3
:105EA00013D015F09BFB03003B61C0460B4B1B78E6
:105EB000002B07D015F092FB02003B69D31A3A6A17
:105EC0009A42F3D8054B1B7800E000231800BD462A
:105ED00006B080BDCC120020300D0020FE12002044
:105EE000B0B584B002AF1E201CF02CF903007B601B
:105EF0007B681E22002118001DF05FFD0C4B1B7DEE
:105F00005A1E0C4B9200D258094B9B7D1D00084B2A
:105F10005B7D1C00064B1B8B07497868019300943E
:105F20002B001DF0CBFC7B681800BD4602B0B0BD55
:105F3000380D0020580000201490020890B587B05A
:105F400004AF0200FB1D1A70BB1D0A1C1A700D4B1A
:105F500019780C4B1C78BB1D1A78FB1D187801238F
:105F6000039301235B42029301235B4201930223CB
:105F70000093230005F01AFE03001800BD4603B08D
:105F800090BDC046580D002080B588B006AF020015
:105F9000FB1D1A70BB1D0A1C1A70002304930023FA
:105FA0000393002302930023019300230093002313
:105FB000002200210020FEF7ABF8FB1D1B785A1EC3
:105FC000234913005B009B185B015B58002B16D024
:105FD000BB1D1B785A1E1E4913005B009B185B01FA
:105FE0005B58002B0BD0FB1D1B7818000DF036FD05
:105FF000BB1D1B7818000DF031FD002324E0FB1DB4
:106000001B785A1E124913005B009B185B015B58FA
:10601000002B06D0FB1D1B7818000DF01FFD002380
:1060200012E0BB1D1B785A1E094913005B009B1828
:106030005B015B58002B06D0BB1D1B7818000DF0D0
:106040000DFD002300E068231800BD4602B080BDAE
:106050009C350020B0B588B002AF78600F23FB18E4
:1060600000221A701723FB1800221A701423FB1841
:1060700000221A8001235B421900012014F044FD24
:1060800012F044F903003B61824B9A68E1231B0341
:106090009A421ED01623FB1801221A7014E07E4B80
:1060A0001B7816217A1812789A4207D0E1231A0336
:1060B0007B181B781100180011F0CCFD16217B18FD
:1060C0001A787B1801321A701623FB181B78032BE1
:1060D000E5D9724B1B781C00714B1B881A0013000A
:1060E0005B009B185B006F4A9A186B4B1B786E49DC
:1060F0006E480093130022001DF0E0FB664B1C78F5
:106100006B4B1D686A4B1B681800FAF707F8030011
:106110009AB20A232900200011F060FD5E4B1C7822
:10612000624B1800F9F7FAFF03009AB25F490A239D
:10613000200011F053FD5F4B1B78012B00D0A5E030
:10614000574B1B88DBB21800FDF710F80300472BF4
:1061500008D1594B1A780F23FB181A70564B00229E
:106160001A700DE04C4B1B78013B544AD25C0F2354
:10617000FB181A70484B1B78013B504A0021D15440
:106180004C4B00221A70444B18780F2439190A23FB
:10619000012211F023FD3B191B780D2B33D13E4B0F
:1061A0001C78474B1D68464B1B681800F9F7B6FF73
:1061B00003009AB20A232900200011F00FFD1723D3
:1061C000FB181B785BB2002B05D13E4A3E4B1100F9
:1061D00018001DF016FD304B18783B693A4A012132
:1061E00000F074F8384A374B110018001DF009FD13
:1061F0001723FB1800221A70334B3222002118009B
:106200001DF0DBFB42E00F22BB181B780A2B3DD0B0
:10621000BB181B78082B03D0BB181B787F2B14D11D
:1062200017217B181B785BB2002B2FDD7B181B78A6
:106230005BB2DBB2013BDAB27B181A707B181B78B9
:106240005BB2214A0021D15420E00F22BB181B78F9
:106250001F2B1BD9BB181B787E2B17D817217B1837
:106260001B785BB2312B11DCBB181A7808007B1845
:106270001B785BB251B2144AD15401007B181B78D1
:106280005BB2DBB20133DAB27B181A7012F0B8FAE3
:1062900051E7C046380D002000130020580D0020A3
:1062A0002400002070870208149302085014002074
:1062B000A4000020A90900202C0D0020A016002019
:1062C000A8000020AC14002078140020F0B58DB098
:1062D00002AFBA607B600F23FB18021C1A700E23FA
:1062E000FB180A1C1A7000233B621E23FB180022B5
:1062F0001A801423FB1800221A600433052200219F
:1063000018001DF05AFBBB68180000F099FAC84B42
:106310001B78002B22D1C749BB68032218001DF04F
:106320006FFB031E1AD1BB6803331900012000F074
:10633000BDFA031E09D0C04A7B68110018001DF089
:10634000BDFABB4B00221A7005E0B94B02221A704D
:106350007B680D221A7000237B6212E2B44B1B781B
:10636000002B18D0B549BB68062218001DF048FB69
:10637000031E10D1AE4B00221A70B14B190003203E
:1063800000F094FAAF4A7B68110018001DF096FAED
:1063900000237B62F5E1A64B1B78022B13D1BB686F
:1063A0001900022000F082FA031E06D0A24A7B6880
:1063B000110018001DF082FA02E07B680D221A70AD
:1063C00000237B62DDE1BB682E2118001DF00AFB73
:1063D00003003B623B6A002B00D1C9E13B6A033BEF
:1063E0009949032218001DF00BFB031E00D1BFE1E9
:1063F0003B6A01331B785A1C944BD3181B781A0044
:106400000423134000D0B3E13A6ABB68D31A1A00E0
:10641000B96814257B1918001DF003FB1E26BC1952
:106420007B191800FFF702F903002380BB19002233
:106430009B5E874A127893420AD13B6A01339922C4
:1064400092007968180011F0D3FE03007B6298E196
:106450001E23FB1800229B5E642B08D17D4A7B68BB
:10646000110018001DF02AFA00237B6289E11E2327
:10647000FB1800229B5E662B08D1774A7B681100CF
:1064800018001DF01BFA00237B627AE11E23FB1823
:1064900000229B5EFF2B48D1704B1A22002118006E
:1064A0001DF08BFA3B6A5C1CBB681800F9F736FEDE
:1064B00005001426BB191800F9F730FE0300EB1A8B
:1064C0005A1E674B210018001DF0ABFA604B1D7877
:1064D000BB681800F9F722FE03009CB2BB19180034
:1064E000F9F71CFE03009BB2E31A9BB21722FF21AF
:1064F000280004F065FF3B6A013399229200796815
:10650000180011F075FE03007B627B681800F9F734
:1065100005FE03001A007B689A18524B1000190000
:106520001D231A001DF075FB2BE11E22BB181B88D2
:10653000DBB2FE2B59D1BB1800229B5E1B121BB293
:10654000DAB2494B1A70454B1A22002118001DF08F
:1065500034FA3B6A5C1CBB681800F9F7DFFD0500E4
:106560001423FB181800F9F7D9FD0300EB1A5A1E83
:106570003B4B210018001DF054FA354B1D783A4B67
:106580001E78BB681800F9F7C9FD03009CB21423FC
:10659000FB181800F9F7C2FD03009BB2E31A9BB287
:1065A00017223100280004F00BFF294B1B785A1EDC
:1065B0002E4B5200D35A1A002B4B1B781A41130052
:1065C0000122134009D03B6A013399229200796875
:1065D000180011F00DFE03007B621423FB187A688B
:1065E000234978681DF06AF9CBE03B6A0133214901
:1065F000062218001DF004FA031E41D11E4B002292
:106600001A701E243B191B88DBB2002219211800C6
:1066100004F020FF642011F001FD0D4B18783B19A8
:106620001B88D9B2154B1A7800230BF08DFC7FE044
:10663000DE14002040930208449302089893020855
:10664000A0930208A4930208E893020898B90208EC
:10665000580D0020EC9302081494020898110020B1
:10666000CC1200203C940208DF140020B41100205A
:106670005C94020888940208300D0020001300206A
:106680003B6A5C1CBB681800F9F748FD050014263E
:10669000BB191800F9F742FD0300EB1A5A1E604BB4
:1066A000210018001DF0BDF91E23FB181B88DDB268
:1066B000BB681800F9F732FD03009CB2BB19180043
:1066C000F9F72CFD03009BB2E31A9BB2013B9BB28E
:1066D0001A001721280004F0BDFE1E23FB1800221B
:1066E0009A5E50497B6818001DF0E8F87B681B78BB
:1066F000002B13D00E23FB181B78002B0ED07B68C9
:106700001800F9F70BFD03009AB279680F23FB1804
:10671000187801230093322311F00AFA7B681800DD
:10672000F9F7FCFC02007B68002118001DF045F918
:106730003D4B1B78602B18D1FA239B0019000120D8
:1067400014F0E2F9394B1B78002B0ED0384B1B8824
:1067500001339AB2364B1A801E23FB1800229B5E2F
:106760007A68344978681DF0A9F800237B6208E054
:1067700099239A007968BB68180011F039FD03006D
:106780007B627B681B78002B14D00E23FB181B78D0
:10679000002B0FD07B681800F9F7C0FC03009AB2F9
:1067A00079680F23FB18187801235B42009332238A
:1067B00011F0BEF97B681800F9F7B0FC02007B68A5
:1067C000002118001DF0F9F87B6A002B00D09AE533
:1067D0001423FB180922002118001DF0EEF8164BB7
:1067E0001B78002B17D10E23FB181B78002B12D01F
:1067F000124B1C68114B1B681800F9F78FFC030043
:106800009AB20F23FB18187801235B4200933223BE
:10681000210011F08DF9C046BD460BB0F0BDC04659
:10682000CC12002090940208300D0020FE120020AF
:10683000E61B0020B4940208DE140020AC00002007
:1068400080B584B000AF78600023FB6020E0FB6877
:106850007A68D2180B217B1812781A707B181B7873
:106860005A1C114BD3181B781A0003231340012B19
:1068700003D17B181B78203302E00B23FB181B7815
:10688000FA6879688A18DBB21370FB680133FB6021
:10689000FB687A68D3181B78002BD8D1C046C04655
:1068A000BD4604B080BDC04698B90208B0B584B0FA
:1068B00000AF02003960FB1D1A70FB1D1B78032B13
:1068C00006D000DDBFE0012B11D0022B15D0BAE0BD
:1068D000614B1B785A1E614913009B009B189B005B
:1068E000CB18103301221A700BF008F9AEE03B68A8
:1068F000180000F0B5F80300A9E0574B1B785A1EAA
:10690000564913009B009B189B00CB180C331B6847
:10691000002B55D0504B1B785A1E504913009B003A
:106920009B189B00CB180C331B681800F9F7F6FB7B
:106930000300FB60484B1B785A1E484913009B001C
:106940009B189B00CB180C331D683B681800F9F7A7
:10695000E5FB0200FB68D3189A1C3F4B1B785C1EBA
:10696000110028001BF040FE01003C4A23009B0060
:106970001B199B00D3180C331960374B1B785A1E18
:10698000364913009B009B189B00CB180C331A68E8
:10699000FB680133D3183A68110018001DF031F973
:1069A0002D4B1B785A1E2D4913009B009B189B00F2
:1069B000CB180C331A68FB68D31813221A7025E021
:1069C0003B681800F9F7AAFB03005A1C224B1B78FE
:1069D0005C1E10001BF0B6FB030019001F4A2300C9
:1069E0009B001B199B00D3180C3319601A4B1B78A2
:1069F0005A1E1A4913009B009B189B00CB180C339E
:106A00001B683A68110018001DF0FBF8124B1B7848
:106A10005A1E124913009B009B189B00CB180C3385
:106A20001B68002B11D10C4B1B785A1E13009B00C6
:106A30009B189B00094A9B181422002118001CF087
:106A4000BCFF0E2303E0C04600E0C0460023180050
:106A5000BD4604B0B0BDC0464C140020E813002071
:106A6000B0B58EB006AF78601F23FB1800221A70F5
:106A70001E23FB1800221A70EC4B1B78052B02D149
:106A80000E2300F0E0FBE94B1B781900E84A0B00ED
:106A90009B005B189B0000219954E44B1B78190064
:106AA000E34A0B009B005B189B00D31801330022C4
:106AB0001A70DE4B1B781A0013009B009B189B007A
:106AC000DB4A9B1802330422002118001CF075FFDA
:106AD0007B681B78622B00D0B0E27B6802331B78A6
:106AE0002E2B00D0AAE27B6801331B782F2B00D815
:106AF000A5E37B6801331B78332B00D99FE37B68C8
:106B000001331A781E203B18303A1A70C74B1B7895
:106B10001900C74A0B009B005B189B000121995488
:106B2000C24B1B781900C24A0B009B005B189B00EC
:106B3000D318013300221A70BC4B1B781900BC4AD1
:106B40000B009B005B189B00D318023304003A181B
:106B500012781A707B680333B649072218001CF0BC
:106B60004FFF031E30D1B14B1B781900B04A0B0008
:106B70009B005B189B00D318033305221A703B1946
:106B80001A78AD491300DB009B18CB1808331B782B
:106B90001A000123134012D13B19187801230593E1
:106BA0000023049300230393002302930023019303
:106BB000002300930023002201210FF0CFF81F23B0
:106BC000FB1800221A7032E27B6803339B490E22C5
:106BD00018001CF015FF031E31D1944B1B781900CF
:106BE000934A0B009B005B189B00D31803330622CB
:106BF0001A701E203B181A788F491300DB009B186F
:106C0000CB1808331B781A000223134012D13B180B
:106C10001878012305930023049300230393002392
:106C200002930023019300230093002301220021FB
:106C30000FF094F81F23FB1800221A70F7E17B680D
:106C400003337F490C2218001CF0DAFE031E00D02B
:106C5000F8E01E243B191A7877491300DB009B18D3
:106C6000CB1802331B78002B41D1704B1B781900D5
:106C70006F4A0B009B005B189B00D318033309225B
:106C80001A707B680F3318001BF04FFA0200674B35
:106C90001B781900D0B2664A0B009B005B189B0062
:106CA000D3180433021C1A70604B1B781900604A19
:106CB0000B009B005B189B00D31804331A783B1918
:106CC00018780123059300230493002303930023E2
:106CD000029300230193002300931300002200215C
:106CE0000FF03CF81F23FB1800221A709FE11E24AE
:106CF0003B191A7850491300DB009B18CB1803335B
:106D00001B78002B40D1494B1B781900484A0B00D7
:106D10009B005B189B00D31803330A221A707B6810
:106D20000F3318001BF001FA0200404B1B781900CA
:106D3000D0B23F4A0B009B005B189B00D318043372
:106D4000021C1A70394B1B781900394A0B009B0042
:106D50005B189B00D31804331B783A191078012272
:106D60000592002204920022039200220292002245
:106D7000019200930023002200210EF0EFFF1F2359
:106D8000FB1800221A7052E11E243B191A782A4976
:106D90001300DB009B18CB1804331B78002B40D169
:106DA000224B1B781900224A0B009B005B189B00AA
:106DB000D31803330B221A707B680F3318001BF0B3
:106DC000B4F90200194B1B781900D0B2184A0B0015
:106DD0009B005B189B00D3180433021C1A70134BE2
:106DE0001B781900124A0B009B005B189B00D318FC
:106DF00004331B783A19107801220592002204927C
:106E000000220392002202920193002300930023A8
:106E1000002200210EF0A2FF1F23FB1800221A708F
:106E200005E11F23FB180C221A7000E14C1400200E
:106E3000E8130020D4940208F4390020DC940208FE
:106E4000EC9402087B680333C7490D2218001CF03C
:106E5000D7FD031E00D0EAE01E243B191A78C3496F
:106E60001300DB009B18CB1805331B78002B40D197
:106E7000BF4B1B781900BF4A0B009B005B189B009F
:106E8000D31803330C221A707B68103318001BF0E0
:106E90004CF90200B64B1B781900D0B2B54A0B0072
:106EA0009B005B189B00D3180433021C1A70B04B74
:106EB0001B781900AF4A0B009B005B189B00D3188E
:106EC00004331B783A1910780122059200220492AB
:106ED00000220392029300230193002300930023D6
:106EE000002200210EF03AFF1F23FB1800221A7027
:106EF0009DE01E243B191A789C491300DB009B1867
:106F0000CB1806331B78002B40D1994B1B78190006
:106F1000984A0B009B005B189B00D31803330D228B
:106F20001A707B68103318001BF0FFF80200904BBA
:106F30001B781900D0B28F4A0B009B005B189B0096
:106F4000D3180433021C1A70894B1B781900894A24
:106F50000B009B005B189B00D31804331B783A1975
:106F600010780122059200220492039300230293D9
:106F700000230193002300930023002200210EF040
:106F8000EDFE1F23FB1800221A7050E01E243B194F
:106F90001A7876491300DB009B18CB1807331B784F
:106FA000002B40D1724B1B781900724A0B009B00DA
:106FB0005B189B00D31803330E221A707B681033C2
:106FC00018001BF0B2F80200694B1B781900D0B210
:106FD000684A0B009B005B189B00D3180433021C0B
:106FE0001A70634B1B781900624A0B009B005B18F8
:106FF0009B00D31804331B783A19107801220592AC
:10700000049300230393002302930023019300239E
:1070100000930023002200210EF0A0FE1F23FB1886
:1070200000221A7003E01F23FB180D221A70504B28
:107030001B780133DAB24E4B1A7000E17A684E4B7E
:10704000110018001CF0DDFD1D23FB1800221A7032
:107050001C23FB1800221A70484A474B11001800E5
:107060001CF0F4FC0300BB61444B190000201CF031
:10707000EDFC03007B61414B190000201CF0E6FC95
:1070800003003B61BB69002B01D16723DBE01D25B9
:107090007C19BB691800FDF7F1F903002370280083
:1070A0003B181B78002B24D07B69002B21D13B6936
:1070B000002B1ED12E4B1B7819002E4A0B009B0073
:1070C0005B189B0002219954294B1B781900294A0F
:1070D0000B009B005B189B00D31803333A181278FF
:1070E0001A70234B1B780133DAB2214B1A7000233C
:1070F000A9E07B69002B00D19FE03B69002B00D108
:107100009BE01C257C193B691800FDF7B7F90300CB
:10711000237028003B181B78002B31D0144B1B78B0
:107120001900144A0B009B005B189B000421995422
:107130000F4B1B7819000F4A0B009B005B189B003C
:10714000D31803331D22BA1812781A70084B1B7813
:107150001900084A0B009B005B189B00D3180733EB
:107160003A1812781A703FE0FC940208F4390020B3
:107170004C140020E8130020E01400200C950208B5
:10718000334B1B781900334A0B009B005B189B00A4
:10719000032199542E4B1B7819002E4A0B009B009B
:1071A0005B189B00D31803331D22BA1812781A708B
:1071B0003B6918001AF0B4FF02000B001000190020
:1071C000FBF712FF031CFB60214B1B781A00130016
:1071D0009B009B189B001F4A9B1806330C22B91872
:1071E000042218001CF015FD194B1B781C007B694C
:1071F0001800FDF775F903001900164A23009B00DB
:107200001B199B00D31801330A1C1A70104B1B78F2
:107210001900104A0B009B005B189B00D318013328
:107220001B78002B01D167230DE0094B1B7801333C
:10723000DAB2074B1A70002305E0672303E0C0466B
:107240001F23FB181B781800BD4608B0B0BDC04610
:107250004C140020E813002090B583B000AF786094
:1072600039602B4B1B785A1E2A4913009B009B1830
:107270009B00CB180C331B68002B01D1002343E08B
:10728000254B1B68002B02D1234B7A681A60224BD6
:107290001B681B78002B06D11F4B00221A600023AD
:1072A0003B60002330E01C4B1B68132118001CF0CE
:1072B00099FB0200194B1A60184B1B68002B11D068
:1072C000154B1968154B1A68134B1B68D31A1A0013
:1072D0003B6818001CF0A5FB104B1B685A1C0E4B9A
:1072E0001A6010E00C4B1A683B68110018001CF083
:1072F00088FC094B1C683B681800F8F70FFF030077
:10730000E218054B1A6001231800BD4603B090BD7A
:107310004C140020E813002014150020181500203C
:1073200090B587B000AF0200FB1D1A70FB1D1A78E4
:10733000644913009B009B189B005B5C042B00D1ED
:10734000B5E000DDB5E0032B2BD000DDB1E0012B73
:1073500003D0022B00D1AEE0ABE0FB1D1A78132462
:107360003919584813009B009B189B00C31802331F
:107370001B780B70FB1D1A78524913009B009B1859
:107380009B00CB18033319783B191A784E48130029
:10739000DB009B181B5C994201D101238DE0002387
:1073A0008BE0FB1D1A78474913009B009B189B003C
:1073B000CB1803331B785A1E444913005B009B18FB
:1073C0009B005B581B687B61FB1D1A7813009B00B8
:1073D0009B189B003B4A9B18991D0C23FB18042209
:1073E00018001CF016FCFB1D1A78364913009B0090
:1073F0009B189B00CB1801331B78062B55D89A009D
:10740000334BD3181B689F46FB68191C7869F9F742
:1074100061F8031E00D149E001234EE0FB68191C0E
:107420007869F9F771F8031E00D13FE0012344E0C9
:10743000FB68191C7869F9F753F8031E00D135E091
:1074400000217869F9F746F8031E00D02EE00123E9
:1074500033E0FB68191C7869F9F760F8031E00D166
:1074600024E0012329E0FB68191C7869F9F742F848
:10747000031E00D11AE000217869F9F72BF8031EEA
:1074800000D013E0012318E0FB68191C7869F9F7B4
:1074900021F8031E00D009E000217869F9F71AF8F5
:1074A000031E00D002E0012307E0C04604E0C0460E
:1074B00002E0C04600E0C04600231800BD4607B009
:1074C00090BDC046E8130020F4390020C801002018
:1074D0001095020880B582B000AF7B1D00221A70A3
:1074E000BB1D00221A8010F011FF03003B60BB1D82
:1074F00000221A803EE0BB1D1A88254913009B001C
:107500009B189B00CB1810331B78002B2DD0BB1D74
:107510001B88DBB21800FFF703FF031E25D01D4BAD
:1075200020221A7010E01C4B18783B681B4A00217F
:10753000FEF7CCFE3B681800F8F7F0FD02003B6850
:10754000002118001CF039FABB1D1A8810491300DD
:107550009B009B189B00CB180C331B680F4A110033
:107560001800FFF779FE031EDDD1BB1D1A88BB1D75
:1075700001321A800A4B1B789BB2BA1D12889A42BC
:10758000B9D37B1D1B781800BD4602B080BDC04634
:10759000E8130020300D0020001300201C150020EF
:1075A0004C14002080B500AFBFF34F8FC046044B92
:1075B000044ADA60BFF34F8FC046C046FDE7C046BD
:1075C00000ED00E00400FA0580B500AFC046BD46FE
:1075D00080BD000080B500AF484B180010F0E0FD02
:1075E000474B180010F0DCFD464B180010F0D8FD9A
:1075F000454B180010F0D4FD444B180010F0D0FD9E
:10760000434B180010F0CCFD424B180010F0C8FDA1
:10761000414B180010F0C4FD404B180010F0C0FDA5
:107620003F4B180010F0BCFD3E4B180010F0B8FDA9
:107630003D4B180010F0B4FD3C4B180010F0B0FDAD
:107640003B4B180010F0ACFD3A4B180010F0A8FDB1
:10765000394B180010F0A4FD384B180010F0A0FDB5
:10766000374B180010F09CFD364B180010F098FDB9
:10767000354B180010F094FD344B180010F090FDBD
:10768000334B180010F08CFD324B180010F088FDC1
:10769000314B180010F084FD304B180010F080FDC5
:1076A0002F4B180010F07CFD2E4B180010F078FDC9
:1076B0002D4B180010F074FD2C4B180010F070FDCD
:1076C0002B4B180010F06CFD2A4B180010F068FDD1
:1076D000294B180010F064FD284B180010F060FDD5
:1076E000274B22221A70264B23221A700BF02CF8FB
:1076F000FFF76AFFC046BD4680BDC046249602081B
:10770000BC95020858960208389802088898020822
:10771000C09802081099020880990208BC990208D2
:10772000FC990208489B0208089C0208849C0208F5
:10773000DC9C02082C9D0208C49D0208189E0208C9
:10774000709E0208F09E02082C9F02087C9F02088F
:10775000CC9F02082CA0020874A00208BCA002085A
:1077600004A1020844A102088CA102086CA202082C
:10777000E8A2020830A3020880A30208ECA30208D2
:10778000570D002080B586B000AFF860B9607A6010
:107790000B4B7B617A69FB68110018001CF031FA11
:1077A0007B691800F8F7BAFC0200FB689B18180008
:1077B00013F066F800231800BD4606B080BDC04631
:1077C000FCA3020880B586B000AFF860B9607A60AB
:1077D0000B4B7B617A69FB68110018001CF011FAF1
:1077E0007B691800F8F79AFC0200FB689B181800E8
:1077F00013F0ECF800231800BD4606B080BDC0466B
:107800004CA4020890B585B000AFF860B9607A600A
:107810001F4B1B7819001F4A0B009B005B185B0075
:107820009B5C002B09D11C4B1968194B1B781A0063
:10783000FB6818001CF042F811E0184B1968144B53
:107840001B781C00124B1B781A0013009B009B181E
:107850005B00104A9B18F86822001CF02FF8802368
:107860001902A023DB050122180016F0EEF8C8204B
:1078700010F0D4FB80231902A023DB05002218009E
:1078800016F0E3F800231800BD4605B090BDC046D1
:10789000580D002088100020B0000020B400002007
:1078A000B0B588B002AFF860B9607A601523FB18F4
:1078B00000221A70684A7B680121180010F02EFD22
:1078C0000200664B1A60654B1B68002B2AD1644B83
:1078D0001968644B1B781A00FB6818001BF0EEFF58
:1078E000614B1A68FB68110018001CF06EF85F4BC2
:1078F0001C78FB681800F8F711FC03009AB2F968CD
:1079000001235B4200933223200010F011F9584B01
:10791000584A1A60584B01221A700A2010F07EFB58
:10792000FFF740FE4D4B18684B4B1B681A00534B3A
:1079300019001CF065F8031E00D078E0504A7B68FF
:107940000221180010F0EAFC02004E4B1A604E4A69
:107950007B680321180010F0E1FC02004B4B1A6019
:10796000484B1B681B785BB2232B0AD1454B1B6825
:10797000013318001AF0DFFB02001723FB181A70FE
:1079800003E01523FB1868221A70404B1B681B7814
:107990005BB2702B0AD13D4B1B68013318001AF003
:1079A000CAFB02001623FB181A7003E01523FB180C
:1079B00068221A702B4B1B7817257A1912789A4275
:1079C0001DD0334B00221A70324B16243A1912780C
:1079D0001A707B191B7801221A21180003F03AFD56
:1079E000642010F01BFB1F4B1878204B1A783B19B2
:1079F0001C787B19197823000AF0A6FA1BE01624DC
:107A00003B1918780023009319230022002103F06A
:107A100073FD642010F002FB124B1878114B19789B
:107A2000124B1A783B191B780AF08EFA03E01523E3
:107A3000FB1868221A701523FB181B78682B06D1D7
:107A4000154B1A68FB68110018001CF0DAF80023C7
:107A50001800BD4606B0B0BDA0150020A41500203A
:107A6000B8000020580D00207400002000130020F2
:107A7000F03F0220EFBEADDE540D002090A40208BE
:107A8000A8150020AC150020B0150020B41500206A
:107A9000300D0020CC120020BC00002080B584B046
:107AA00000AFF860B9607A6000231800BD4604B0EA
:107AB00080BD80B584B000AFF860B9607A60FFF730
:107AC00071FD0000B0B586B000AFF860B9607A60B3
:107AD0001723FB1800221A702D4A7B680121180019
:107AE00010F01CFC02002B4B1A60294B1B68092B61
:107AF00004DD284B1B68093300221A70264B1A78C4
:107B0000244B1B6817257C1919001000FDF73CFE5B
:107B1000030023707B191B78002B0AD11F4B1968B7
:107B20001D4B1B781A001B4B1B68F8681BF0C6FE28
:107B300028E01723FB181B78062B08D1184B19686F
:107B4000144B1A68FB6818001BF0B8FE1AE01723E4
:107B5000FB181B78072B08D1124B19680D4B1A68BC
:107B6000FB6818001BF0AAFE0CE01723FB181B781B
:107B7000082B07D10C4B1968064B1A68FB681800D4
:107B80001BF09CFE00231800BD4606B0B0BDC046E9
:107B9000B8150020BC150020580D0020C0000020A2
:107BA000C4000020C8000020CC000020B0B594B074
:107BB00000AFF860B9607A604F23FB1800221A709A
:107BC0002023FB1800221A6004332322002118000E
:107BD0001BF0F3FE4C23FB1800221A804A243B19A9
:107BE00000221A8014257B1900221A600433062211
:107BF000002118001BF0E1FE9C4A7B68012118005F
:107C000010F08CFB02009A4B1A60994B1968974B45
:107C10001B681A007B1918001BF003FF3B19012297
:107C20001A804923FB1800221A701BE04923FB1815
:107C30001A7813009B009B185B008E4A9A18142335
:107C4000FB1811001800F8F75FFA031E04D14A234D
:107C5000FB1800221A800AE049217B181A787B1849
:107C600001321A704923FB181B78092BDED9824B8D
:107C700002221A70FA68814B100019000A231A00B8
:107C80001BF0C7FF7C4B1B785BB219007C4A7B68FA
:107C9000180010F043FB02007A4B1A605DE0794B4C
:107CA0001968774B1B681A0020243B1918001BF039
:107CB000B8FE734B1B6820003A180021D1544C25A4
:107CC0007C193B181800FDF7B1FC030023807B19D9
:107CD00000229B5E002B45DB7B191B88DBB24F2506
:107CE0007C191422BA1811001800FDF7EDFD0300ED
:107CF00023707B191B78002B36D15F4B1B785BB24E
:107D0000022B0EDDFB681800F8F708FA03001A00D2
:107D1000FB689A185C4B1000190003231A001BF033
:107D200078FF2023FA18FB68110018001BF04DFEA5
:107D3000514B1B785BB2DBB20133DBB25AB24E4B14
:107D40001A704D4B1B785BB219004D4A7B681800C6
:107D500010F0E4FA02004B4B1A604A4B1B68002BF0
:107D60009DD102E0C04600E0C0464C23FB18002233
:107D70009B5E002B08DA454B19682023FA18FB6834
:107D800018001BF09BFD6CE03B4B1B785BB2022B99
:107D900008D13F4B19681423FA18FB6818001BF030
:107DA0008DFD5EE04F23FB181B78002B15D14A2375
:107DB000FB1800229B5E002B0FD0364B1968142352
:107DC000FA1820243B1918001BF078FD3A19FB68BB
:107DD000110018001BF0F9FD43E04F23FB181B783E
:107DE000002B15D14A23FB1800229B5E002B0FD1DC
:107DF000294B19681423FA1820243B1918001BF08A
:107E00005DFD3A19FB68110018001BF0DEFD28E04B
:107E10004F23FB181B78062B08D1204B196814231D
:107E2000FA18FB6818001BF049FD1AE04F23FB18F5
:107E30001B78072B08D11A4B19681423FA18FB6812
:107E400018001BF03BFD0CE04F23FB181B78082BA0
:107E500007D1144B19681423FA18FB6818001BF09B
:107E60002DFD00231800BD4614B0B0BDC015002084
:107E7000C4150020B00D0020C815002094A40208ED
:107E8000CC150020D0150020A0A40208D0000020AE
:107E9000D4000020D8000020DC000020E0000020FA
:107EA000E4000020E800002080B584B000AFF86056
:107EB000B9607A600020FDF7D9F900231800BD46AB
:107EC00004B080BD90B589B002AFF860B9607A6047
:107ED00017217B1800221A70334B1B78012B04D911
:107EE0007C180FF061FF030023702F4B1B781A00E2
:107EF0002E49FB6818001BF0E1FC2D4B1C78FB6839
:107F00001800F8F70BF903009AB2F96801235B42F5
:107F10000093322320000FF00BFE264AFB6811006D
:107F200018001BF0CBFC224B1C78FB681800F8F7FC
:107F3000F5F803009AB2F96801235B4200933223FB
:107F400020000FF0F5FD1A4B1B781800FCF7D6FF48
:107F5000174B1B781800FDF7FDF81723FB181B784B
:107F6000022B15D1144AFB68110018001BF0A6FC67
:107F70000F4B1C78FB681800F8F7D0F803009AB292
:107F8000F96801235B420093322320000FF0D0FDFB
:107F90000A4AFB68110018001BF090FC002318002F
:107FA000BD4607B090BDC04684000020A4A40208CE
:107FB00000130020C0A40208D4A4020818A50208D7
:107FC000F0B59FB006AFF860B9607A605C23FB182B
:107FD00000221A700023FB640023BB6400237B642F
:107FE00000233B640023FB630023BB6300237B630C
:107FF0005F23FB1800221A705E243B1900221A70BE
:108000005D23FB1800221A705B23FB1800221A70F4
:108010005A23FB1800221A7000237B6500233B655E
:108020002823FB1800221A600433062200211800BE
:108030001BF0C3FC1C23FB1800221A600433062229
:10804000002118001BF0B9FC1023FB1800221A6055
:1080500004330622002118001BF0AFFC4C23FA1851
:108060007B680121180010F059F90200804B1A605A
:108070007F4B1B681B785BB2502B08D17C4B1B6875
:10808000013318001AF057F802003B191A70482300
:10809000FA187B680221180010F040F90200754BB5
:1080A0001A60744B1968BB6C1A0028243B1918001D
:1080B0001BF0B7FC3B191800FDF7B8FA03001A00D3
:1080C0005B23FB181A704423FA187B6803211800FD
:1080D00010F024F90200684B1A60674B1B681B788C
:1080E0005BB2702B09D1644B1B68013318001AF086
:1080F00022F802005D23FB181A704023FA187B68EF
:108100000421180010F00AF902005C4B1A605B4B66
:1081100019683B6C1A001C243B1918001BF081FCE9
:108120003B191800FDF782FA03001A005A23FB18C6
:108130001A703C23FA187B680521180010F0EEF83D
:1081400002004F4B1A604E4B1B68FA6B4D491800EA
:108150001BF056FC031E04D15F23FB1800221A708B
:108160001AE0474B1B68FA6B474918001BF048FCA4
:10817000031E04D15F23FB1801221A700CE0404B50
:108180001B68FA6B414918001BF03AFC031E03D12F
:108190005F23FB1802221A70394B1968FB6B1A0017
:1081A0001026BB1918001BF03CFC3823FA187B681A
:1081B0000621180010F0B2F80200354B1A60344B5B
:1081C0001B68180019F0B7FF03007B653423FA1809
:1081D0007B680721180010F0A1F802002D4B1A60EF
:1081E0002C4B1B68180019F0A6FF03003B655C23AD
:1081F000FC185A22BB181D785D22BB181A785B2127
:108200007B1819785E203B181878002303933B6D88
:1082100002937B6D01935F23FB181B7800932B0067
:1082200003F0C4FC030023705C23FB181B78002BB5
:1082300018D1194B19685E203B181D785D22BB18B8
:108240001B78BC19F8683A6D04927A6D03921C226F
:10825000BA18029201932823FB1800932B002200E6
:108260001BF02CFB00231800BD4619B0F0BDC04622
:10827000D4150020D8150020DC150020E0150020C2
:10828000E41500201CA5020824A5020830A5020858
:10829000E8150020EC150020EC000020F0B58BB0B4
:1082A00002AFF860B9607A601D23FB1800221A70D3
:1082B0000023BB6100237B611F23FB1800221A707F
:1082C0001E243B1900221A701823FA187B6801211A
:1082D000180010F023F802003D4B1A603C4B1B685D
:1082E000BA693C4918001BF08BFB031E03D13B19F4
:1082F00001221A7028E0364B1B68BA69364918000B
:108300001BF07EFB031E04D11E23FB1802221A70F1
:108310001AE02F4B1B68BA69304918001BF070FB3C
:10832000031E04D11E23FB1803221A700CE0284BF5
:108330001B68BA692A4918001BF062FB031E03D1AF
:108340001E23FB1804221A701423FA187B680221DA
:1083500018000FF0E3FF0200224B1A60214B1B684C
:108360001B785BB2702B09D11E4B1B6801331800C0
:1083700019F0E1FE02001F23FB181A701D26BC191C
:108380001F257B191A781E23FB181B781100180073
:108390000DF0B6FA03002370BB191B78002B12D125
:1083A0000B4B1B68BA699B1800221A700E4B196898
:1083B000074B1A687B191C787B191B78F8680093A7
:1083C00023001BF07BFA00231800BD4609B0F0BD66
:1083D000F015002040A5020850A5020860A502087B
:1083E0006CA50208F4150020F0000020F0B587B05D
:1083F00000AFF860B9607A601623FB1800221A708B
:1084000000233B6117243B1900221A701023FA182D
:108410007B68012118000FF081FF0200164B1A60E3
:10842000154B1B681B785BB2702B08D1124B1B6875
:108430000133180019F07FFE02003B191A7016264E
:10844000BC1917257B191B7818000DF08DFB030054
:108450002370BB191B78002B08D1084B19687B19B6
:108460001A787B191B78F8681BF028FA002318008B
:10847000BD4607B0F0BDC046F8150020F40000204E
:10848000F0B5CE46474680B595B006AFF860B96006
:108490007A603723FB1800221A7000237B620023C6
:1084A0003B620023FB610023BB6100237B6130231F
:1084B000FB1800221A800023FB623623FB180022DF
:1084C0001A702423FA187B68012118000FF026FF88
:1084D0000200E24B1A60E14B1B68E14904221800DC
:1084E0001BF08EFA031E00D04DE22023FA187B68A1
:1084F000022118000FF012FF0200DA4B1A60D74B6E
:108500001B68181D7B6A043B1A00D74B19001BF02F
:1085100077FA031E00D07DE0D24B1B683A6AD3493C
:1085200018001BF06DFA031E14D1D14B60221A7093
:10853000CF4B5B781B021AB2CD4B1B781BB2134397
:108540001BB29AB28A235B00110018000CF084F869
:1085500000F03AFDC34B1B683A6AC64918001BF08D
:108560004FFA031E14D1C24B20221A70C04B5B7805
:108570001B021AB2BE4B1B781BB213431BB29AB23A
:108580008A235B00110018000CF066F800F01CFD57
:10859000B44B1B683A6AB84918001BF031FA031E45
:1085A00014D1B34B40221A70B14B5B781B021AB244
:1085B000AF4B1B781BB213431BB29AB28A235B00EA
:1085C000110018000CF048F800F0FEFCA54B1B68E9
:1085D0003A6AAA4918001BF013FA031E14D1A44BDF
:1085E00000221A70A24B5B781B021AB2A04B1B78B8
:1085F0001BB213431BB29AB28A235B00110018000E
:108600000CF02AF800F0E0FC3723FB1868221A70FF
:1086100000F0DAFC914B1B68181D7B6A043B1A00C2
:10862000974B19001BF0ECF9031E00D07DE08D4B39
:108630001B683A6A8D4918001BF0E2F9031E14D139
:108640008B4B03225A708A4B5B781B021AB2884B01
:108650001B781BB213431BB29AB28A235B00110032
:1086600018000BF0F9FF00F0AFFC7E4B1B683A6A74
:10867000804918001BF0C4F9031E14D17C4B012261
:108680005A707B4B5B781B021AB2794B1B781BB27A
:1086900013431BB29AB28A235B00110018000BF03F
:1086A000DBFF00F091FC6F4B1B683A6A6E491800C3
:1086B0001BF0A6F9031E14D16D4B02225A706C4BAD
:1086C0005B781B021AB26A4B1B781BB213431BB2B6
:1086D0009AB28A235B00110018000BF0BDFF00F076
:1086E00073FC604B1B683A6A644918001BF088F9F8
:1086F000031E14D15E4B00225A705D4B5B781B0247
:108700001AB25B4B1B781BB213431BB29AB28A237B
:108710005B00110018000BF09FFF00F055FC3723A1
:10872000FB1868221A7000F04FFC4C4B1B68181D98
:108730007B6A043B1A00534B19001BF061F9031EBE
:108740002DD1484B1B68180019F0EFFC0300FB62A9
:10875000FA6AE1231B039A421BD84B4BFA6A9A60D0
:10876000494B9B689AB28C235B00110018000BF0F8
:1087700073FF454B9B681B0C9AB21A23FF33110001
:1087800018000BF069FF3623FB1801221A7000F065
:108790001BFC3723FB1868221A7000F015FC2F4BC6
:1087A0001B68181D7B6A043B1A00384B19001BF02C
:1087B00027F9031E22D12B4B1B68180019F0B5FCBA
:1087C000020030217B181A800A00BB181B88002B7E
:1087D0000ED02D4B1100BA1812881A807B181A88F7
:1087E0001623FF33110018000BF036FF00F0ECFBEE
:1087F0003723FB1868221A7000F0E6FB174B1B6842
:10880000181D7B6A043B1A00214B19001BF0F8F875
:10881000031E3FD1134B1B68180019F086FC0200A1
:1088200030217B181A800A00BB181B88002B0ED041
:10883000154B1100BA1812885A807B181A888B239E
:108840005B00110018000BF007FF00F0BDFB3723A1
:10885000FB1868221A7000F0B7FBC046FC15002018
:1088600078A502080016002080A502088CA5020841
:10887000300D002090A5020898A502089CA50208CA
:10888000A4A50208ACA50208380D0020B8A502086E
:10889000C4A50208D94B1B68181D7B6A043B1A004B
:1088A000D74B19001BF0ACF8031E2ED1D54B1B681B
:1088B000180019F03AFC020030217B181A800A00D7
:1088C000BB181B88002B1AD0BB181B88FF2B16D88F
:1088D000BB181B88DAB2CC4B1A71CB4B5B791B02ED
:1088E0001AB2C94B1B791BB213431BB29AB218239D
:1088F000FF33110018000BF0AFFE00F065FB3723CB
:10890000FB1868221A7000F05FFBBC4B1B68181D37
:108910007B6A043B1A00BD4B19001BF071F8031E63
:108920002CD1B84B1B68180019F0FFFB0200302156
:108930007B181A800A00BB181B88002B19D0BB18A3
:108940001B88FF2B15D8BB181B88DAB2AE4B5A71A7
:10895000AD4B5B791B021AB2AB4B1B791BB21343B5
:108960001BB29AB21823FF33110018000BF074FEEB
:108970002AE33723FB1868221A7025E33723FB18F4
:1089800067221A7020E39D4B1B68A149042218003E
:108990001BF036F8031E00D0A6E02023FA187B68EF
:1089A000022118000FF0BAFC0200964B1A601C233B
:1089B000FA187B68032118000FF0B0FC0200954BF9
:1089C0001A601823FA187B68042118000FF0A6FC1F
:1089D0000200914B1A601423FA187B6805211800D5
:1089E0000FF09CFC02008D4B1A60864B1B68180030
:1089F00019F09BFB02003523FB181A70854B1B688E
:108A0000180019F092FB02003423FB181A70824BF5
:108A10001B68180019F089FB02002B23FB181A7041
:108A20007E4B1B68002B1FD07C4B1B687C490222AD
:108A300018001AF0E5FF031E04D13323FB180122AE
:108A40001A7011E0754B1B687649022218001AF063
:108A5000D7FF031E04D13323FB1802221A7003E050
:108A60003723FB1868221A703723FB181B78002B5A
:108A700000D0A9E23523FB181B78172B09D8342323
:108A8000FB181B783B2B04D82B23FB181B783B2BA4
:108A900004D93723FB1868221A7095E20EF0C8FC3F
:108AA000594B987D584B597D574B1A8B564B1D7D12
:108AB000554B1B7B5BB237243C1904933323FB18C3
:108AC0001B7803933523FB181B7802933423FB1880
:108AD0001B7801932B23FB181B7800932B000EF0BF
:108AE00013FC030023706FE2444B1B684E490422C1
:108AF00018001AF085FF031E00D061E22023FA1847
:108B00007B68022118000FF009FC02003D4B1A603F
:108B10001C23FA187B68032118000FF0FFFB0200EA
:108B20003C4B1A601823FA187B68042118000FF0D8
:108B3000F5FB0200384B1A601423FA187B680521F4
:108B400018000FF0EBFB0200344B1A60324B1B682D
:108B5000180019F0EAFA02002B23FB181A702F4BA9
:108B60001B68180019F0E1FA02003023FB181A8084
:108B7000244B1B682D49062218001AF041FF031EE2
:108B800004D13523FB1801221A7079E01D4B1B68B4
:108B90002749072218001AF033FF031E04D135239A
:108BA000FB1802221A706BE0164B1B682149092240
:108BB00018001AF025FF031E04D13523FB180322E9
:108BC0001A705DE00F4B1B681B49082218001AF051
:108BD00017FF031E04D13523FB1804221A704FE03F
:108BE000084B1B681549062218001AF009FF031EDE
:108BF00026D13523FB1805221A7041E0FC15002010
:108C0000D4A5020800160020380D0020E8A50208AF
:108C1000D49D020804160020081600200C1600201F
:108C2000FCA5020800A60208289E020804A6020865
:108C30000CA6020814A6020820A602082CA6020808
:108C4000C14B1B68C149082218001AF0D9FE031E47
:108C500004D13523FB1806221A7011E0BA4B1B68A9
:108C6000BB49062218001AF0CBFE031E04D135239F
:108C7000FB1807221A7003E03723FB1868221A70CA
:108C8000B44B1B68B449072218001AF0B9FE031E42
:108C900008D0B04B1B68B149022218001AF0B0FE90
:108CA000031E04D13423FB1801221A7000E1A94BE2
:108CB0001B68AB49082218001AF0A2FE031E08D058
:108CC000A44B1B68A749022218001AF099FE031E44
:108CD00004D13423FB1802221A70E9E09D4B1B6873
:108CE000A149052218001AF08BFE031E08D0994BEB
:108CF0001B689E49022218001AF082FE031E04D14E
:108D00003423FB1803221A70D2E0924B1B68984957
:108D1000052218001AF074FE031E08D08D4B1B6844
:108D20009449022218001AF06BFE031E04D134236A
:108D3000FB1804221A70BBE0864B1B688E49032285
:108D400018001AF05DFE031E08D0824B1B688B4989
:108D5000022218001AF054FE031E04D13423FB181B
:108D600005221A70A4E07B4B1B6885490422180079
:108D70001AF046FE031E08D0764B1B68814902227A
:108D800018001AF03DFE031E04D13423FB180622FE
:108D90001A708DE06F4B1B687B49042218001AF093
:108DA0002FFE031E08D06B4B1B6878490222180067
:108DB0001AF026FE031E04D13423FB1807221A7072
:108DC00076E0644B1B687249052218001AF018FE01
:108DD000031E08D05F4B1B686E49022218001AF070
:108DE0000FFE031E04D13423FB1808221A705FE023
:108DF000584B1B686849092218001AF001FE031E2F
:108E000008D0544B1B686549022218001AF0F8FD7F
:108E1000031E04D13423FB1809221A7048E04D4B7D
:108E20001B685F49072218001AF0EAFD031E08D0EC
:108E3000484B1B685B49022218001AF0E1FD031E33
:108E400004D13423FB180A221A7031E0414B1B680D
:108E50005549082218001AF0D3FD031E08D03D4BD7
:108E60001B685249022218001AF0CAFD031E04D1E1
:108E70003423FB180B221A701AE0364B1B684C493E
:108E8000082218001AF0BCFD031E08D0314B1B68E5
:108E90004849022218001AF0B3FD031E04D13423FE
:108EA000FB180C221A7003E03723FB1868221A7093
:108EB0003723FB181B78002B00D085E02B22BB1832
:108EC0001B78002B0FD0BB181B781F2B0BD8302121
:108ED0007B181A88FA23DB009A4204D37B181B887C
:108EE000354A934204D93723FB1868221A706BE085
:108EF0000EF09EFA314B1B7C304A527C2F49897C04
:108F00002E48C07C2D4C247B65B237243C19352675
:108F1000BE193678B1463026BE193688B0462B26A3
:108F2000BE193678B4463426BE19367804950390B7
:108F30000291019200934B464246614630000EF08A
:108F4000E3F9030023703FE00016002034A6020876
:108F500040A602080416002048A6020850A60208EF
:108F600054A6020860A6020864A602086CA60208BD
:108F700070A6020878A602087CA6020880A602084D
:108F800084A602088CA6020890A6020898A60208E9
:108F90009CA60208A4A60208A8A60208B4A6020875
:108FA000B8A60208C0A60208C4A60208D0A60208F5
:108FB000D4A60208E0A6020834080000380D0020FC
:108FC0003723FB1867221A703723FB181B78002BF6
:108FD00022D1224B1B687A6A9B1800221A70204B00
:108FE00019681E4B1A681F4B1B68F8681AF066FC5C
:108FF0003623FB181B78012B27D11B4B1A68FB6803
:10900000110018001AF0E1FC184B1A68FB681100F7
:1090100018001AF0DAFC18E03723FB181B78672BCE
:1090200007D1134B1A68FB68110018001AF0E9FD0C
:109030000BE03723FB181B78682B06D10D4B1A6801
:10904000FB68110018001AF0DCFD00231800BD4673
:109050000FB0C0BCB946B046F0BDC046FC150020FC
:10906000F800002000160020FC0000200001002075
:10907000040100200801002080B588B000AFF8602E
:10908000B9607A601F23FB1800221A700023BB61AD
:1090900000237B611E23FB1800221A701D23FB187E
:1090A00000221A701C23FB1800221A701823FA18C9
:1090B0007B68012118000FF031F90200C14B1A60E2
:1090C000C04B1B68C049042218001AF099FC031E0B
:1090D00000D0D6E0BB4B1B68181DBB69043B1A00CF
:1090E000BA4B19001AF08CFC031E28D1B84B1B7820
:1090F000602B07D1B74B1968B74AFB6818001AF004
:10910000DDFB40E1B24B1B78202B07D1B14B196836
:10911000B24AFB6818001AF0D1FB34E1AC4B1B7863
:10912000002B07D1AB4B1968AD4AFB6818001AF049
:10913000C5FB28E11F23FB1868221A7023E1A14B0D
:109140001B68181DBB69043B1A00A64B19001AF0D6
:1091500057FC031E28D19E4B5B78032B07D19D4BF8
:1091600019689D4AFB6818001AF0A8FB0BE1984BA0
:109170005B78012B07D1974B1968984AFB68180058
:109180001AF09CFBFFE0924B5B78002B07D1914BD0
:109190001968934AFB6818001AF090FBF3E01F234C
:1091A000FB1868221A70EEE0864B1B68181DBB691D
:1091B000043B1A008C4B19001AF022FC031E07D145
:1091C0008A4B9A688A49FB6818001AF077FBDAE044
:1091D0007C4B1B68181DBB69043B1A00854B1900AA
:1091E0001AF00EFC031E08D1804B1B881A00804920
:1091F000FB6818001AF062FBC5E0724B1B68181D73
:10920000BB69043B1A007C4B19001AF0F9FB031EE2
:1092100008D1764B5B881A007549FB6818001AF074
:109220004DFBB0E0674B1B68181DBB69043B1A007F
:10923000724B19001AF0E4FB031E08D16B4B1B792B
:109240001A006B49FB6818001AF038FB9BE05D4B75
:109250001B68181DBB69043B1A00694B19001AF002
:10926000CFFB031E08D1614B5B791A006049FB6894
:1092700018001AF023FB86E01F23FB1867221A70E0
:1092800081E0504B1B685F49052218001AF0B8FBBB
:10929000031E00D073E01423FA187B680221180023
:1092A0000FF03CF80200584B1A601E23FB180022F6
:1092B0001A701D23FB1800221A701AE0524B18680E
:1092C0001D23FB181A7813009B009B185B004F4A64
:1092D0009B181900F6F718FF031E04D11E23FB1874
:1092E00001221A700AE01D217B181A787B180132BE
:1092F0001A701D23FB181B78092BDFD91E23FB18BE
:109300001B78002B09D1424B19683F4B1A68FB6848
:1093100018001AF0D3FA002350E03E4B19683A4B7C
:109320001A68FB6818001AF0C9FA1C23FB180122FE
:109330001A701CE01C217B181B785A1E364B5200F9
:10934000D35A1A001D23FB181B781A41130001225F
:10935000134006D07B181B78FA683049F8681AF079
:10936000ADFA1C217B181A787B1801321A702C4B2D
:109370001B781C22BA1812789A42DBD903E01F230B
:10938000FB1867221A701F23FB181B78672B07D165
:10939000244B1A68FB68110018001AF032FC0CE02C
:1093A0001F23FB181B78682B07D11F4B1968054B2F
:1093B0001A68FB6818001AF081FA00231800BD46ED
:1093C00008B080BD1016002078A5020880A502080C
:1093D000300D00200C0100208CA50208E4A6020834
:1093E0009CA50208A4A50208ACA50208380D00201F
:1093F000E8A60208B8A50208C4A50208D4A5020878
:10940000E8A502082099020814160020B00D0020DB
:109410001001002014010020B4110020F0A6020861
:1094200084000020180100201C01002090B587B0A6
:1094300000AFF860B9607A601723FB1800221A7039
:1094400000233B611023FA187B68012118000EF0FD
:1094500065FF02002A4B1A60294B1B683A692949AB
:1094600018001AF0CDFA031E11D1274B274A13CA50
:1094700013C313CA13C312681A60FAF7B7FE244B5A
:109480001A68FB68110018001AF0BBFB26E01C4BA1
:109490001B683A691F4918001AF0B2FA031E19D165
:1094A00000221621FF2001F0D5FF1B4B02221A706B
:1094B00064200EF0B3FDFAF715FF08F029FD6420D3
:1094C0000EF0ACFD154B1A68FB68110018001AF07D
:1094D00098FB03E01723FB1868221A701723FB1868
:1094E0001B78682B06D10E4B1A68FB681100180018
:1094F0001AF087FB00231800BD4607B090BDC04698
:1095000018160020F8A60208380D002000000020E0
:109510002001002000A70208540D00202401002093
:1095200028010020F0B589B004AFF860B9607A6016
:109530000DF07EFF2C4B5B7B182B14D12B4B196845
:10954000294B9B7C1C00284B5B7C1D00264B1B7C05
:109550001A00254BDB89F868019300922B0022004A
:109560001AF0ACF93AE0204B5B7B0C2B36D11E4B4A
:10957000DB7C012B17D11E4B19681B4B9B7C1D00FC
:10958000194B5B7C1E00184B1B7C1A00164BDB89A9
:109590001C00F868174B02930194009233002A00D4
:1095A0001AF08CF91AE0104BDB7C022B16D1104B11
:1095B00019680D4B9B7C1D000B4B5B7C1E000A4BFE
:1095C0001B7C1A00084BDB891C00F8680A4B0293CD
:1095D0000194009233002A001AF070F90023180059
:1095E000BD4605B0F0BDC046380D00202C0100205E
:1095F0003001002008A702080CA7020890B585B02A
:1096000000AFF860B9607A600DF012FF074B1C687C
:10961000FCF766FC0200FB68210018001AF04EF906
:1096200000231800BD4605B090BDC046340100209F
:1096300090B58BB000AFF860B9607A602723FB1853
:1096400000221A7000237B6100233B611423FA1867
:109650007B68012118000EF061FE03003B623B6A4B
:109660001B785BB2702B09D13B6A0133180018F0EC
:1096700062FD02002623FB181A7003E02723FB1863
:1096800068221A701023FA187B68022118000EF065
:1096900045FE0300FB61FB69180018F04CFD030058
:1096A000BB612723FB181B78682B07D10E4B1A6868
:1096B000FB68110018001AF0A4FA0FE0BA6926241A
:1096C0003B191B78110018000EF0C4FA074B1968FB
:1096D0003B191B78BA69F8681AF0F0F800231800F3
:1096E000BD460BB090BDC046380100203C010020B3
:1096F00080B586B000AFF860B9607A60154B1A6823
:109700001549FB6818001AF0D9F81723FB18002236
:109710001A7005E017217B181A787B1801321A702D
:109720001723FB181B78022BF4D9FB681800F6F7F7
:10973000F5FC03001A00FB689A18084B100019008A
:1097400003231A001AF065FA00231800BD4606B07C
:1097500080BDC0464001002010A7020814A70208DF
:1097600090B587B000AFF860B9607A6016243B19F5
:1097700000221A8011F06CFF02003B191A803B197D
:109780001B88254A94466344082B2CD89A00234B07
:10979000D3181B689F46224B1968224AFB681800A1
:1097A0001AF08CF827E01E4B19681F4AFB68180056
:1097B0001AF084F81FE01A4B19681C4AFB6818005D
:1097C0001AF07CF817E0164B1968194AFB68180064
:1097D0001AF074F80FE0124B1968164AFB6818006B
:1097E0001AF06CF807E00E4B1968134AFB68180072
:1097F0001AF064F8C046114B1C6811F01DFF0300FD
:109800001B0BFA68F86821001AF058F800231800BA
:10981000BD4607B090BDC046C0FBFFFF5CA7020875
:109820004401002018A7020824A7020830A7020854
:109830003CA7020848A7020854A7020848010020D4
:1098400080B584B000AFF860B9607A60074B1968E2
:10985000074B1B681B041A0CFB6818001AF02EF843
:1098600000231800BD4604B080BDC0464C01002056
:10987000CCF7FF1FF0B58FB004AFF860B9607A6025
:109880001823FB18D54A13CA13C312881A80D44B65
:109890001C78D44B1D68D34B1B681800F6F73EFCB0
:1098A00003009AB201235B42009332232900200077
:1098B0000EF03EF92723FB1801221A702623FB180D
:1098C00000221A7076E126203B181A78C649130048
:1098D0009B009B189B005B5C002B1AD0C34B1C6841
:1098E0002723FB181D783B181A78BF4913009B00EB
:1098F0009B189B00CB1810331B7819001823FA18FB
:109900000B00DB005B1AD318F8682A00210019F05D
:10991000D5FF2623FB181A78B34913009B009B1828
:109920009B005B5C012B03D0032B00D1B5E0FBE077
:109930002623FB181A78AC4913009B009B189B0048
:10994000CB1803331B780E2B00DDA4E00C2B00DBBF
:1099500075E00B2B00DD9EE0092B44DA052B02D0CD
:10996000062B20D097E0A24B1C6826203B181A78C3
:109970009D4913009B009B189B00CB1802331B785A
:109980001D003B181A78984913009B009B189B00F8
:10999000CB180C331B68FA68F86800932B00210081
:1099A00019F08CFF78E0934B1C6826203B181A783E
:1099B0008D4913009B009B189B00CB1802331B782A
:1099C0001D003B181A78884913009B009B189B00C8
:1099D000CB180C331B68FA68F86800932B00210041
:1099E00019F06CFF58E0844B1C6826203B181A784D
:1099F0007D4913009B009B189B00CB1802331B78FA
:109A00001E003B181A78784913009B009B189B0096
:109A1000CB1804331B781D003B181A7872491300C9
:109A20009B009B189B00CB180C331B68FA68F868E6
:109A3000019300953300210019F040FF2CE06F4B9B
:109A40001C6826203B181A78674913009B009B1856
:109A50009B00CB1802331B781E003B181A78624912
:109A600013009B009B189B00CB1804331B781D0030
:109A70003B181A785C4913009B009B189B00CB187D
:109A80000C331B68FA68F8680193009533002100D5
:109A900019F014FF00E0C04646E026243B191A786E
:109AA00013009B009B189B004F4A9B18991D142381
:109AB000FB18042218001AF0ACF8514B1D68200066
:109AC0003B181A78484913009B009B189B00CB1841
:109AD00003331B785A1E4B4913005B009B189B00F5
:109AE000CB1808331E683B181A783F4913009B00B7
:109AF0009B189B00CB1801331B785A1E13005B0088
:109B00009B18414A9C187B69181CF9F725FA02003A
:109B10000B00F968F86802920393009433000A007E
:109B2000290019F0CBFEC04610E0384B1968384BBD
:109B3000FA68F86819F0C2FE354B1800F6F7EEFA2D
:109B40000200334B0021180019F037FF26257B193E
:109B50001A78254913009B009B189B00CB180C33E7
:109B60001B682B4A11001800FDF776FB031EDCD1A1
:109B7000284B1A68FB681100180019F026FF184BD3
:109B80001C78FB681800F6F7C9FA03009AB2F96866
:109B900001235B420093322320000DF0C9FF2722EE
:109BA000BB18BA18127801321A707B191A787B190F
:109BB00001321A70184B1B782622BA1812789A4272
:109BC00000D280E6154B1A68FB68110018001AF0E5
:109BD00018F800231800BD460BB0F0BD80A702089E
:109BE0000013002050010020E81300205401002041
:109BF000580100205C010020600100206401002069
:109C000068010020C8010020349502086C01002082
:109C10001C160020700100204C140020740100204C
:109C200080B588B000AFF860B9607A6000233B610E
:109C30001F23FB1800221A701023FA187B680121D9
:109C400018000EF06BFB0300BB61BB69180018F035
:109C50006CFA020017217B181A700A00BB181B78D7
:109C6000002B05D0184B1B78BA1812789A4203D9EA
:109C70001F23FB18FF221A701F23FB181B78002BD1
:109C800016D11723FB181B785A1E104913009B008E
:109C90009B189B00CB18103301221A7007F02EFF7F
:109CA0000B4B1A68FB681100180019F0AAFF06E0B8
:109CB000084B1A68FB681100180019F0A2FF002376
:109CC0001800BD4608B080BD4C140020E8130020E9
:109CD000780100207C01002080B588B000AFF860DA
:109CE000B9607A6000233B611F23FB1800221A70C1
:109CF0001023FA187B68012118000EF00FFB0300F7
:109D0000BB61BB69180018F010FA020017217B181C
:109D10001A700A00BB181B78002B05D0184B1B7853
:109D2000BA1812789A4203D91F23FB18FF221A701F
:109D30001F23FB181B78002B16D11723FB181B7849
:109D40005A1E104913009B009B189B00CB18103320
:109D500000221A7007F0D2FE0B4B1A68FB68110044
:109D6000180019F04EFF06E0084B1A68FB68110056
:109D7000180019F046FF00231800BD4608B080BD4A
:109D80004C140020E81300208001002084010020F2
:109D900090B589B000AFF860B9607A6000233B618C
:109DA0001F23FB1800221A701023FA187B68012168
:109DB00018000EF0B3FA0300BB61BB69180018F07D
:109DC000B4F9020017217B181A700A00BB181B781F
:109DD000002B05D05F4B1B78BA1812789A4203D932
:109DE0001F23FB18FF221A701F23FB181B78002B60
:109DF00000D096E017243B191B785A1E56491300D1
:109E00009B009B189B0000225A543B191B785A1E3A
:109E1000514913009B009B189B00CB180133002273
:109E20001A703B191B785A1E13009B009B189B004D
:109E3000494A9B18023304220021180019F0BDFD85
:109E40003B191B785A1E444913009B009B189B002A
:109E5000CB18103300221A703B191B785A1E3E494A
:109E600013009B009B189B00CB180C331B68180039
:109E700018F072F920003B181B785A1E364913005F
:109E80009B009B189B00CB180C3300221A601E23EA
:109E9000FB183A1812781A7034E01E203B181A7812
:109EA0002D4913009B009B189B005B5C002B23D06B
:109EB00001007B181B785A1E13009B009B189B0007
:109EC000254A98180C007B181A7813009B009B18E1
:109ED0009B00214A9B181422190019F09AFE3B1985
:109EE0001A7813009B009B189B001B4A9B18142296
:109EF0000021180019F061FD1E217B181A787B18CB
:109F000001321A70134B1B781E22BA1812789A422B
:109F1000C3D3104B1B78013BDAB20E4B1A7007F01B
:109F2000EDFD1F23FB181B78002B07D10B4B1A6884
:109F3000FB681100180019F064FE06E0084B1A686F
:109F4000FB681100180019F05CFE00231800BD46E4
:109F500009B090BD4C140020E813002088010020B7
:109F60008C01002090B58BB000AFF860B9607A60CA
:109F70000023BB6100237B612723FB1800221A709A
:109F80001823FA187B68012118000EF0C7F90300A6
:109F90003B623B6A1B785BB2702B09D13B6A013391
:109FA000180018F0C8F802002623FB181A7003E006
:109FB0002723FB1867221A701423FA187B680221E2
:109FC00018000EF0ABF90300FB61FB691B785BB274
:109FD000702B09D1FB690133180018F0ACF80200AE
:109FE0002523FB181A7003E02723FB1867221A7039
:109FF0002722BB181B78002B0DD1BC182523FB187A
:10A000001A782623FB181B7811001800FBF796FF1F
:10A010000300237003E02723FB1867221A7027230D
:10A02000FB181B78002B0BD1124B19682623FB1849
:10A030001A782523FB181B78F86819F03FFC13E009
:10A040002723FB181B78672B07D10B4B1A68FB687B
:10A050001100180019F0D5FD06E0084B1A68FB68DE
:10A060001100180019F0CDFD00231800BD460BB0FB
:10A0700090BDC0469001002094010020980100206E
:10A0800090B58BB000AFF860B9607A600023BB6117
:10A0900000237B612723FB1800221A701823FA186B
:10A0A0007B68012118000EF039F903003B623B6A1E
:10A0B0001B785BB2702B09D13B6A0133180018F092
:10A0C0003AF802002623FB181A7003E02723FB1836
:10A0D00067221A701423FA187B68022118000EF008
:10A0E0001DF90300FB61FB691B785BB2702B09D182
:10A0F000FB690133180018F01EF802002523FB1835
:10A100001A7003E02723FB1867221A702722BB1856
:10A110001B78002B0DD1BC182523FB181A78262399
:10A12000FB181B7811001800FBF72EFF03002370AB
:10A1300003E02723FB1867221A702723FB181B78DC
:10A14000002B0BD1124B19682623FB181A782523F4
:10A15000FB181B78F86819F0B1FB13E02723FB18F4
:10A160001B78672B07D10B4B1A68FB68110018008E
:10A1700019F047FD06E0084B1A68FB68110018004B
:10A1800019F03FFD00231800BD460BB090BDC0463E
:10A190009C010020A0010020A4010020B0B58EB0D9
:10A1A00002AFF860B9607A600023FB612F23FB18CF
:10A1B00000221A701823FB18A84A12781A7000237C
:10A1C000BB621C23FA187B68012118000EF0A6F868
:10A1D00003007B62A24A7B6A11001800F5F794FF26
:10A1E000031E00D0B3E0BB6A002B05D19D4B1B784A
:10A1F000013B9D4AD35CBB622E23FB1801221A70DF
:10A200009EE0984B1B782E243A1912789A4200D17E
:10A2100090E018F0CFF90300DAB218257B191A7014
:10A2200079193B191878642300930A2301220DF051
:10A230007FFC3B191B7818000DF02CFD03001B68F8
:10A240005B6ADAB214217B181A707B191A787B18B2
:10A250001B789A4204D12F23FB1800221A7003E0C6
:10A260002F23FB1806221A702F23FB181B78002BB4
:10A2700018D17E4B19682E23FB181A78FB6818003A
:10A2800019F01CFB774B1C78FB681800F5F746FFAC
:10A2900003009AB2F968642300930A2320000DF0AA
:10A2A00047FC1CE02F23FB181B78062B17D1704BA3
:10A2B00019682E23FB181A78FB68180019F0FEFAAB
:10A2C000684B1C78FB681800F5F728FF03009AB26A
:10A2D000F968642300930A2320000DF029FC654BE4
:10A2E0001A68FB681100180019F08BFC5D4B1C7894
:10A2F000FB681800F5F712FF03009AB2F9686423AF
:10A3000000930A2320000DF013FC02E0012011F05D
:10A310006FF9544B1B785A1EBB6A591C56481300E0
:10A320005B009B189B01C3185B5C002BEED0BB6AE3
:10A330000133BB622E217B181A787B1801321A7008
:10A340002E23FB181B78032B00D85AE780E07B6A8A
:10A350001B785BB2702B00D073E07B6A013318006E
:10A3600017F0E9FE020023243B191A703B191B78F1
:10A37000002B37D03B191B78032B33D82F23FB1826
:10A380001B78002B1CD118F015F90300DAB2182144
:10A390007B181A7079183B191878642300933223BC
:10A3A00001220DF0C5FB2E23FB181B7818000DF0C1
:10A3B00071FC03001B685B6ADAB21423FB181A7085
:10A3C0001823FB181A781423FB181B789A4204D11F
:10A3D0002F23FB1800221A7008E02F23FB180622F7
:10A3E0001A7003E02F23FB1866221A702F23FB1824
:10A3F0001B78002B09D11D4B19682323FB181A78F1
:10A40000FB68180019F05AFA22E02F23FB181B787A
:10A41000662B07D1194B1A68FB681100180019F058
:10A42000F0FB15E02F23FB181B78062B10D1104BE7
:10A4300019682323FB181A78FB68180019F03EFAF4
:10A4400006E00F4B1A68FB681100180019F0D9FBE1
:10A4500000231800BD460CB0B0BDC04690A702084E
:10A460008CA50208001300201C190020A801002060
:10A47000AC010020B0010020A4160020B40100208F
:10A48000B8010020B0B58CB000AFF860B9607A6058
:10A490000023BB6100237B612B23FB1800221A7071
:10A4A00000233B611823FA187B68012118000DF086
:10A4B00035FF03007B621423FA187B680221180021
:10A4C0000DF02CFF03003B627B6A1B785BB2322BE2
:10A4D00004D07B6A1B785BB2332B57D17B6A1800A0
:10A4E00017F029FE02001F23FB181A702D4A3B6A41
:10A4F00011001800F5F708FE031E07D02A4A3B6A30
:10A5000011001800F5F700FE031E37D1254A3B6AFB
:10A5100011001800F5F7F8FD031E02D1214BFB6274
:10A5200009E0204A3B6A11001800F5F7EDFD031E13
:10A5300001D11D4BFB62FA6A1F243B191B781100E5
:10A5400018000CF091F810257A19F96A3B191B785C
:10A5500018000CF0DFF87A19FB681100180019F0E8
:10A5600050FB3B69181CF6F73BF803009BB21A003E
:10A570000E49FB68180019F0A1F90EE00C4B1A689F
:10A58000FB681100180019F03CFB06E0094B1A6843
:10A59000FB681100180019F034FB00231800BD46B9
:10A5A0000CB0B0BD94A7020898A70208A0A70208A3
:10A5B000BC010020C001002090B587B000AFF8605A
:10A5C000B9607A6000237B6100233B611023FA1895
:10A5D00014243B19110018000CF022F93A19FB68F9
:10A5E0001100180019F00DFB7B69181CF8F7B4FC7A
:10A5F00002000B000449F86819F060F90023180004
:10A60000BD4607B090BDC046B0A7020890B587B060
:10A6100000AFF860B9607A6000237B6100233B6182
:10A620001023FA1814243B19110018000CF0F8F844
:10A630003A19FB681100180019F0E3FA3B69181C7D
:10A64000F8F78AFC02000B000449F86819F036F9A3
:10A6500000231800BD4607B090BDC046D4A702082D
:10A6600080B58AB000AFF860B9607A600023BB6142
:10A670002723FB1800221A7000237B611823FA1885
:10A680007B68012118000DF049FE03003B623B6A24
:10A690001B785BB2322B04D03B6A1B785BB2332B46
:10A6A0001AD13B6A180017F046FD02001F217B18E3
:10A6B0001A701423FA187B181B78110018000CF07C
:10A6C000A7F97B69181CF8F747FC02000B00084942
:10A6D000F86819F0F3F806E0064B1A68FB681100F9
:10A6E000180019F08EFA00231800BD460AB080BD8C
:10A6F000FCA70208C4010020B0B586B000AFF86026
:10A70000B960BB1D1A8017257C19FB68180007F07B
:10A710007DFF030023707B191B78204AD35C002B3C
:10A720000BD07B191B781D4AD35C012B05D07B19FC
:10A730001B781A4AD35C032B22D117243B191B78B0
:10A74000180009F063F920003B181B785A1E144BBF
:10A750009200B968D1503B181B78104A0221D1549D
:10A760003B181B785A1E0F4B92000021D150BB1D85
:10A770001A88B968FB68180009F0B6F8002309E0E8
:10A780001723FB181B78054AD35C022B01D1172332
:10A7900000E017231800BD4606B0B0BD5C0D0020D8
:10A7A000201900202C19002080B500AF074B1B6832
:10A7B00008221A62064B1B6808221A62054B1B68A6
:10A7C00008221A62C046BD4680BDC046181E002041
:10A7D000AC1E0020FC20002080B588B002AFFA2318
:10A7E0009A0048494848494B0193032300930023AA
:10A7F0000EF057FFFA239A0045494648464B01930D
:10A800000323009300230EF04CFFFA239A004349E0
:10A810004348444B01930323009300230EF041FF70
:10A82000FCF7D8FEFA239A003F494048404B019379
:10A830000323009300230EF034FFFA239A003D49CE
:10A840003D483E4B01930423009301230EF029FF62
:10A85000FA239A003A4938483A4B0193042300936B
:10A8600002230EF01EFFFA239A0037493248374B75
:10A8700001930423009303230EF013FF00237B6155
:10A880001423FB18012118000DF0DCFB0200304BF3
:10A890005A6000233B611023FB18012118000DF0C2
:10A8A000D1FB02002B4B5A600023FB600C23FB18EA
:10A8B000012118000DF0C6FB0200254B9A60002311
:10A8C000BB600823FB18012118000DF0BBFB020040
:10A8D000204B9A6000237B603B1D012118000DF086
:10A8E000B1FB02001A4BDA6000233B603B00012100
:10A8F00018000DF0A7FB0200164BDA60C046BD46FB
:10A9000006B080BD34B1020859A90008881A002099
:10A9100040B10208DDBE0008901A00204CB10208C8
:10A92000172102088C1A002058B10208556000084F
:10A93000941A002060B1020841C70008981A00204C
:10A940006CB102089C1A002078B10208A01A0020FD
:10A95000A41A0020C01A002080B582B000AF786031
:10A96000314B1B78032B33D049DC012B02D0022B57
:10A9700017D044E080231902A023DB050122180030
:10A9800013F063F8C8200DF049FB80231902A023BF
:10A99000DB050022180013F058F8234B00221A7030
:10A9A0002EE080231902A023DB050122180013F0FA
:10A9B0004CF864200DF032FB80231902A023DB0544
:10A9C0000022180013F041F8174B00221A7017E00C
:10A9D00080231902A023DB050122180013F035F8AB
:10A9E0001E200DF01BFB80231902A023DB05002293
:10A9F000180013F02AF80C4B00221A7000E0C04631
:10AA00000AF0AEFAFCF766FD00F014F8074B1B786D
:10AA100001225340DBB2002B02D0054B00221A70FA
:10AA20000DF0EEFE9CE7C046540D00203C3A00209D
:10AA30003D3A0020B0B500AFD84B1B68032B00D0C7
:10AA400043E2D64B00221A60D54B00221A70D54B38
:10AA500020221A70D44B00221A70D44B03221A7091
:10AA600064200CF0A3FDCF4B1A78D04B1B789A4290
:10AA700011D0CD4B1B785A1CD1B2CB4A11701A00A1
:10AA8000C84B1978CA4B9954C64B1A78C74B1A70E1
:10AA9000C44B03221A70C54B1B78202B0BD0C34B21
:10AAA0001B78002B07D0BE4B1B78012B03D0BC4B6F
:10AAB0001B78022BD1D1BA4B1B78002B00D0EBE0D6
:10AAC000B94B00221A70BA4B1B785B2B59D1B64B8D
:10AAD0001B780133DAB2B44B1A70B34B1B781A00EF
:10AAE000B34B9B5C0A211800F5F7BAFB0B00DAB2F6
:10AAF000B04B1B789A4214D1AB4B1B780133DAB2BE
:10AB0000A94B1A70A84B1B781A00A94B9B5C0A2111
:10AB10001800F5F7A5FB0B00DAB2A74B1A70C04678
:10AB20000CE0A14B1B780233DAB29F4B1A70D4E7CA
:10AB30009D4B1B780133DAB29B4B1A709A4B1B78F2
:10AB40001A009B4B9B5C5D2BF2D1974B1B7801331A
:10AB5000DAB2954B1A70994B01221A70974B1B78F9
:10AB60001A00954BD018904B1B781A00904BD118B7
:10AB70008D4B1B781A0014239B1A1A0019F049F800
:10AB800060E08B4B1B78232B22D1894B5B780A2109
:10AB90001800F5F765FB0B00DAB2874B1A70824B91
:10ABA00002221A70854B01221A70844B1B781A00FE
:10ABB000814BD0187C4B1B781A007D4BD1187A4BF7
:10ABC0001B781A0014239B1A1A0019F022F839E096
:10ABD000774B1B783D2B35D1754B5B780A211800DC
:10ABE000F5F73EFB0B00DAB2724B1A70704B9B7894
:10ABF0000A211800F5F734FB0B00DAB2704B1A701B
:10AC00006B4BDB780A211800F5F72AFB0B00DAB250
:10AC1000694B1A70644B04221A70684B01221A7037
:10AC2000664B1B781A00644BD0185F4B1B781A00D8
:10AC30005F4BD1185C4B1B781A0014239B1A1A0027
:10AC400018F0E7FF5C4B1A785E4B1A705D4B1B786F
:10AC50001A0013001B019B1A5B4A9B180F2200214C
:10AC6000180018F0AAFE574B1B781A0013001B019E
:10AC70009B1A554A9B1850490F22180018F0C9FF1B
:10AC80004B4B14220021180018F097FE4A4B142257
:10AC90000021180018F091FE414B1B78012B6ED15A
:10ACA0004A4B00221A704A4B01221A70494B00226B
:10ACB0001A7032E0474B1B781900454B1B785A1C21
:10ACC000D0B2434A10701C00404B1B785A1CD0B2C3
:10ACD0003E4A107018003C4A0B001B015B1AD31847
:10ACE0001A5D3D4B1A54012010F082FC374B1B7843
:10ACF000013B394AD35C002B06D0344B1B78013B17
:10AD0000354AD35C202BD5D1324B1B780133DAB2D4
:10AD1000304B1A702E4B01221A702E4B1A78284B8A
:10AD20001B789A42C6D11E4B00221A70294B002272
:10AD30001A702A4B00221A7017E0284B1B781A0051
:10AD4000264B1B781800244B995C254AC0235B00D6
:10AD50001218D3180A1C1A70012010F049FC1F4B5E
:10AD60001B780133DAB21D4B1A701C4B1B783F2B3A
:10AD7000E3D9194B40220021180018F01EFE084BA1
:10AD80001B78022B00D065E6104B00221A70104B86
:10AD900001221A700F4B00221A7056E03009002071
:10ADA00035090020340900207F1A0020781A00207D
:10ADB000D81900207A1A0020EC190020801A0020EF
:10ADC000791A00207E1A0020001A00207B1A002029
:10ADD0007C1A00207D1A002098190020811A00207A
:10ADE000A41600203A4B1B7819003A4B1B785A1CCA
:10ADF000D0B2384A10701C00374B1B785A1CD0B2A6
:10AE0000354A10701800354A0B001B015B1AD31825
:10AE10001A5D334B1A54012010F0EAFB2E4B1B78BD
:10AE2000013B2F4AD35C002B06D02B4B1B78013BF8
:10AE30002B4AD35C202BD5D1254B1B780133DAB2BA
:10AE4000234B1A70234B01221A70214B1A78254B81
:10AE50001B789A42C6D11E4B00221A7024E0224B66
:10AE600000221A7017E0204B1B781A001E4B1B782B
:10AE700018001B4B995C1D4AC0235B001218D318A5
:10AE80000A1C1A70C8200CF091FB174B1B78013379
:10AE9000DAB2154B1A70144B1B783F2BE3D9144BC5
:10AEA0001B68180010F0A4FB124B1B78002BD6D1A6
:10AEB0000B4B40220021180018F07FFD0E4BC022E2
:10AEC0000021180018F079FDC4E5C046BD46B0BDAC
:10AED0007D1A00207C1A00207B1A0020001A002016
:10AEE00098190020791A0020811A0020A416002049
:10AEF00030090020350900202418002080B500AF5B
:10AF0000064B1B6806491800F5F724F903001A00E0
:10AF1000044B1A60C046BD4680BDC046DC0100201F
:10AF200010270000841A002080B588B000AF1E4BA7
:10AF30001B68FA2291001800F5F70CF90300013B99
:10AF40007B611A4B3B611A4BFB608023DB04BB60C7
:10AF50003B691B687A69D31AFB610EF0DBFE0300C4
:10AF6000BB61FB681B68BA68134007D0BB6901333B
:10AF7000BB613B691B687A69D31AFB61BA6913002C
:10AF80009B009B185B007B600A4B1B681900F869EB
:10AF9000F5F7E0F803001A007B689B187B607B687C
:10AFA0001800BD4608B080BDDC01002018E000E0BC
:10AFB00004ED00E0841A0020B0B588B002AFB9609B
:10AFC0007A6019000F23FB18021C1A700E203B1820
:10AFD0000A1C1A7000237B6101007B181A78282351
:10AFE000FB181B789A4207D17B181B781A008D4BEF
:10AFF00002219954672310E10E23FB181B78002BC4
:10B0000004D02823FB181B78002B01D1672304E10F
:10B010000F23FB181B78002B39D10E23FB181B784C
:10B0200018000CF037FE04002823FB181B781800CA
:10B030000CF030FE0300012219002000FFF75CFB3A
:10B040000300172B01D11723E7E07A6813005B0197
:10B050009B1A9B009B18DB001A00FA239900100032
:10B06000F5F778F8030019000E243A196E486F4B73
:10B070000093130000220FF025FF03007B613B19B2
:10B080001B785A1E6A4B9200B968D150B6E00F2364
:10B09000FB181B78012B39D12823FB181B781800CB
:10B0A0000CF0F8FD04000E23FB181B7818000CF0C0
:10B0B000F1FD0300012219002000FFF71DFB030032
:10B0C000172B01D11723A8E07A6813005B019B1AA4
:10B0D0009B009B18DB001A00FA2399001000F5F77B
:10B0E00039F8030019002823FB184F484F4A0092F3
:10B0F00000220FF0E7FE03007B610E23FB181B7894
:10B100005A1E4B4B9200B968D15077E00F23FB18C1
:10B110001B78022B70D10E23FB181B7818000CF043
:10B12000B9FD04002823FB181B7818000CF0B2FDB1
:10B130000300012219002000FFF7DEFA0300172B9D
:10B1400001D1172369E07A6813005B019B1A9B0009
:10B150009B18DB001A00FA2399001000F4F7FAFF9D
:10B16000030019000E257A192F48304B0093130065
:10B1700000220FF0A7FE03007B617B191B785A1E8B
:10B180002B4B9200B968D1502823FB181B7818006C
:10B190000CF080FD04007B191B7818000CF07AFD80
:10B1A0000300012219002000FFF7A6FA0300172B65
:10B1B00001D1172331E07A6813005B019B1A9B00D1
:10B1C0009B18DB001A00FA2399001000F4F7C2FF65
:10B1D0000300190028243B191348144A0092002246
:10B1E0000FF070FE03007B613B191B785A1E104B59
:10B1F0009200B968D15001E067230EE07B69002B13
:10B200000AD00EF079FD0200786901235B420093B9
:10B21000002301210FF0A6FE00231800BD4606B052
:10B22000B0BDC0465C0D00208CB1020835B20008EC
:10B230003819002080B584B000AF78600023FB602F
:10B240007B68180010F03CF90300FB60FB68DBB280
:10B25000180008F07DFBFB68DBB2180008F0FEFB6D
:10B26000C046BD4604B080BDF0B587B002AF020055
:10B27000FB1D1A700F26BB1900221A70174B0022F3
:10B280001A70FB1D1B785A1E0E25791914481300DD
:10B29000DB009B1ADB001B5C0B70124B1A780D2332
:10B2A000FC187B191B7819001000F9F74DFC0300FE
:10B2B0002370FB1D1B789BB27A1911780D22BA18E6
:10B2C0001078009300230A00002100F015F9BB1943
:10B2D0001B781800BD4605B0F0BDC046AC0D00207F
:10B2E000E8110020580D002080B586B002AF0200A2
:10B2F000FB1D1A70BB1D0A1C1A700F23FB180022BD
:10B300001A70134B00221A70124BFA1D12781A7021
:10B31000FB1D1B78FF2B0AD1BB1D1B789BB2009332
:10B320000023FF220021002000F0E6F809E0BB1D09
:10B330001B789BB200930023FE220021002000F026
:10B34000DBF80F23FB181B781800BD4604B080BD46
:10B35000AC0D00208500002080B582B000AF020057
:10B36000FB1D1A70FB1D1B78032B15D01CDC012B59
:10B3700002D0022B08D017E00E4B186800230222DF
:10B3800000210FF003FC10E00B4B18680023022291
:10B3900000210FF0FBFB08E0084B18680023022295
:10B3A00000210FF0F3FB00E0C046C046BD4602B0EE
:10B3B00080BDC046981A00209C1A0020A01A0020C8
:10B3C000B0B584B002AF05000C0010001900FB1DE1
:10B3D0002A1C1A70BB1D221C1A703B1D021C1A80ED
:10B3E000BB1C0A1C1A80184B01221A70174BBA1D7D
:10B3F00012781A70BB1D1B78FF2B0CD13B1D1A88CD
:10B40000FB1D1978BB1C1B8800931300FF22002032
:10B4100000F072F80BE03B1D1A88FB1D1978BB1C6D
:10B420001B8800931300FE22002000F065F8BB1C6F
:10B430001A88074B0021180018F0BFFA00231800E3
:10B44000BD4602B0B0BDC046AC0D00208500002056
:10B45000CC120020B0B586B002AF04000800110085
:10B46000FB1D221C1A703B1D021C1A80BB1C0A1CEF
:10B470001A800F23FB1800221A700E257B19002258
:10B480001A70FB1D1B78FF2B20D0194B1A787C19E2
:10B49000FB1D1B7819001000F9F756FB0300237001
:10B4A000134B19783B1D1C88FB1D1A787B191878E3
:10B4B000BB1C1B880093230000F01EF8BB1C1A88DD
:10B4C0000C4B0021180018F078FA09E0084B1878A6
:10B4D000BB1C19883B1D1A880B00FF21FFF770FF6A
:10B4E0000F23FB181B781800BD4604B0B0BDC04642
:10B4F000580D0020CC120020B0B588B002AF050076
:10B500000C0010001900FB1D2A1C1A70BB1D221C08
:10B510001A707B1D021C1A70BB1C0A1C1A800F2398
:10B52000FB1800221A701723FB1800221A7016232A
:10B53000FB1800221A700E23FB1800221A70152324
:10B54000FB1800221A70FB1D1B78002B03D17B1DFA
:10B550001B78002B17D0FB1D1B78002B07D17B1D00
:10B560001B78FF2B03D07B1D1B78FE2B0BD1FB1D03
:10B570001B78002B09D0BB1D1B78002B05D07B1D31
:10B580001B78002B01D16723F7E200200EF046FA6A
:10B590000300BB60052100200EF05AFAD14B48226F
:10B5A0001A70D04B5A225A70FB1D1B78002B0BD1FE
:10B5B000BB1D1B78002B07D17B1D1B78FF2B07D0F1
:10B5C0007B1D1B78FE2B03D0BB1C1B88002B18D1C6
:10B5D00028203B181B885A1E17243B19C2498A5C35
:10B5E0001A703B181B885A1E1300DB009B1ADB00E5
:10B5F000BE4A99183B191A78BD4B180018F009FB80
:10B60000CBE1BB1D1B78002B03D1BB1DB94A1278BF
:10B610001A70BB1C1B88FF2B03D91523FB180122B2
:10B620001A70B04B1722BA1812789A70AD4B7A1D67
:10B630001278DA70AB4BBA1D12781A71AE4B1B78C8
:10B640005AB2AD4B1B791B015BB213435AB2AA4BE2
:10B650005B789B005BB213435AB21523FB181B782F
:10B660005B005BB213435AB20E217B181B785BB2AE
:10B6700013435BB2DAB29B4B5A717B181B78002BD9
:10B6800005D01622BB18BA18127801321A7016208B
:10B690003B181B780633BA1C1288D1B2914AD15498
:10B6A0001523FB181B78002B0ED03B183A18127884
:10B6B00001321A70BB1C1B881B0A9AB23B181B78FC
:10B6C0000633D1B2874AD15428243B191B882E2B2C
:10B6D0001BD816257B191B78DA1D824BD018874B97
:10B6E0001B881A00864BD1183B191B881A0018F0CA
:10B6F00090FA3B191B88DAB27B191B78D318DAB29F
:10B700001723FB1804321A706BE0764B5B798022AA
:10B7100052421343DAB2734B5A717A4A28217B188A
:10B720001B8813807B182E221A8056E0754B1A88CE
:10B7300028257B191B88934222D8BB1C1C887B1DA3
:10B740001A78BB1D1978FB1D18787B191B8800938C
:10B750002300FFF7D1FE0A200CF060FC694B1A8829
:10B7600029007B191B88D31A9AB2664B1A80634B47
:10B770001A887B181B88D3189AB2604B1A802CE069
:10B78000584B5B797F221340DAB2564B5A7128240A
:10B790003B195C4A12881A8016257B191B78DA1D22
:10B7A000504BD018554B1B881A00554BD1183B19DC
:10B7B0001B881A0018F02DFA504B00221A80514BAA
:10B7C00000221A803B191B88DAB27B191B78D31828
:10B7D000DAB21723FB1804321A704A4B1B88002B6D
:10B7E000A4D1494B1B78002B00D1D6E01423FB18C1
:10B7F00000221A70454B1B78FF2B52D01223FB18E6
:10B8000001221A8035E012203B181B885A1E404B3B
:10B810005200D35A1A003D4B1B781A4113000122E3
:10B82000134020D014217B187A18127801321A7034
:10B8300028243B191A887B181B78D3182C2B10DC72
:10B840001623FB181B78DA1D3B191B88D2187B18AE
:10B850001B78D318013B3A181288D1B2214AD1542F
:10B8600001E0692389E112217B181A887B180132D3
:10B870001A80284B1B789BB21222BA1812889A425F
:10B88000C1D91623FB181B78DA1D2823FB181B8847
:10B89000D21814217B181B78D318124A791809780A
:10B8A000D1541A4B1B78FF2B16D128217B181B88EB
:10B8B0002C2B11D8184B1B780133DAB2164B1A70A7
:10B8C0001623FB181B78DA1D7B181B88D318124A25
:10B8D0001178044AD1544AE00C4B1B78FF2B1DD140
:10B8E00069234AE190120020C8120020E8110020CC
:10B8F00093120020580D0020300D00204A1B00201C
:10B90000CC1200204C1B0020AC0D00208500002034
:10B91000B411002084000020FF120020994B1B78F6
:10B92000FF2B1ED028217B181A8814203B181B7867
:10B93000D3182B2B15DC944B1B780133DAB2924BC6
:10B940001A701623FB181B78DA1D7B181B88D21877
:10B950003B181B78D31801338B4A11788B4AD1548A
:10B9600005E0884B1B78FF2B01D0692305E1854B4F
:10B970001B78FF2B06D11722BB18BA181278013298
:10B980001A700AE01423FA1817217B1812781B7812
:10B99000D318DAB27B1802321A707C4B17243A198A
:10B9A00012789A703B191B7803331A007749784B49
:10B9B000180018F02EF921007B181B789BB2033376
:10B9C0009AB27B181B78DC1C714B1100180008F030
:10B9D000F7F903001A006D4B1A556D4B3822002100
:10B9E000180017F0EAFF7B1D1B78FF2B5FD07B1D33
:10B9F0001B78FE2B5BD0BB1C1B882C2B03D0BB1CE5
:10BA00001B882D2B0FD11723FB181B789BB20433F7
:10BA10009AB25E49FB1D18787B1D1B780093322378
:10BA2000F7F7EEFB3CE01123FB1800221A702DE023
:10BA300017243B191B789BB204339AB25349FB1D60
:10BA400018787B1D1B7800933223F7F7D9FBC820A9
:10BA50000CF0E4FA4F4B1B78002B20D14E4B1B7897
:10BA6000002B0DD03B191B789BB204339AB2474987
:10BA7000FB1D18787B1D1B7800933223F7F7C0FB62
:10BA800011217B181A787B1801321A701123FB18C8
:10BA90001B789AB2414BDB889A42C9D300E0C0467A
:10BAA0003C4B00221A703C4B00221A705AE0BB1C1F
:10BAB0001B88002B07D1BB1D1B78002B03D1BB1D9E
:10BAC000324A12791A70BB1D1B781800F8F764FE11
:10BAD0001023FB1801221A703FE0314B1B785A1ECD
:10BAE000304B5200D35A1A0010203B181B78013BF0
:10BAF0001A4113000122134023D017243B191B784D
:10BB00009BB204339AB221493B1818787B1D1B78ED
:10BB100000933223F7F774FBC8200CF07FFA1E4B1A
:10BB20001B78002B0DD03B191B789BB204339AB2C3
:10BB30001649FB1D18787B1D1B7800933223F7F7FD
:10BB40005FFB154B00221A700A200BF02FFD10210D
:10BB50007B181A787B1801321A701023FB181B7897
:10BB6000032BBAD9BB68190000200DF071FF0E4BF2
:10BB700002221A700F23FB181B781800BD4606B06E
:10BB8000B0BDC04685000020FF12002090120020AA
:10BB9000E4180020550D0020560D0020300D002027
:10BBA000580D0020780D0020FE120020F0B58BB05B
:10BBB00006AF05000C0010001900FB1D2A1C1A70AE
:10BBC000BB1D221C1A707B1D021C1A703B1D0A1C17
:10BBD0001A700B243B1900221A700F23FB18002245
:10BBE0001A700E23FB1800221A700D23FB18002276
:10BBF0001A70AE4B1B78BA1D12789A4248D0FB6A75
:10BC00001B0EDAB2AA4B1A70FB6A1B0CDAB2A84BF5
:10BC10005A70FB6A1B0ADAB2A54B9A70FB6ADAB259
:10BC2000A34BDA703B6B1B0EDAB2A14B1A713B6B64
:10BC30001B0CDAB29E4B5A713B6B1B0ADAB29C4B5F
:10BC40009A713B6BDAB29A4BDA71994A2023082138
:10BC50005B18DB191B781372954BFA1D12785A7218
:10BC6000934B3A1D12789A72914B7A1D1278DA72C0
:10BC70002C235B18DB191A788D4B1A73BB1D1B78AC
:10BC80000D221C211800FFF7E5FB3B191B7808E18A
:10BC90000C23FB1800221A70B6E03B1D1A78BB1D5E
:10BCA0001B7811001800F8F74FFF0C217B181B7848
:10BCB000804AD35C002B00D1A0E07B181B780133B5
:10BCC0007C4AD35C002B10D07B181B78794AD05C5F
:10BCD0007B181B780133774AD35C0E22BC181900FD
:10BCE000F8F732FF030023700EE00C23FB181B78DB
:10BCF000704AD25C0E23FC18BB1D1B781900100083
:10BD0000F8F722FF030023703B1D1A78BB1D1B7838
:10BD100011001800F8F718FF0C23FB181B78654A70
:10BD2000D35C3A1D12789A4205D10D23FB187A1D77
:10BD300012781A7010E00C217B181B785D4AD05CD9
:10BD40007B181B78013B5B4AD35C0D22BC181900A1
:10BD5000F8F7FAFE03002370FB6A1B0EDAB2544BAD
:10BD60001A70FB6A1B0CDAB2514B5A70FB6A1B0A41
:10BD7000DAB24F4B9A70FB6ADAB24D4BDA703B6B1A
:10BD80001B0EDAB24A4B1A713B6B1B0CDAB2484BF2
:10BD90005A713B6B1B0ADAB2454B9A713B6BDAB2B4
:10BDA000434BDA71424A202308215B18DB191B78C8
:10BDB00013723F4B0E22BA1812785A723C4B0D2266
:10BDC000BA1812789A722C235B18DB191A78384B40
:10BDD000DA723B1D1A78BB1D1B7811001800F8F7AA
:10BDE000B3FE0C23FB181B78324AD35C0C221B21B8
:10BDF0001800FFF72FFB0A200CF010F90C217B181C
:10BE00001A787B1801321A700C23FB181B78192B37
:10BE100000D842E7BA1D3B1D12781B789A4205D123
:10BE20000F23FB187A1D12781A700BE00F23FC18F1
:10BE30003B1D1A78BB1D1B7811001800F8F784FE13
:10BE400003002370FB1D1C783A6BF96A202508203B
:10BE50002B18DB1918780F26BB191B7800932300C9
:10BE6000FFF7AAF82C2308201B18DB191B78002BDE
:10BE700014D0FB1D1C783A6BF96A2B18DB19187863
:10BE800000230493002303930023029300230193D0
:10BE9000BB191B7800932300F8F73AF90B23FB1822
:10BEA0001B781800BD4605B0F0BDC046580D0020F7
:10BEB000CC120020301B002080B500AFBFF34F8FA5
:10BEC000C046044B044ADA60BFF34F8FC046C046F9
:10BED000FDE7C04600ED00E00400FA05F0B589B0CA
:10BEE00000AF78601023FB18DA4A12881A80022209
:10BEF000002199540C23FB18D64A12881A8002227A
:10BF000000219954D44B00221A7000F0FAFB172339
:10BF1000FB18D14A12781A70CF4B1B781A00CF4BFE
:10BF20009200D3581B68DBB2CB4A12781100402232
:10BF30005242D31ADAB2CA4B5A54C74B1B781A0072
:10BF4000C74B9A5CC44B1B781900C64B5B5C9A428A
:10BF500000D121E2C04B1A7816243B1901321A7025
:10BF60003B191B785A1EBC4B1B781900BD4B5B5C00
:10BF70001800BD4913005B009B189B01CB181B5C8C
:10BF80000D2B47D13B191B78B84AD35C002B41D10C
:10BF90000023FB610DE0B54AFB69D3181B78032B26
:10BFA00004D1B24AFB69D31800221A70FB6901332D
:10BFB000FB61FB69032BEEDD16203B181B78AB4AB7
:10BFC0000321D154AA4B3A1812781A703B181B78E7
:10BFD0005A1EA14B1B781900A24B5B5C1800A249AA
:10BFE00013005B009B189B01CB181A5CA14B1A70C5
:10BFF000A14B18680023022200210EF0C7FD9F4BC1
:10C000001B78012B02D19E4B01221A709B4B0122FF
:10C010001A70ABE116217B181B78944AD35C032B72
:10C0200015D17B181B785A1E8B4B1B7819008D4B32
:10C030005B5C18008C4913005B009B189B01CB18BC
:10C040001A5C8C4B1A708E4B01221A708EE11624EA
:10C050003B191B785A1E804B1B781900814B5B5C87
:10C060001800814913005B009B189B01CB181B5CD7
:10C07000482B0BD13B191B787C4AD35C002B05D194
:10C080003B191B78794A0721D1546FE116243B19DB
:10C090001B785A1E704B1B781900724B5B5C1800A2
:10C0A000714913005B009B189B01CB181B5C5A2B3A
:10C0B0000BD13B191B786D4AD35C072B05D13B197B
:10C0C0001B786A4A0821D15450E116243B191B7889
:10C0D0005A1E614B1B781900624B5B5C1800624969
:10C0E00013005B009B189B01CB181B5C5A2B0BD0D9
:10C0F0003B191B785D4AD35C072B05D13B191B7894
:10C100005A4A0021D15431E11626BB191B78574AEF
:10C11000D35C082B4CD1BB191B78544A0121D15454
:10C12000BB191B785A1E4C4B1B7819004D4B5B5C9E
:10C130001D0017243B1919783B191B785148C35C23
:10C140001C00494813005B009B189B01C3185D5DF0
:10C150004D482300DB001B1BDB000A009200521835
:10C16000D100891ACA0011005B18C31802332A1CB7
:10C170001A7017243B191B780C22BA180321D154CA
:10C18000BB191B785A1E344B1B781900354B5B5C6E
:10C190001800354913005B009B189B01CB181A5CF3
:10C1A0003B191B780132D1B21022BA18D154DDE00C
:10C1B00016217B181B782D4AD35C012B00D0D5E0CB
:10C1C00017203B181B781022BA18D35C012B5DD9BD
:10C1D0007B181B785A1E204B1B781900214B5B5C87
:10C1E0001E003B18197805003B181B782548C35CD6
:10C1F0001C007B191B780C257819C35C1D001A489C
:10C2000013005B009B189B01C3189E5D1E48230012
:10C21000DB001B1BDB000A0092005218D100891AB8
:10C22000CA0011005B18C318321C5A5517203B185E
:10C230001B780C243A19D25C0132D1B23A19D1548C
:10C240003B181B7810203A18D25C013AD1B23A1848
:10C25000D1548BE0A0B102082D0D0020140D002058
:10C26000040D00200C0D0020A41600205C0D002001
:10C27000001300202C0D0020941A0020A809002093
:10C28000A9090020B0090020B40900201623FB18DA
:10C290001B785A1E9E4B1B7819009E4B5B5C1E0040
:10C2A00017257B1919787B191B789B48C35C1C00E8
:10C2B0007B191B780C203818C35C1D0097481300AD
:10C2C0005B009B189B01C3189E5D95482300DB0013
:10C2D0001B1BDB000A0092005218D100891ACA0009
:10C2E00011005B18C318321C5A5517203B181B78D5
:10C2F0000C243A19D25C0132D1B23A19D1543B180C
:10C300001B7810243A19D25C013AD1B23A19D154AF
:10C310003B181B78804AD25C0132D1B27E4AD1549C
:10C320003B181B787C4AD35C052B04D13B181B7847
:10C33000794A0021D1547B4B1B7819007A4B162285
:10C34000BA1812785A54774B1B780133DAB2754B0E
:10C350001A70744B1B78052B02D1724B00221A7095
:10C360001623FB181B78714A0021D154684B1B78A7
:10C37000684AD25C0132D1B2664AD154644B1B7810
:10C380001A00644B9B5CC02B18D1614B1B781A00C0
:10C39000604B0021995411E05D4B1B781A00644BEF
:10C3A0009A5C5B4B1B7819005A4B5B5C9A4205D137
:10C3B000574B1B780133DAB2554B1A70594B1A7828
:10C3C0005C4B1B789A4200D199E15A4B1B781900BB
:10C3D00016203B18544A525C1A7017257B193A18DC
:10C3E0001278013A1A707B1919787B191B78524A16
:10C3F000D35C1A004A481300DB009B1ADB000A00DA
:10C4000092005218D100891ACA0011005B18482204
:10C410001A547B1919787B191B78474AD35C1A0088
:10C420003F481300DB009B1ADB000A009200521801
:10C43000D100891ACA0011005B18C31801335A22AF
:10C440001A707B1919787B191B783B4AD35C1A0048
:10C450001523F818324C1300DB009B1ADB000A008E
:10C4600092005218D100891ACA0011005B18E31813
:10C4700002331B7803702C003B1919783B191B7889
:10C480002D4AD35C1A0026481300DB009B1ADB0000
:10C490000A0092005218D100891ACA0011005B18D4
:10C4A0001A5C264B1A703B1919783B191B78224AE3
:10C4B000D35C1A001A481300DB009B1ADB000A0049
:10C4C00092005218D100891ACA0011005B18C318D3
:10C4D00001331A78194B5A703B1919783B191B789C
:10C4E000154AD35C1A000E481300DB009B1ADB00D0
:10C4F0000A0092005218D100891ACA0011005B1874
:10C50000C31802331A780D4B9A700023BB6137E0D1
:10C510002D0D00200C0D0020B0090020A4160020D5
:10C52000B4090020020D0020FC0C00205C0D00204E
:10C53000040D0020010D0020AC090020A81B0020E4
:10C540001722BB181978BB181B78724AD35C1A00E3
:10C55000BB69DC1CBB69D81C6F4D1300DB009B1A48
:10C56000DB000A0092005218D100891ACA0011009B
:10C570005B18EB181A5D694B1A54BB690133BB6138
:10C580001526BB191B78BA699A42D9DBBB191B78EF
:10C590009BB203339AB21423FC18604B11001800AD
:10C5A00007F00EFC030023705D4B1B8801339AB229
:10C5B0005B4B1A8017257B1919787B191B78554A14
:10C5C000D35C1A00BB191B78D81C534C1300DB003A
:10C5D0009B1ADB000A0092005218D100891ACA0087
:10C5E00011005B18E3181B5C1422BA1812789A42E7
:10C5F0005ED14C4B1B8801339AB24A4B1A802C00F7
:10C600003B191B78484A3500B9190978D1543B19B0
:10C610001A781300DB009B1ADB00444A98183B1978
:10C6200019783B191B783B4AD35C1A001300DB00D6
:10C630009B1ADB000A0092005218D100891ACA0026
:10C6400011005B18DA1C344BD1187B191B781A00C7
:10C6500017F0DFFA3B191A7834491300DB009B1AF4
:10C66000DB005A5C324B1B789A4213D03B191A7884
:10C670002E491300DB009B1ADB005B5CFF2B09D00B
:10C680003B191A7829491300DB009B1ADB005B5C1D
:10C69000FE2B06D11623FB181B781800FEF75CFE54
:10C6A0000CE01623FB181B781800FEF7DDFD05E0F3
:10C6B000204B1B8801339AB21E4B1A8017203B185F
:10C6C0001B78144AD25C0132D1B2124AD1543B18C1
:10C6D0001B78104AD35C052B04D13B181B780D4AFC
:10C6E0000021D154144B1B780133DAB2124B1A706B
:10C6F000114B1B78052B02D10F4B00221A700CF046
:10C700007FF80E4B1B78022B01D8FFF700FCFFF7D8
:10C71000F9FBC046AC090020B4090020A81B00208A
:10C72000A41B0020A01B0020C8120020E81100203C
:10C73000580D0020A21B0020010D00202D0D00200F
:10C74000F0B5C64600B5BAB004AFA4243B191860D2
:10C750003723A0215B18DA190023137036235B18E6
:10C76000DA190023137024235B18DA1900231370DD
:10C7700023235B18DA19002313703B191B6822224C
:10C780005218D219137001235B42190001200EF0D8
:10C79000BBF92221A0200B18DB191B785A1ECE4BA7
:10C7A0009B5C002B01D105F07AF80B18DB191B7884
:10C7B0005A1ECA491300DB009B1ADB00CB18023358
:10C7C0001B785BB2002B03DAC54A0123137002E029
:10C7D000C34A002313702224A0256319DB191B7898
:10C7E0005A1E21235B19D819BC491300DB009B1A80
:10C7F000DB005B5C03706319DB191B785A1E352361
:10C800005B19D819B5491300DB009B1ADB00CB1864
:10C8100001331B78037031204319DA190023137098
:10C820006319DB191B785A1EAC491300DB009B1AF5
:10C83000DB00CB1802331B781A00012313400BD006
:10C8400023235B19DA19012313704319DA194319E9
:10C85000DB191B78013313702220A0254319DB1943
:10C860001B785A1E9D491300DB009B1ADB00CB1876
:10C8700002331B785B08DBB21A0001231340242427
:10C880006219D1195A1E93410B704319DB191B7899
:10C890005A1E92491300DB009B1ADB00CB180233AF
:10C8A0001B789B08DAB203231340DBB28D4A537026
:10C8B0004319DB191B785A1E88491300DB009B1AA9
:10C8C000DB00CB1802331B781B09DBB21A000123F3
:10C8D00013405A1E9341DBB2824AD3704319DB19CD
:10C8E0001B785A1E7D491300DB009B1ADB00CB1816
:10C8F00002331A7860231340DBB27A4A13702A009D
:10C900006319DB191B78002B32D005008318DB1963
:10C910001B78591E3126B318DB191B78181D6F4A76
:10C920000B00DB005B1ADB00D3181B5C9BB21B0205
:10C930009CB2A022AB18DB191B78591E1500B31846
:10C94000DB191B78D81C654A0B00DB005B1ADB0087
:10C95000D3181B5C9BB22E225219D219E3181380F4
:10C960007319DA197319DB191B780133137015E089
:10C970002223A0241B19DB191B78591E31231B19F4
:10C98000DB191B78D81C554A0B00DB005B1ADB0057
:10C99000D3181B5C2E221219D2191380514BDB784D
:10C9A000002B0CD04F4A002313713523A0229B1873
:10C9B000DB191B7800222C211800FEF74BFD2121EA
:10C9C000A0200B18DB191B78002B0FD00B18DB19DC
:10C9D0001B78FD2B0AD8444B1A780B18DB191B78EF
:10C9E000934203D0404B1B78012B1ED12121A02064
:10C9F0000B18DB191B78002B00D179E00B18DB1921
:10CA00001B78FD2B00D973E0374B1A780B18DB1914
:10CA10001B7893426CD0344B1B78012B68D12E23AA
:10CA20001B18DB191B88102B62D02223A0229B1815
:10CA3000DB191B781800FEF717FC2A4B5B78002BDC
:10CA400002D02A4A032313702E23A0241B19DB19BA
:10CA50001B88192B13D164200EF0CAFD22231B1949
:10CA6000DB191A7821231B19DB19197835231B19B7
:10CA7000DB191878002305F067FA04F0FAFE2E237C
:10CA8000A0269B19DB191B881A2B01D004F0F1FE9C
:10CA900064200EF0ADFD2225AB19DB191B785A1E60
:10CAA00031239B19DB1918780C491300DB009B1A02
:10CAB000DB00CB181C5CAB19DB191A7821239B19FE
:10CAC000DB19197835239B19DB191878230005F039
:10CAD0003BFA04F0CEFEC046C8120020E811002048
:10CAE000FB120020300D0020580D0020540D0020B6
:10CAF0002123A0255B19DB191B78FF2B4ED12224A3
:10CB00006319DB191B78581E6319DB191B785A1E31
:10CB1000ED4B9B5C591EED4A0300DB001B1ADB004A
:10CB2000D3185A5CEA4B1B789A4237D06319DB1949
:10CB30001B78581E6319DB191B785A1EE24B9B5C4D
:10CB4000591EE24A0300DB001B1ADB00D3185B5CB2
:10CB5000DF4A1370DE4B1B78DE4A13706319DB1952
:10CB60001B781900FF20FEF7BFFB6319DB191B7848
:10CB7000581E6319DB191B785A1ED34B9B5C591E38
:10CB8000D24A0300DB001B1ADB00D21800235354E7
:10CB900037235B19DA190023137022E02123A02424
:10CBA0001B19DB191B78FF2B1BD122221319DB1950
:10CBB0001B78581E1319DB191B785A1EC24B9B5C3D
:10CBC000591EC24A0300DB001B1ADB00D3185A5C53
:10CBD000BF4B1B789A4204D137231B19DA19032360
:10CBE00013702123A0255B19DB191B78FE2B00D0C5
:10CBF000A9E022246319DB191B78581E6319DB197D
:10CC00001B785A1EB04B9B5C591EB04A0300DB00D8
:10CC10001B1ADB00D3185A5CAD4B1B789A4200D12B
:10CC200091E06319DB191B78581E6319DB191B7817
:10CC30005A1EA54B9B5C591EA44A0300DB001B1A1D
:10CC4000DB00D3185B5CA24A1370A14B1B78A14A8E
:10CC500013706319DB191B781900FE20FEF744FBE3
:10CC60006319DB191B78581E6319DB191B785A1ED0
:10CC7000954B9B5C591E954A0300DB001B1ADB0099
:10CC8000D2180023535422005319DB191B785C1E61
:10CC90005319DB191B785A1E8B4B9B5C981E34234F
:10CCA0005B19D919894A2300DB001B1BDB00D31851
:10CCB0001B5C0B7037235B19DA196623137033235F
:10CCC0005B19DA190023137031E02222A024131912
:10CCD000DB191B78581E1319DB191B785A1E7A4B67
:10CCE0009B5C9A1E34231B19DB191B78D21A332341
:10CCF0001B19DB191B78D118744A0300DB001B1ABF
:10CD0000DB00D3185A5C744B1B789A4206D1372348
:10CD10001B19DA1900231370C04637E03322A02113
:10CD20005318DB191B785218D219013313703323AF
:10CD3000A0215B18DA1934235B18DB1912781B78F1
:10CD40009A42C2D322E02123A0241B19DB191B78AD
:10CD5000FE2B1BD122221319DB191B78581E131925
:10CD6000DB191B785A1E584B9B5C591E574A03000F
:10CD7000DB001B1ADB00D3185A5C554B1B789A4218
:10CD800004D137231B19DA19032313703120A0248F
:10CD90000319DA190319DB191B78043313702223E2
:10CDA0001B19DB191B785A1E474B9A5C20231B1951
:10CDB000D9190319DB191B78D31A0B7037231B19E8
:10CDC000DB191B78002B01D004F069FD2E231B1901
:10CDD000DB191A882E2A0CDC002A01DA04F004FD83
:10CDE0002E2A01D904F000FD92003C4BD3181B6899
:10CDF0009F463B4B9A4200D16EE104F0F5FC394A64
:10CE0000012313700A200BF009F9374B1B78602BB4
:10CE100005D0354B1B78202B01D004F02EFD352397
:10CE2000A0229B18DB191B78002202211800FEF7B4
:10CE300011FB04F022FD284B1B7819002B4A0B0034
:10CE40009B005B185B009B5C002B0AD13523A02262
:10CE50009B18DB191A782649264B180016F02EFD70
:10CE600013E03522A0215318DB191C785318DB1965
:10CE70001B781A009200D21853001A001B4BD318CB
:10CE80001D491C48220016F019FD1C4B1C78194B3B
:10CE90001800F3F743F903009AB2164901235B42E5
:10CEA0000093322320000AF043FE154A002313703A
:10CEB00004F0F5FC80231902A023DB0501221800F1
:10CEC00010F0C3FD04F0EBFCC8120020E8110020B4
:10CED000921D0020FF120020580D0020E0B1020832
:10CEE000B3050000540D0020300D002088100020F4
:10CEF000A4B10208501B0020B8B1020800130020A2
:10CF0000FE12002080231902A023DB050022180056
:10CF100010F09BFD04F0C3FC80231A02A023DB0564
:10CF20001100180010F0AEFD04F0B9FC3523A0206C
:10CF30001B18DB191B789BB21B029CB222252B18F5
:10CF4000DB191B78591E31263318DB191B78981C06
:10CF50005C4A0B00DB005B1ADB00D3181B5C99B248
:10CF6000A0202B18DB191B785A1E63189BB2564958
:10CF7000920053522B18DB191B785A1E3318DB19F9
:10CF8000187850491300DB009B1ADB00CB181B5CA0
:10CF90009BB21B029CB2A0202B18DB191B78591ED8
:10CFA0003318DB191B78581C464A0B00DB005B1A50
:10CFB000DB00D3181B5C9AB2A026AB19DB191B78D7
:10CFC000591EA31898B2404A8B00D3189A1C031C10
:10CFD00013803E4B1B88DBB23D4A53703B4B1B8892
:10CFE0001B0A9BB2DBB23A4A1370394AAB19DB1900
:10CFF0001B78937002200BF011F8AB19DB1918782D
:10D00000032300930B2300220021FEF775FA04F09E
:10D0100046FC3523A0201B18DB191B789BB21B0292
:10D020009CB222252B18DB191B78591E3126331888
:10D03000DB191B78981C234A0B00DB005B1ADB0012
:10D04000D3181B5C99B2A0202B18DB191B785A1E31
:10D0500063189BB21C49920053522B18DB191B78A2
:10D060005A1E3318DB19187816491300DB009B1A77
:10D07000DB00CB181B5C9BB21B029CB2A0202B18C0
:10D08000DB191B78591E3318DB191B78581C0D4A05
:10D090000B00DB005B1ADB00D3181B5C9AB2A020EC
:10D0A0002B18DB191B78591EA31898B2064A8B005F
:10D0B000D3189A1C031C1380064A0023137004F033
:10D0C000EEFBC046E8110020600D00202400002087
:10D0D000CC120020FE1200202224A026A319DB1966
:10D0E0001B785A1E3125AB19DB191878FE4913003D
:10D0F000DB009B1ADB00CB181B5CFC4A1370A319E6
:10D10000DB191B78591EAB19DB191B78581CF64A22
:10D110000B00DB005B1ADB00D3181B5CF34A537077
:10D12000A319DB191B78591EAB19DB191B78981C46
:10D13000ED4A0B00DB005B1ADB00D3181B5CEB4AEB
:10D140009370A319DB191B78591EAB19DB191B78D7
:10D15000D81CE54A0B00DB005B1ADB00D3181B5C14
:10D16000E24AD370A319DB191B78591EAB19DB19DE
:10D170001B78181DDC4A0B00DB005B1ADB00D318A0
:10D180001B5CDA4A1371A319DB191B78591EAB1902
:10D19000DB191B78581DD44A0B00DB005B1ADB003F
:10D1A000D3181B5CD14A5371A319DB191B78591E84
:10D1B000AB19DB191B78981DCB4A0B00DB005B1AFF
:10D1C000DB00D3181B5CC94A9371A319DB191B78C8
:10D1D000591EAB19DB191B78D81DC34A0B00DB00A5
:10D1E0005B1ADB00D3181B5CC04AD371A319DB198F
:10D1F0001B78591EAB19DB191B7808331800BA4A83
:10D200000B00DB005B1ADB00D3181B5CB74A137200
:10D21000A319DB191B78591EAB19DB191B780933CD
:10D220001800B14A0B00DB005B1ADB00D3181B5C53
:10D23000AE4A5372A319DB191B78591EAB19DB19BF
:10D240001B780A331800A84A0B00DB005B1ADB00CE
:10D25000D3181B5CA54A9372A319DB191B78591EBE
:10D26000AB19DB191B780B3318009F4A0B00DB004E
:10D270005B1ADB00D3181B5C9C4AD372A319DB1921
:10D280001B78591EAB19DB191B780C331800964A12
:10D290000B00DB005B1ADB00D3181B5C934A137393
:10D2A000A319DB191B78591EAB19DB191B780D3339
:10D2B00018008D4A0B00DB005B1ADB00D3181B5CE7
:10D2C0008A4A5373A319DB191B78591EAB19DB1952
:10D2D0001B780E331800844A0B00DB005B1ADB005E
:10D2E000D3181B5C814A9373A319DB191B78591E51
:10D2F000AB19DB191B780F3318007B4A0B00DB00DE
:10D300005B1ADB00D3181B5C784AD373A319DB19B3
:10D310001B78591EAB19DB191B7810331800724AA1
:10D320000B00DB005B1ADB00D3181B5C6F4A137425
:10D33000A319DB191B78591EAB19DB191B781133A4
:10D340001800694A0B00DB005B1ADB00D3181B5C7A
:10D35000664A5374A319DB191B78591EAB19DB19E4
:10D360001B7812331800604A0B00DB005B1ADB00ED
:10D37000D3181B5C5D4A9374A319DB191B78591EE3
:10D38000AB19DB191B7813331800574A0B00DB006D
:10D390005B1ADB00D3181B5C544AD374A319DB1946
:10D3A0001B78591EAB19DB191B78143318004E4A31
:10D3B0000B00DB005B1ADB00D3181B5C4B4A1375B8
:10D3C000A319DB191B78591EAB19DB191B78153310
:10D3D0001800454A0B00DB005B1ADB00D3181B5C0E
:10D3E000424A5375A319DB191B78591EAB19DB1977
:10D3F0001B78163318003C4A0B00DB005B1ADB007D
:10D40000D3181B5C394A9375A319DB191B78591E75
:10D41000AB19DB191B7817331800334A0B00DB00FC
:10D420005B1ADB00D3181B5C304AD375A319DB19D8
:10D430001B78591EAB19DB191B78183318002A4AC0
:10D440000B00DB005B1ADB00D3181B5C274A13764A
:10D45000A319DB191B78591EAB19DB191B7819337B
:10D460001800214A0B00DB005B1ADB00D3181B5CA1
:10D470001E4A5376A319DB191B78591EAB19DB1909
:10D480001B781A331800184A0B00DB005B1ADB000C
:10D49000D3181B5C154A9376A319DB191B78591E08
:10D4A000AB19DB191B781B3318000F4A0B00DB008C
:10D4B0005B1ADB00D3181B5C0C4AD376A319DB196B
:10D4C0001B78591EAB19DB191B781C331800064A50
:10D4D0000B00DB005B1ADB00D3181B5C034A1377DD
:10D4E000A319DB1904E0C046E8110020101C00203D
:10D4F0001B78591EAB19DB191B781D331800E64A3F
:10D500000B00DB005B1ADB00D3181B5CE34A53778C
:10D5100004F0C5F92223A0241B19DB191B7818007D
:10D52000F7F7F2F8DE4A022313700A200AF076FDBC
:10D5300034231B19DA190023137027231B19DA1956
:10D540000123137036E02720A0214318DB191B7834
:10D55000013BD44A9B009B5A002B22D034240E005E
:10D56000A319DB191978D04A05008319DB191B7838
:10D570005354A319DB191B785A1CCB4BD018AB1989
:10D58000DB191B78013B9A00C64BD3180422190003
:10D5900016F03FFBA319DA19A319DB191B78053321
:10D5A00013702722A0215318DB191B785218D219A7
:10D5B000013313702723A0215B18DB191B78032B81
:10D5C000C1D934235B18DB191B789AB235235B1859
:10D5D000DB191B780D211800FDF73CFF04F05FF903
:10D5E0003423A0255B19DC1920235B19DB191B7878
:10D5F00005211800F2F7AEFD0300237026235B1906
:10D60000DA190023137041E02226A022B318DB1997
:10D610001B78581E31239B18DB1919782625AB1867
:10D62000DB191A7813009B009B18C9189A4A03004B
:10D63000DB001B1ADB00D3185B5C013B9A009B4BA1
:10D64000D418A022B318DB191B78581E31231600FA
:10D650009B19DB191B78591CAB19DB191A781300BD
:10D660009B009B18CA180300DB001B1ADB009A18EA
:10D67000894BD31804221900200016F0CAFAAB19FE
:10D68000DB191B78AA19D219013313702623A021A4
:10D690005B18DA1934235B18DB1912781B789A426D
:10D6A000B2D3834A0023137004F0F9F82523A02293
:10D6B0009B18DA190123137033E02525A0216B187C
:10D6C000DA1922267318DB1912781B789A421FD0B8
:10D6D0006B18DB191B7818000AF0DCFA0400A02193
:10D6E0007318DB191B78581E31235B18DB191A7865
:10D6F0006B18DB191B78D318591E674A0300DB002F
:10D700001B1ADB00D3185B5C190020000AF0E4FA56
:10D710002522A0215318DB191B785218D219013386
:10D7200013702523A0269B19DB191B78032BC4D962
:10D730002225AB19DB191B7818000AF0ABFA04009C
:10D74000AB19DB191B78591E31239B19DB191B7888
:10D750000A331800504A0B00DB005B1ADB00D318B9
:10D760001B5C190020000AF0B7FA04F098F8222494
:10D77000A026A319DB191B785A1E3125AB19DB191A
:10D78000187845491300DB009B1ADB00CB181B5CA3
:10D79000002B12D1A319DB191B78591EAB19DB1909
:10D7A0001B78581C3C4A0B00DB005B1ADB00D318CB
:10D7B0001B5C404A137004F062F82224A026A319CF
:10D7C000DB191B785A1E3125AB19DB191878324941
:10D7D0001300DB009B1ADB00CB181B5C012B01D074
:10D7E00004F04DF8304A00231370A319DB191B789D
:10D7F000591EAB19DB191B78581C274A0B00DB009C
:10D800005B1ADB00D3181B5C274A5370A319DB1982
:10D810001B78591EAB19DB191B78981C1E4A0B008C
:10D82000DB005B1ADB00D318185C03230093102382
:10D8300000220021FDF760FE04F021F81E4B1B784A
:10D84000002B3FD01D4B1B881A001D4BD0182223E4
:10D85000A0255B19DB191B785A1E31235B19DB19D4
:10D8600019781300DB009B1ADB005A180A4BD118F9
:10D8700020246319DB191B781A0016F0CAF9631902
:10D88000DB191B789AB20D4B1B88D3189BB20B4A3D
:10D89000138004F004F8C046E8110020101C00209A
:10D8A000540D0020600D0020CC1200206C0D0020D3
:10D8B000FE120020580D0020FB120020FC12002058
:10D8C000741C0020E84B1B881A00E84BD018222358
:10D8D000A0255B19DB191B785A1E31235B19DB1954
:10D8E00019781300DB009B1ADB005A18E04BD118A3
:10D8F00020246319DB191B781A0016F08AF96319C2
:10D90000DB191B789AB2D84B1B88D3189BB2D64A26
:10D910001380D54B1B8816211800F2F71BFC03005F
:10D920009BB2DBB2D34A1370CF4B1B881A00CF498E
:10D93000D14B180016F06DF9CB4A0023138003F089
:10D94000AEFF3523A0229B18DB191B7818000AF0C4
:10D950007FFA03F0A4FF3223A0229B18DA190023D8
:10D96000137036E03526A0217318DB191B78013BB4
:10D97000C24A5B009B5A1CB222235B18DB191B783E
:10D98000581E31235B18DB191A7832256B18DB1906
:10D990001B78D118B64A0300DB001B1ADB00D31832
:10D9A0005B5C5A1E80231B0213411BB223431AB235
:10D9B000A0243319DB191B78013B90B2AF495A0000
:10D9C000031C53522B19DB191B782A19D219013366
:10D9D00013703223A0215B18DA1920235B18DB199E
:10D9E00012781B789A42BDD3A54A0023137003F026
:10D9F00056FF0023C8217A1813603423A0215B1836
:10DA0000DA190023137022256B18DB191B785A1EB4
:10DA100031267318DB19187895491300DB009B1A1F
:10DA2000DB00CB181B5C1C06A022AB18DB191B7893
:10DA3000591EB318DB191B78581C8D4A0B00DB00EC
:10DA40005B1ADB00D3181B5C1B04E418A022AB1884
:10DA5000DB191B78591EB318DB191B78981C844AF4
:10DA60000B00DB005B1ADB00D3181B5C1B02E41805
:10DA7000A022AB18DB191B78591EB318DB191B78D1
:10DA8000D81C7B4A0B00DB005B1ADB00D3181B5C45
:10DA9000E318C82179180B60A0242B19DB191B7817
:10DAA000591E3319DB191B78181D714A0B00DB0056
:10DAB0005B1ADB00D3181B5CFF2B23D132231B190D
:10DAC000DA190123137014E0C823FB181A683224F2
:10DAD000A0256319DB191B78110018000AF0BAF8A9
:10DAE000220029005318DB191B785218D219013370
:10DAF00013703223A0229B18DB191B78032BE3D968
:10DB000003F0CDFE3223A0229B18DA1900231370F4
:10DB100038E02223A0269B19DB191B785C1E3123D9
:10DB20009B19DB191B781A1D32239B19DB191B78F3
:10DB3000D0183425AB19D9194D4A2300DB001B1B23
:10DB4000DB00D3181B5C0B7031006B18DB191B78E2
:10DB5000002B0ED06B18DB191B78032B09D8C823B8
:10DB6000FB181A686B18DB191B78110018000AF0F3
:10DB700071F83222A0215318DB191B785218D219E0
:10DB8000013313703223A0215B18DA1920235B18AC
:10DB9000DB1912781B789A42BBD303F080FE03F0A6
:10DBA000ADFFF6F70FFA374A0123137003F077FE43
:10DBB000F6F798FB04F0ACF964200AF02FFA314A2A
:10DBC0000223137003F06BFE0AF0A0FB0300B422E3
:10DBD000BA1813602123A0201B18DB191B78FF2B18
:10DBE0001AD122231B18DB191B785A1E31231B184C
:10DBF000DB1919781300DB009B1ADB005A181C4B49
:10DC0000D11820231B18DB191B78013B1A001E4B6F
:10DC1000180015F0FEFF52E02123A0201B18DB198D
:10DC20001B78FE2B32D122231B18DB191B785A1EBE
:10DC300031231B18DB1919781300DB009B1ADB005A
:10DC40005A180B4BD11820231B18DB191A783423D0
:10DC50001B18DB191B78D31A023B1A000A4B180059
:10DC600015F0D7FF2BE0C046FC120020741C0020EA
:10DC7000E811002084000020140E00209C3C0020AD
:10DC8000FE120020540D0020941D00202223A0200D
:10DC90001B18DB191B785A1E31231B18DB19197846
:10DCA0001300DB009B1ADB005A18854BD118202388
:10DCB0001B18DB191B7883481A0015F0AAFF3424BF
:10DCC000A026A319DA19804B1B7813707E4A2223F1
:10DCD0009B19DB191B78137099239A00B4257B19C3
:10DCE0001968784B18000AF083FA0300B022BA18BA
:10DCF0001360754AA319DB191B781370734B1B78DB
:10DD0000602B1DD17B191B681800F2F707FA02007F
:10DD10007B1919686E4B180015F07BFF7B191B6887
:10DD20001800F2F7FBF903009AB235239B19DB19AF
:10DD30001B7818211800FDF78DFB0A200AF06EF9F8
:10DD4000B023FB181B68002BB9D15E4B3222002197
:10DD5000180015F032FE03F0A2FD0AF0D7FA030016
:10DD6000B4243A1913603B191B681800F2F7D6F96E
:10DD700003003A1910681A00002115F01EFE554BD9
:10DD80001B78002B29D0544B1B881A003B191B68A9
:10DD900098182223A0255B19DB191B785A1E312302
:10DDA0005B19DB1919781300DB009B1ADB005A188A
:10DDB000434BD11820246319DB191B781A0015F086
:10DDC00028FF6319DB191B789AB2434B1B88D318C1
:10DDD0009BB2414A138003F062FD3F4B1B881A003F
:10DDE000B423FB181B6898182223A0241B19DB19E5
:10DDF0001B785A1E31231B19DB1919781300DB001D
:10DE00009B1ADB005A182E4BD11820231B19DB1943
:10DE10001B781A0015F0FDFE2F4A002313802F4AAD
:10DE2000002313702E4B18680023002200210CF0F1
:10DE3000ADFE03F034FD2B4B2B4A1A602B4B012215
:10DE40001A700A200AF0EAF8FEF736F82225A02117
:10DE50006B18DB191B785A1E31267318DB191878DA
:10DE600017491300DB009B1ADB00CB18185C00235A
:10DE70000093192300220021FDF73EFB64200AF0E5
:10DE8000CDF81B4B1C78A0216B18DB191B785A1E90
:10DE90007318DB1918780A491300DB009B1ADB00A2
:10DEA000CB18195CA0202B18DB191A7835231B1806
:10DEB000DB1918780B00210004F046F803F0EFFCA2
:10DEC000E8110020941D002000130020300D0020D8
:10DED000CC120020FB120020FC120020FE120020B9
:10DEE000941A0020F03F0220EFBEADDE540D00205A
:10DEF000580D00202225A022AB18DB191B78591ED3
:10DF00003126B318DB191B780B331C0034239B1804
:10DF1000D819F34A0B00DB005B1ADB00D3181B5D3A
:10DF200003702022A0215318DB191B780F2B14D16A
:10DF30000A00AB18DB191B78591EB318DB191B78C4
:10DF40001C000D3434239B18D819E54A0B00DB0064
:10DF50005B1ADB00D3181B5D03702023A0229B18E3
:10DF6000DB191B78112B15D122239B18DB191B7889
:10DF7000591E31239B18DB191B780F331C003423E7
:10DF80009B18D819D64A0B00DB005B1ADB00D318AC
:10DF90001B5D03702225A0216B18DB191B785A1E0C
:10DFA00031267318DB191878CD491300DB009B1A52
:10DFB000DB00CB181B5C1C06A022AB18DB191B78FE
:10DFC000591EB318DB191B78581CC54A0B00DB001F
:10DFD0005B1ADB00D3181B5C1B04E418A022AB18EF
:10DFE000DB191B78591EB318DB191B78981CBC4A27
:10DFF0000B00DB005B1ADB00D3181B5C1B02E41870
:10E00000A022AB18DB191B78591EB318DB191B783B
:10E01000D81CB34A0B00DB005B1ADB00D3181B5C77
:10E02000E318BC2438190360A022AB18DB191B7855
:10E03000591EB318DB191B78181DA94A0B00DB0009
:10E040005B1ADB00D3181B5C1C06A022AB18DB1983
:10E050001B78591EB318DB191B78581DA04A0B00FA
:10E06000DB005B1ADB00D3181B5C1B04E418A02246
:10E07000AB18DB191B78591EB318DB191B78981DD8
:10E08000974A0B00DB005B1ADB00D3181B5C1B02FA
:10E09000E418A022AB18DB191B78591EB318DB1942
:10E0A0001B78D81D8E4A0B00DB005B1ADB00D318EF
:10E0B0001B5CE318B820381803603423A0215B18D8
:10E0C000DB191B78002B00D0CAE16B18DB191B7819
:10E0D0005A1E7318DB19187881491300DB009B1A4C
:10E0E000DB00CB181B5C1C06A022AB18DB191B78CD
:10E0F000591EB318DB191B78581C794A0B00DB003A
:10E100005B1ADB00D3181B5C1B04E418A022AB18BD
:10E11000DB191B78591EB318DB191B78981C704A41
:10E120000B00DB005B1ADB00D3181B5C1B02E4183E
:10E13000A022AB18DB191B78591EB318DB191B780A
:10E14000D81C674A0B00DB005B1ADB00D3181B5C92
:10E15000E318BC2438190360A022AB18DB191B7824
:10E16000591EB318DB191B78181D5D4A0B00DB0024
:10E170005B1ADB00D3181B5C1C06A022AB18DB1952
:10E180001B78591EB318DB191B78581D544A0B0015
:10E19000DB005B1ADB00D3181B5C1B04E418A02215
:10E1A000AB18DB191B78591EB318DB191B78981DA7
:10E1B0004B4A0B00DB005B1ADB00D3181B5C1B0215
:10E1C000E418A022AB18DB191B78591EB318DB1911
:10E1D0001B78D81D424A0B00DB005B1ADB00D3180A
:10E1E0001B5CE318B821781803602E00A025731972
:10E1F000DB191B78591E31246319DB191B7809338D
:10E200001800374A0B00DB005B1ADB00D3181B5CDD
:10E21000002B4FD07319DB191B78591E6319DB19BA
:10E220001B780A3318002E4A0B00DB005B1ADB0058
:10E23000D3181B5C002B3DD07319DB191B78591EBA
:10E240006319DB191B7808331800254A0B00DB0023
:10E250005B1ADB00D3181D5CA022B318DB191B78F6
:10E26000591EA318DB191B78180009301C4A0B0033
:10E27000DB005B1ADB00D3181C5CA022B318DB198F
:10E280001B78591E31239B18DB191B780A331800A1
:10E29000134A0B00DB005B1ADB00D3181B5CB822AF
:10E2A000BA181268BC217918096800932300280065
:10E2B000FCF782FE2226A0257319DB191B78591E54
:10E2C00031246319DB191B780B331800044A0B0047
:10E2D000DB005B1ADB00D3181B5C002B52D001E083
:10E2E000E81100207319DB191B78591E6319DB191B
:10E2F0001B780C331800594A0B00DB005B1ADB005B
:10E30000D3181B5C002B3DD07319DB191B78591EE9
:10E310006319DB191B7808331800504A0B00DB0027
:10E320005B1ADB00D3181D5CA022B318DB191B7825
:10E33000591EA318DB191B7818000B30474A0B0035
:10E34000DB005B1ADB00D3181C5CA022B318DB19BE
:10E350001B78591E31239B18DB191B780C331800CE
:10E360003E4A0B00DB005B1ADB00D3181B5CB822B3
:10E37000BA181268BC217918096800932300280094
:10E38000FCF71AFE2226A0257319DB191B78591EEB
:10E3900031246319DB191B780D3318002F4A0B0049
:10E3A000DB005B1ADB00D3181B5C002B01D103F0F0
:10E3B00068FA7319DB191B78591E6319DB191B786E
:10E3C0000E331800254A0B00DB005B1ADB00D31864
:10E3D0001B5C002B01D103F054FA7319DB191B7875
:10E3E000591E6319DB191B78083318001B4A0B00F0
:10E3F000DB005B1ADB00D3181D5CA022B318DB190D
:10E400001B78591EA318DB191B7818000D30134A0E
:10E410000B00DB005B1ADB00D3181C5CA022B318D6
:10E42000DB191B78591E31239B18DB191B780E331F
:10E4300018000A4A0B00DB005B1ADB00D3181B5CD8
:10E44000B822BA181268BC21791809680093230011
:10E450002800FCF7B1FD03F014FAC046E8110020D3
:10E460002225A0242B19DB191B785A1E31263319BB
:10E47000DB191B78083319009F481300DB009B1A37
:10E48000DB00C3185B5C9BB21900E42006F0E4F8E3
:10E490002B19DB191B785A1E3319DB19197896488A
:10E4A0001300DB009B1ADB00C3185B5C9BB21B02F2
:10E4B00099B22B19DB191B785A1E3319DB191B78FB
:10E4C000581C8D4C1300DB009B1ADB00E3181B5C0F
:10E4D0009BB2CB189BB21900E52006F0BDF8A02432
:10E4E0002B19DB191B785A1E3319DB191B78991C61
:10E4F00081481300DB009B1ADB00C3185B5C9BB2F6
:10E500001B0299B22B19DB191B785A1E3319DB1920
:10E510001B78D81C784C1300DB009B1ADB00E31837
:10E520001B5C9BB2CB189BB21900E62006F094F856
:10E53000A0242B19DB191B785A1E3319DB191B7801
:10E54000191D6D481300DB009B1ADB00C3185B5CD0
:10E550009BB21B0299B22B19DB191B785A1E331977
:10E56000DB191B78581D644C1300DB009B1ADB0081
:10E57000E3181B5C9BB2CB189BB21900E72006F096
:10E580006BF8A0242B19DB191B785A1E3319DB19E1
:10E590001B78991D58481300DB009B1ADB00C31839
:10E5A0005B5C9BB21B0299B22B19DB191B785A1EBC
:10E5B0003319DB191B78D81D4F4C1300DB009B1A55
:10E5C000DB00E3181B5C9BB2CB189BB21900E82060
:10E5D00006F042F8A0242B19DB191B785A1E3319B8
:10E5E000DB191B780933190043481300DB009B1A21
:10E5F000DB00C3185B5C9BB21B0299B22B19DB19C1
:10E600001B785A1E3319DB191B780A3318003A4C51
:10E610001300DB009B1ADB00E3181B5C9BB2CB18DA
:10E620009BB21900E92006F017F82023A0241B193B
:10E63000DB191B78132B29D12B19DB191B785A1ED8
:10E640003319DB191B780B3319002B481300DB003F
:10E650009B1ADB00C3185B5C9BB21B0299B22B199F
:10E66000DB191B785A1E3319DB191B780C33180081
:10E67000214C1300DB009B1ADB00E3181B5C9BB2F0
:10E68000CB189BB21900EA2005F0E6FF2023A02654
:10E690009B19DB191B78152B2BD12224A319DB190D
:10E6A0001B785A1E3125AB19DB191B780D33190065
:10E6B00011481300DB009B1ADB00C3185B5C9BB2A4
:10E6C0001B0299B2A319DB191B785A1EAB19DB196F
:10E6D0001B780E331800084C1300DB009B1ADB007C
:10E6E000E3181B5C9BB2CB189BB21900EB2005F022
:10E6F000B3FFFDF7E1FBC046E81100202225A02171
:10E700006B18DB191B785A1E31267318DB19187821
:10E71000E6491300DB009B1ADB00CB181B5C1C06D0
:10E72000A022AB18DB191B78591EB318DB191B7814
:10E73000581CDE4A0B00DB005B1ADB00D3181B5CA5
:10E740001B04E418A022AB18DB191B78591EB31860
:10E75000DB191B78981CD54A0B00DB005B1ADB0029
:10E76000D3181B5C1B02E418A022AB18DB191B7822
:10E77000591EB318DB191B78D81CCC4A0B00DB00E0
:10E780005B1ADB00D3181B5CE318BC21781803600C
:10E79000A022A818C3191B78591EB018C3191B78DA
:10E7A000181DC24A0B00DB005B1ADB00D3181B5C90
:10E7B0001C06A022A818C3191B78591EB018C3192B
:10E7C0001B78581DB94A0B00DB005B1ADB00D3181D
:10E7D0001B5C1B04E418A022A818C3191B78591E3F
:10E7E000B018C3191B78981DB04A0B00DB005B1AE8
:10E7F000DB00D3181B5C1B02E418A022A818C31965
:10E800001B78591EB018C3191B78D81DA74A0B00D6
:10E81000DB005B1ADB00D3181B5CE318B821781807
:10E8200003602C00A022A818C3191B78591E3500BC
:10E83000B018C3191B78093318009C4A0B00DB0081
:10E840005B1ADB00D3181B5C9846994B1B789C46DF
:10E85000A022A018C3191B78591EA818C3191B7829
:10E860000B331800914A0B00DB005B1ADB00D31856
:10E870001E5CA022A018C3191B78591EAD18EB19F5
:10E880001B780A331800894A0B00DB005B1ADB0097
:10E89000D3181D5CA0202218D3191B78591E3122D1
:10E8A0001418E3191B7818000830804A0B00DB00AD
:10E8B0005B1ADB00D3181C5C2223A0201A18D31982
:10E8C0001B78591E31221218D3191B780C331800EB
:10E8D000764A0B00DB005B1ADB00D3181B5C5A1E68
:10E8E0009341DBB20393B823FA1813680293BC2355
:10E8F000FB181B68019300942B00320061464046D0
:10E90000FDF754F902F0CBFF2225A0242B19DB19C7
:10E910001B785A1E31263319DB1918786349130006
:10E92000DB009B1ADB00CB181B5C002B00D03AE10C
:10E930002B19DB191B78591E3319DB191B78981C0E
:10E940005A4A0B00DB005B1ADB00D3181B5C1C0669
:10E95000A022AB18DB191B78591EB318DB191B78E2
:10E96000D81C524A0B00DB005B1ADB00D3181B5C7F
:10E970001B04E418A022AB18DB191B78591EB3182E
:10E98000DB191B78181D494A0B00DB005B1ADB0002
:10E99000D3181B5C1B02E418A022AB18DB191B78F0
:10E9A000591EB318DB191B78581D404A0B00DB00B9
:10E9B0005B1ADB00D3181B5CE318C82179180B60C5
:10E9C000A022AB18DB191B78591EB318DB191B7872
:10E9D000581C364A0B00DB005B1ADB00D3181B5CAB
:10E9E000082B00D966E39A00324BD3181B689F4668
:10E9F000C823FB181B681B78DBB22F4A1370352322
:10EA0000A0229B18DB191B7801221F211800FCF79C
:10EA100021FD56E3C823FB181B681B785BB2DBB2F1
:10EA2000254A13703523A0229B18DB191B7801227D
:10EA30001F211800FCF70EFD43E3C8217B181B685B
:10EA40001B889BB2DBB21C4A13707B181B681B88A7
:10EA50009BB21B0A9BB2DBB2174A53703523A0222C
:10EA60009B18DB191B7802221F211800FCF7F2FC0F
:10EA700027E3C8217B181B681B881BB2DBB20E4A38
:10EA800013707B181B681B881BB21B121BB2DBB2F6
:10EA9000094A53703523A0229B18DB191B780222E8
:10EAA0001F211800FCF7D6FC0BE3C046E81100203C
:10EAB000580D00209CB20208CC120020C8217B18FF
:10EAC0001B681B68DBB2DB4A13707B181B681B6872
:10EAD0001B0ADBB2D74A53707B181B681B681B0CE0
:10EAE000DBB2D44A93707B181B681B681B0EDBB229
:10EAF000D04AD3703523A0229B18DB191B7804223F
:10EB00001F211800FCF7A6FCDBE2C8217B181B685C
:10EB10001B68DBB2C74A13707B181B681B681B128B
:10EB2000DBB2C44A53707B181B681B681B14DBB232
:10EB3000C04A93707B181B681B681B16DBB2BD4A6A
:10EB4000D3703523A0229B18DB191B7804221F21C8
:10EB50001800FCF77FFCB4E2C8217B181B681B7807
:10EB6000DBB2B44A13707B181B6801331B78DBB22D
:10EB7000B04A53707B181B6802331B78DBB2AD4A76
:10EB800093707B181B6803331B78DBB2A94AD370E0
:10EB90003523A0229B18DB191B7808221F2118009F
:10EBA000FCF758FC8DE22224A026A319DB191B7860
:10EBB0005A1E3125AB19DB1918789F491300DB0069
:10EBC0009B1ADB00CB181B5C022B00D03CE1A31985
:10EBD000DB191B78581EA319DB191B785A1E974B9B
:10EBE0009B5C591E944A0300DB001B1ADB00D21801
:10EBF00000235354A319DB191B785A1EAB19DB19D8
:10EC00001B78591C1300DB009B1ADB005A188A4B37
:10EC1000D3183425AA19D4191800F5F72FFC0300CE
:10EC20002370AB19DB191B78002B0AD135239B19F4
:10EC3000DB191B7801221F211800FCF70BFC02F0E6
:10EC400022FE3420A0240319DB191B785A1E7C49AC
:10EC500013005B009B189B005B58C822BA18136016
:10EC60000319DB191B785A1E754913005B009B18AA
:10EC70009B00CB1804331B786E4A13706D4B1B78C6
:10EC8000082B00D919E29A006E4BD3181B689F46D7
:10EC9000C823FB181B681B78DBB2664A5370352308
:10ECA000A0229B18DB191B7802221F211800FCF7F9
:10ECB000D1FB06E2C823FB181B681B785BB2DBB2F2
:10ECC0005C4A53703523A0229B18DB191B78022263
:10ECD0001F211800FCF7BEFBF3E1C8217B181B685D
:10ECE0001B889BB2DBB2534A53707B181B681B888E
:10ECF0009BB21B0A9BB2DBB24E4A93703523A02213
:10ED00009B18DB191B7803221F211800FCF7A2FBBC
:10ED1000D7E1C8217B181B681B881BB2DBB2454AB0
:10ED200053707B181B681B881BB21B121BB2DBB213
:10ED3000404A93703523A0229B18DB191B780322CD
:10ED40001F211800FCF786FBBBE1C8217B181B685C
:10ED50001B68DBB2374A53707B181B681B681B0AA1
:10ED6000DBB2344A93707B181B681B681B0CDBB248
:10ED7000304AD3707B181B681B681B0EDBB22D4A10
:10ED800013713523A0229B18DB191B7805221F2144
:10ED90001800FCF75FFB94E1C8217B181B681B6817
:10EDA000DBB2244A53707B181B681B681B12DBB252
:10EDB000204A93707B181B681B681B14DBB21D4A2A
:10EDC000D3707B181B681B681B16DBB2194A1371C2
:10EDD0003523A0229B18DB191B7805221F21180060
:10EDE000FCF738FB6DE1C8217B181B681B78DBB290
:10EDF000104A53707B181B6801331B78DBB20D4A35
:10EE000093707B181B6802331B78DBB2094AD370FE
:10EE10007B181B6803331B78DBB2064A137135235A
:10EE2000A0229B18DB191B7809221F211800FCF770
:10EE300011FB46E1CC120020E8110020C81200208E
:10EE4000C8010020C0B202082224A026A319DB19A1
:10EE50001B785A1E3125AB19DB191878D9491300D4
:10EE6000DB009B1ADB00CB181B5C022B01D802F0E5
:10EE70000AFDA319DB191B785A1E3400AB19DB19E4
:10EE80001878D0491300DB009B1ADB00CB181B5C01
:10EE9000043BCD4A9B009B58DAB20F231340DBB2F0
:10EEA000CA4A1370C94B1B78002B0AD135231B1992
:10EEB000DB191B7801221F211800FCF7CBFA02F0A6
:10EEC000E2FC2223A0215B18DB191B785A1E312398
:10EED0005B18DB191878BB491300DB009B1ADB00B9
:10EEE000CB181B5C043BB84A9B009B581B0C802230
:10EEF000920594466344C822BA181360B34B1B783A
:10EF0000082B00D9DCE09A00B14BD3181B689F4650
:10EF1000C823FB181B681B78DBB2AC4A537035233F
:10EF2000A0229B18DB191B7802221F211800FCF776
:10EF300091FAC6E0C823FB181B681B785BB2DBB2F2
:10EF4000A24A53703523A0229B18DB191B7802229A
:10EF50001F211800FCF77EFAB3E0C8217B181B685C
:10EF60001B889BB2DBB2994A53707B181B681B88C5
:10EF70009BB21B0A9BB2DBB2944A93703523A0224A
:10EF80009B18DB191B7803221F211800FCF762FA7B
:10EF900097E0C8217B181B681B881BB2DBB28B4A29
:10EFA00053707B181B681B881BB21B121BB2DBB291
:10EFB000864A93703523A0229B18DB191B78032205
:10EFC0001F211800FCF746FA7BE0C8217B181B685C
:10EFD0001B68DBB27D4A53707B181B681B681B0AD9
:10EFE000DBB27A4A93707B181B681B681B0CDBB280
:10EFF000764AD3707B181B681B681B0EDBB2734A02
:10F0000013713523A0229B18DB191B7805221F21C1
:10F010001800FCF71FFA54E0C8217B181B681B6816
:10F02000DBB26A4A53707B181B681B681B12DBB289
:10F03000664A93707B181B681B681B14DBB2634A1B
:10F04000D3707B181B681B681B16DBB25F4A1371F9
:10F050003523A0229B18DB191B7805221F211800DD
:10F06000FCF7F8F92DE0C8217B181B681B78DBB290
:10F07000564A53707B181B6801331B78DBB2534A26
:10F0800093707B181B6802331B78DBB24F4AD37036
:10F090007B181B6803331B78DBB24C4A1371352392
:10F0A000A0229B18DB191B7809221F211800FCF7EE
:10F0B000D1F906E0C04602F0E6FBC04602F0E3FBF1
:10F0C000C04602F0E0FB434B1A685B68032A01D19B
:10F0D000002B08D03F4B1A685B68022A00D0DFE1A2
:10F0E000002B00D0DCE12224A026A319DB191B7819
:10F0F0005A1E3125AB19DB19187832491300DB0091
:10F100009B1ADB00CB181B5C334A1370A319DB1965
:10F110001B785A1EAB19DB1918782A491300DB003B
:10F120009B1ADB00CB181B5C082B00D9B6E19A00B8
:10F130002A4BD3181B689F46294A10231370AEE14F
:10F140002223A0229B18DB191B78591E31239B1800
:10F15000DB191B78581C1B4A0B00DB005B1ADB0019
:10F16000D3181B5C9822B9180B6000239C217918D6
:10F170000B60184BBA181168526819605A608EE11A
:10F180002223A0229B18DB191B78591E31239B18C0
:10F19000DB191B78581C0B4A0B00DB005B1ADB00E9
:10F1A000D3181B5C5BB29022B9180B60DB1794215B
:10F1B00079180B60074BBA181168526819605A60C9
:10F1C0006DE1C046E811002004130020CC1200209D
:10F1D000E4B20208801300208600002008B3020871
:10F1E000FE1200202225A022AB18DB191B78591E25
:10F1F0003126B318DB191B78581CE74A0B00DB00DB
:10F200005B1ADB00D3181B5C1C00A022AB18DB19B7
:10F210001B78591EB318DB191B78981CDE4A0B00AB
:10F22000DB005B1ADB00D3181B5C1B02E31888228F
:10F23000B9180B60DB178C2179180B60D74BBA1803
:10F240001168526819605A6029E12225A022AB1882
:10F25000DB191B78591E3126B318DB191B78581C93
:10F26000CD4A0B00DB005B1ADB00D3181B5C1C00D3
:10F27000A022AB18DB191B78591EB318DB191B78B9
:10F28000981CC54A0B00DB005B1ADB00D3181B5C23
:10F290001B02E3188022B9180B60DB178421791850
:10F2A0000B60BE4BBA181168526819605A60F6E0DC
:10F2B0002225A022AB18DB191B78591E3126B31862
:10F2C000DB191B78581CB44A0B00DB005B1ADB000F
:10F2D000D3181B5C1C00A022AB18DB191B78591E2D
:10F2E000B318DB191B78981CAB4A0B00DB005B1AC8
:10F2F000DB00D3181B5C1B02E418A022AB18DB193F
:10F300001B78591EB318DB191B78D81CA24A0B00B6
:10F31000DB005B1ADB00D3181B5C1B04E418A02283
:10F32000AB18DB191B78591EB318DB191B78181D95
:10F33000994A0B00DB005B1ADB00D3181B5C1B0631
:10F34000E318BB670023FB67944BB96FFA6F196032
:10F350005A60A4E02225A022AB18DB191B78591EA5
:10F360003126B318DB191B78581C8B4A0B00DB00C5
:10F370005B1ADB00D3181B5C1C00A022AB18DB1946
:10F380001B78591EB318DB191B78981C824A0B0096
:10F39000DB005B1ADB00D3181B5C1B02E418A02205
:10F3A000AB18DB191B78591EB318DB191B78D81C56
:10F3B000794A0B00DB005B1ADB00D3181B5C1B04D3
:10F3C000E418A022AB18DB191B78591EB318DB19FF
:10F3D0001B78181D704A0B00DB005B1ADB00D3188A
:10F3E0001B5C1B06E3183B67DB177B676B4B396FB6
:10F3F0007A6F19605A6052E02225A022AB18DB19FF
:10F400001B78591E3126B318DB191B78581C624A29
:10F410000B00DB005B1ADB00D3181B5C1C00A02276
:10F42000AB18DB191B78591EB318DB191B78981C15
:10F43000594A0B00DB005B1ADB00D3181B5C1B0274
:10F44000E418A022AB18DB191B78591EB318DB197E
:10F450001B78D81C504A0B00DB005B1ADB00D3186A
:10F460001B5C1B04E418A022AB18DB191B78591E87
:10F47000B318DB191B78181D474A0B00DB005B1A19
:10F48000DB00D3181B5C1B06E318BB660023FB667E
:10F49000424BB96EFA6E19605A6000E0C046A2E1B4
:10F4A0003E4B1A685B681100194300D09BE13B4B4F
:10F4B0001C685D680822002320002900F1F738F855
:10F4C000431C012B00D98DE1A200354BD3181B68DA
:10F4D0009F462223A0215B18DB191B785A1E31237B
:10F4E0005B18DB1918782C491300DB009B1ADB0032
:10F4F000CB181B5C3B6600237B66284B396E7A6E0B
:10F5000019605A606FE12223A0215B18DB191B7878
:10F510005A1E31235B18DB1918781F491300DB00D2
:10F520009B1ADB00CB181B5C5BB2BB65DB17FB6572
:10F530001A4BB96DFA6D19605A6054E12225A02169
:10F540006B18DB191B785A1E31267318DB191878D3
:10F5500011491300DB009B1ADB00CB181B5C1C005D
:10F56000A022AB18DB191B78591EB318DB191B78C6
:10F57000581C094A0B00DB005B1ADB00D3181B5C2C
:10F580001B02E3183B65DB177B65044B396D7A6D15
:10F5900019605A6027E1C046E8110020801300205E
:10F5A0002CB302082225A0216B18DB191B785A1EE8
:10F5B00031267318DB191878E7491300DB009B1A12
:10F5C000DB00CB181B5C1C00A022AB18DB191B78DE
:10F5D000591EB318DB191B78581CDF4A0B00DB00DF
:10F5E0005B1ADB00D3181B5C1B02E318BB64DB1740
:10F5F000FB64DA4BB96CFA6C19605A60F3E02225AF
:10F60000A0216B18DB191B785A1E31267318DB19E1
:10F610001878D1491300DB009B1ADB00CB181B5C68
:10F620001C00A022AB18DB191B78591EB318DB197C
:10F630001B78581CC84A0B00DB005B1ADB00D31890
:10F640001B5C1B02E418A022AB18DB191B78591EA7
:10F65000B318DB191B78981CBF4A0B00DB005B1A40
:10F66000DB00D3181B5C1B04E418A022AB18DB19C9
:10F670001B78591EB318DB191B78D81CB64A0B002F
:10F68000DB005B1ADB00D3181B5C1B06E3183B6432
:10F6900000237B64B14B396C7A6C19605A60A2E02C
:10F6A0002225A0216B18DB191B785A1E31267318EE
:10F6B000DB191878A8491300DB009B1ADB00CB1874
:10F6C0001B5C1C00A022AB18DB191B78591EB31859
:10F6D000DB191B78581CA04A0B00DB005B1ADB000F
:10F6E000D3181B5C1B02E418A022AB18DB191B7893
:10F6F000591EB318DB191B78981C974A0B00DB00C6
:10F700005B1ADB00D3181B5C1B04E418A022AB18A7
:10F71000DB191B78591EB318DB191B78D81C8E4ACD
:10F720000B00DB005B1ADB00D3181B5C1B06E31825
:10F73000BB63DB17FB63894BB96BFA6B19605A60CB
:10F7400051E02225A0216B18DB191B785A1E3126A7
:10F750007318DB19187880491300DB009B1ADB0053
:10F76000CB181B5C1C00A022AB18DB191B78591EA0
:10F77000B318DB191B78581C774A0B00DB005B1AA7
:10F78000DB00D3181B5C1B02E418A022AB18DB19AA
:10F790001B78591EB318DB191B78981C6E4A0B0096
:10F7A000DB005B1ADB00D3181B5C1B04E418A022EF
:10F7B000AB18DB191B78591EB318DB191B78D81C42
:10F7C000654A0B00DB005B1ADB00D3181B5C1B06D1
:10F7D000E3183B6300237B63604B396B7A6B1960E2
:10F7E0005A6000E0C0465E4B1B78102B01D102F03E
:10F7F0004CF85B4A0023137002F047F8584A002384
:10F8000013702224A026A319DB191B785A1E312558
:10F81000AB19DB19187850491300DB009B1ADB0089
:10F82000CB181B5C002B01D100F0D8FCA319DB190D
:10F830001B785A1EAB19DB19187847491300DB00F7
:10F840009B1ADB00CB181B5C1E2B01D900F0C2FCFD
:10F85000A319DB191B785A1EAB19DB1918783E491E
:10F860001300DB009B1ADB00CB181B5C013B3D4AFD
:10F870009B009B581B0C3C4A94466344C822BA1810
:10F880001360A319DB191B78591EAB19DB191B7800
:10F89000581C314A0B00DB005B1ADB00D3181B5CE1
:10F8A000082B01D900F019FC9A00304BD3181B68C3
:10F8B0009F462224A0216318DB191B785A1E31238E
:10F8C0005B18DB19187824491300DB009B1ADB0056
:10F8D000CB181B5C013B234A9B009A580F23134013
:10F8E00049D1012012F02EFC0300C8203D182B60E6
:10F8F0003B181B68002B3BD03B181B68E02212060C
:10F90000944663441D042600A022A318DB191B782B
:10F91000591E31239B18DB191B78581C0E4A0B000B
:10F92000DB005B1ADB00D3181B5C1C00A0217318E2
:10F93000DB191B785A1E31235B18DB19187806492E
:10F940001300DB009B1ADB00CB181B5C013B291961
:10F95000044A9B0099500EE0E8110020801300201B
:10F96000FE120020041300200000012050B3020802
:10F97000D14A12231370D04B1B78122B00D1AEE367
:10F980002223A0229B18DB191B78591E31239B18B8
:10F99000DB191B78981CC823FB181C68C74A0B008E
:10F9A000DB005B1ADB00D3181B5C237097E3222477
:10F9B000A0216318DB191B785A1E31235B18DB1951
:10F9C0001878BE491300DB009B1ADB00CB181B5CC8
:10F9D000013BBB4A9B009A580F2313403DD10120A5
:10F9E00012F0B0FB0300C8203D182B603B181B68C9
:10F9F000002B2FD03B181B68E0221206944663446C
:10FA00001D042600A022A318DB191B78591E3123E0
:10FA10009B18DB191B78581CA84A0B00DB005B1AEB
:10FA2000DB00D3181B5C1C00A0217318DB191B78AA
:10FA30005A1E31235B18DB191878A0491300DB002C
:10FA40009B1ADB00CB181B5C013B29199C4A9B00CD
:10FA5000995002E0984A12231370974B1B78122B8F
:10FA600000D13EE32223A0229B18DB191B78591EEC
:10FA700031239B18DB191B78981C904A0B00DB0084
:10FA80005B1ADB00D3181B5CC822BA1812685BB281
:10FA9000137026E32224A0216318DB191B785A1E59
:10FAA00031235B18DB19187884491300DB009B1A9B
:10FAB000DB00CB181B5C013B814A9B009A580F234B
:10FAC00013403DD1022012F03DFB0300C8203D1839
:10FAD0002B603B181B68002B2FD03B181B68E022C3
:10FAE0001206944663441D042600A022A318DB19C5
:10FAF0001B78591E31239B18DB191B78581C6F4A41
:10FB00000B00DB005B1ADB00D3181B5C1C00A02180
:10FB10007318DB191B785A1E31235B18DB19187810
:10FB200066491300DB009B1ADB00CB181B5C013B12
:10FB30002919634A9B00995002E05F4A122313700F
:10FB40005D4B1B78122B00D1CDE22225A022AB18F1
:10FB5000DB191B78591E3126B318DB191B78981C4A
:10FB6000564A0B00DB005B1ADB00D3181B5C9CB20F
:10FB7000A022AB18DB191B78591EB318DB191B78B0
:10FB8000D81C4E4A0B00DB005B1ADB00D3181B5C51
:10FB90009BB21B029BB2C822BA181268E3189BB230
:10FBA0001380A0E22224A0216318DB191B785A1EBF
:10FBB00031235B18DB19187840491300DB009B1ACE
:10FBC000DB00CB181B5C013B3D4A9B009A580F237E
:10FBD00013403DD1022012F0B5FA0300C8203D18B1
:10FBE0002B603B181B68002B2FD03B181B68E022B2
:10FBF0001206944663441D042600A022A318DB19B4
:10FC00001B78591E31239B18DB191B78581C2B4A73
:10FC10000B00DB005B1ADB00D3181B5C1C00A0216F
:10FC20007318DB191B785A1E31235B18DB191878FF
:10FC300022491300DB009B1ADB00CB181B5C013B45
:10FC400029191F4A9B00995002E01B4A1223137086
:10FC5000194B1B78122B00D147E22225A022AB18AA
:10FC6000DB191B78591E3126B318DB191B78981C39
:10FC7000124A0B00DB005B1ADB00D3181B5C9CB242
:10FC8000A022AB18DB191B78591EB318DB191B789F
:10FC9000D81C0A4A0B00DB005B1ADB00D3181B5C84
:10FCA0009BB21B029BB2E3189BB2C822BA1812681F
:10FCB0001BB2138019E2C046FE120020E81100209A
:10FCC000041300202224A0216318DB191B785A1E7C
:10FCD00031235B18DB191878CD491300DB009B1A20
:10FCE000DB00CB181B5C013BCA4A9B009A580F23D0
:10FCF00013403DD1042012F025FA0300C8203D181E
:10FD00002B603B181B68002B2FD03B181B68E02290
:10FD10001206944663441D042600A022A318DB1992
:10FD20001B78591E31239B18DB191B78581CB84AC5
:10FD30000B00DB005B1ADB00D3181B5C1C00A0214E
:10FD40007318DB191B785A1E31235B18DB191878DE
:10FD5000AF491300DB009B1ADB00CB181B5C013B97
:10FD60002919AC4A9B00995002E0AB4A1223137048
:10FD7000A94B1B78122B00D1B9E12225A022AB1888
:10FD8000DB191B78591E3126B318DB191B78981C18
:10FD90009F4A0B00DB005B1ADB00D3181B5C1C00C6
:10FDA000A022AB18DB191B78591EB318DB191B787E
:10FDB000D81C974A0B00DB005B1ADB00D3181B5CD6
:10FDC0001B02E418A022AB18DB191B78591EB318CC
:10FDD000DB191B78181D8E4A0B00DB005B1ADB0059
:10FDE000D3181B5C1B04E418A022AB18DB191B788A
:10FDF000591EB318DB191B78581D854A0B00DB0010
:10FE00005B1ADB00D3181B5C1B06C822BA181268E9
:10FE1000E31813606BE12224A0216318DB191B781F
:10FE20005A1E31235B18DB19187879491300DB005F
:10FE30009B1ADB00CB181B5C013B764A9B009A584F
:10FE40000F2313403DD1042012F07CF90300C82099
:10FE50003D182B603B181B68002B2FD03B181B68EC
:10FE6000E0221206944663441D042600A022A31833
:10FE7000DB191B78591E31239B18DB191B78581C82
:10FE8000634A0B00DB005B1ADB00D3181B5C1C0011
:10FE9000A0217318DB191B785A1E31235B18DB195C
:10FEA00018785B491300DB009B1ADB00CB181B5C46
:10FEB000013B2919574A9B00995002E0564A1223E8
:10FEC0001370554B1B78122B00D112E12225A02272
:10FED000AB18DB191B78591E3126B318DB191B78B8
:10FEE000981C4B4A0B00DB005B1ADB00D3181B5C31
:10FEF0001C00A022AB18DB191B78591EB318DB19A4
:10FF00001B78D81C424A0B00DB005B1ADB00D318BD
:10FF10001B5C1B02E418A022AB18DB191B78591ECE
:10FF2000B318DB191B78181D394A0B00DB005B1A6C
:10FF3000DB00D3181B5C1B04E418A022AB18DB19F0
:10FF40001B78591EB318DB191B78581D304A0B005B
:10FF5000DB005B1ADB00D3181B5C1B06C822BA1837
:10FF60001268E3181360C4E02224A0216318DB198F
:10FF70001B785A1E31235B18DB19187824491300AB
:10FF8000DB009B1ADB00CB181B5C013B214A9B006A
:10FF90009A580F23134044D1042012F0D3F80300E1
:10FFA000C8203D182B603B181B68002B36D03B182F
:10FFB0001B68E0221206944663441D042600A0221A
:10FFC000A318DB191B78591E31239B18DB191B78EA
:10FFD000581C0F4A0B00DB005B1ADB00D3181B5CBC
:10FFE0001C00A0217318DB191B785A1E31235B18E3
:10FFF000DB19187806491300DB009B1ADB00CB18CD
:020000040801F1
:100000001B5C013B2919034A9B00995009E0C0463B
:10001000E811002004130020FE120020EC4A1223F5
:100020001370EB4B1B78122B65D02225A022AB1846
:10003000DB191B78591E3126B318DB191B78981C65
:10004000E44A0B00DB005B1ADB00D3181B5C1C00CE
:10005000A022AB18DB191B78591EB318DB191B78CB
:10006000D81CDC4A0B00DB005B1ADB00D3181B5CDE
:100070001B02E418A022AB18DB191B78591EB31819
:10008000DB191B78181DD34A0B00DB005B1ADB0061
:10009000D3181B5C1B04E418A022AB18DB191B78D7
:1000A000591EB318DB191B78581DCA4A0B00DB0018
:1000B0005B1ADB00D3181B5C1B06E318BB62002332
:1000C000FB62C54BB96AFA6A19605A60C24BC82212
:1000D000BA1812681B6813600DE0C0460CE0C046F9
:1000E0000AE0C04608E0C04606E0C04604E0C0465C
:1000F00002E0C04600E0C0462226A0217318DB19AA
:100100001B785A1E31256B18DB191878B14913007A
:10011000DB009B1ADB00CB181B5C013BAF4A9B004A
:100120009A580F231A401400A022B318DB191B7829
:10013000591EAB18DB191B78581CA64A0B00DB00B4
:100140005B1ADB00D3181B5C9C4201D100F0CEFB94
:10015000A0217318DB191B785A1E2C006B18DB19B1
:1001600018789C491300DB009B1ADB00CB181B5C42
:10017000013B9A4A9B009D58A022B318DB191B78BB
:10018000591EA318DB191B78581C924A0B00DB0080
:100190005B1ADB00D3181B5C914A944663441C0035
:1001A000A0217318DB191B785A1E31235B18DB1949
:1001B000187888491300DB009B1ADB00CB181B5C06
:1001C000013B21002940854A9B009950804A142315
:1001D00013708BE37E4A1323137087E32225A0223A
:1001E000AB18DB191B78591E3126B318DB191B78A5
:1001F000981C784A0B00DB005B1ADB00D3181B5CF1
:100200001C06A022AB18DB191B78591EB318DB198A
:100210001B78D81C6F4A0B00DB005B1ADB00D3187D
:100220001B5C1B04E418A022AB18DB191B78591EB9
:10023000B318DB191B78181D664A0B00DB005B1A2C
:10024000DB00D3181B5C1B02E418A022AB18DB19DF
:100250001B78591EB318DB191B78581D5D4A0B001B
:10026000DB005B1ADB00D3181B5CE318C82178188D
:1002700003607B181A6880239B059A4200D2B1E183
:100280007B181A68574B9A4200D9ABE1A022AB18F1
:10029000DB191B78591EB318DB191B78581C4D4A03
:1002A0000B00DB005B1ADB00D3181B5C082B00D9AA
:1002B00096E19A004C4BD3181B689F462223A0223C
:1002C0009B18DB191B78591E31239B18DB191B78EF
:1002D000981DC823FB181C683E4A0B00DB005B1A04
:1002E000DB00D3181B5C23707BE12223A0229B1828
:1002F000DB191B78591E31239B18DB191B78981DBD
:10030000344A0B00DB005B1ADB00D3181B5CC822ED
:10031000BA1812685BB2137063E12225A022AB18F1
:10032000DB191B78591E3126B318DB191B78981D71
:10033000284A0B00DB005B1ADB00D3181B5C9CB265
:10034000A022AB18DB191B78591EB318DB191B78D8
:10035000D81D204A0B00DB005B1ADB00D3181B5CA6
:100360009BB21B029BB2C822BA181268E3189BB258
:10037000138036E12225A022AB18DB191B78591E09
:100380003126B318DB191B78981D124A0B00DB00CD
:100390005B1ADB00D3181B5C9CB2A022AB18DB19E4
:1003A0001B78591EB318DB191B78D81D094A0B009E
:1003B000DB005B1ADB00D3181B5C9BB21B029BB2F9
:1003C000E3189BB2C822BA1812681BB2138008E166
:1003D000FE120020E81100208013002004130020EA
:1003E000F0FF0000FF7F002074B302082225A02246
:1003F000AB18DB191B78591E3126B318DB191B7893
:10040000981DCB4A0B00DB005B1ADB00D3181B5C8A
:100410001C00A022AB18DB191B78591EB318DB197E
:100420001B78D81DC24A0B00DB005B1ADB00D31817
:100430001B5C1B02E418A022AB18DB191B78591EA9
:10044000B318DB191B7808331800B94A0B00DB001E
:100450005B1ADB00D3181B5C1B04E418A022AB184A
:10046000DB191B78591EB318DB191B7809331800E8
:10047000AF4A0B00DB005B1ADB00D3181B5C1B06CA
:10048000C822BA181268E3181360AAE02225A02235
:10049000AB18DB191B78591E3126B318DB191B78F2
:1004A000981DA34A0B00DB005B1ADB00D3181B5C12
:1004B0001C00A022AB18DB191B78591EB318DB19DE
:1004C0001B78D81D9A4A0B00DB005B1ADB00D3189F
:1004D0001B5C1B02E418A022AB18DB191B78591E09
:1004E000B318DB191B7808331800914A0B00DB00A6
:1004F0005B1ADB00D3181B5C1B04E418A022AB18AA
:10050000DB191B78591EB318DB191B780933180047
:10051000874A0B00DB005B1ADB00D3181B5C1B0651
:10052000C822BA181268E31813605AE02225A022E4
:10053000AB18DB191B78591E3126B318DB191B7851
:10054000981D7B4A0B00DB005B1ADB00D3181B5C99
:100550001C00A022AB18DB191B78591EB318DB193D
:100560001B78D81D724A0B00DB005B1ADB00D31826
:100570001B5C1B02E418A022AB18DB191B78591E68
:10058000B318DB191B7808331800694A0B00DB002D
:100590005B1ADB00D3181B5C1B04E418A022AB1809
:1005A000DB191B78591EB318DB191B7809331800A7
:1005B0005F4A0B00DB005B1ADB00D3181B5C1B06D9
:1005C000E3183B6200237B625A4B396A7A6A1960EE
:1005D0005A60584BC822BA1812681B68136000E0B2
:1005E000C04683E1C8243B191A6880231B059A4240
:1005F00000D278E13B191A684F4B9A4200D972E158
:100600000CF0C4FD2E23A0229B18DB191B88222B83
:1006100004D13B191B68180004F0F4FA474B1B780F
:10062000002B00D052E12223A0229B18DB191B785B
:10063000591E31239B18DB191B78581C3C4A0B00B0
:10064000DB005B1ADB00D3181B5C082B00D93CE1F4
:100650009A003B4BD3181B689F46C823FB181B68A6
:100660001B889AB2374B9A4203D0344A1623137030
:100670002CE12223A0229B18DB191B78591E312361
:100680009B18DB191B78981D294A0B00DB005B1AAD
:10069000DB00D3181B5CBB610023FB61254BB969F0
:1006A000FA6919605A6011E1C823FB181B681B889E
:1006B0009AB2244B9A4203D0204A1623137005E1C4
:1006C0002225A022AB18DB191B78591E3126B3183E
:1006D000DB191B78981D164A0B00DB005B1ADB0048
:1006E000D3181B5C1C00A022AB18DB191B78591E09
:1006F000B318DB191B78D81D0D4A0B00DB005B1A01
:10070000DB00D3181B5C1B02E3183B61DB177B612A
:10071000084B39697A6919605A60D7E0C823FB1819
:100720001B681B6801330FD0044A16231370CDE0F9
:10073000E811002080130020FFFF0108FE120020B6
:1007400098B30208FFFF00002225A022AB18DB1996
:100750001B78591E3126B318DB191B78981DA04A47
:100760000B00DB005B1ADB00D3181B5C1C00A02213
:10077000AB18DB191B78591EB318DB191B78D81D71
:10078000974A0B00DB005B1ADB00D3181B5C1B02D3
:10079000E418A022AB18DB191B78591EB318DB191B
:1007A0001B78083318008E4A0B00DB005B1ADB0055
:1007B000D3181B5C1B04E418A022AB18DB191B78B0
:1007C000591EB318DB191B7809331800844A0B0033
:1007D000DB005B1ADB00D3181B5C1B06E318BB6055
:1007E0000023FB607F4BB968FA6819605A606DE0BE
:1007F000C823FB181B681B68013303D07A4A1623F1
:10080000137063E02225A022AB18DB191B78591E58
:100810003126B318DB191B78981D714A0B00DB00D9
:100820005B1ADB00D3181B5C1C00A022AB18DB1981
:100830001B78591EB318DB191B78D81D684A0B00AA
:10084000DB005B1ADB00D3181B5C1B02E418A02240
:10085000AB18DB191B78591EB318DB191B7808334A
:1008600018005F4A0B00DB005B1ADB00D3181B5C2F
:100870001B04E418A022AB18DB191B78591E1500C5
:10088000B318DB191B7809331800554A0B00DB003D
:100890005B1ADB00D3181B5C1B06E3183B600023CC
:1008A0007B60504B39687A6819605A604D4B1A6802
:1008B0005B6836214919CC19C821791809680120CB
:1008C0000CF016FC0300237000E0C0460CF082FC24
:1008D0003623A0229B18DB191B78002B06D0424A36
:1008E0001623137002E0404A152313703F4B1B7808
:1008F000602B05D03D4B1B78202B01D000F0C7FFAB
:10090000394B1B783A4A13703523A0229B18DB1908
:100910001B78012221211800FAF79CFD00F0B7FF97
:100920002223A0215B18DB191B785A1E31235B1888
:10093000DB1918782A491300DB009B1ADB00CB185F
:100940001B5C294A137000F0AAFF2224A026A319D9
:10095000DB191B785A1E3125AB19DB191878204991
:100960001300DB009B1ADB00CB18185CA319DB1902
:100970001B785A1E3400AB19DB191B78591C130065
:10098000DB009B1ADB005A18154BD11820231B19CA
:10099000DB191B789BB2013B9AB20A2300930A230E
:1009A00007F0C6F800F07BFF2223A0215B18DB19BB
:1009B0001B785A1E31235B18DB191878084913007D
:1009C000DB009B1ADB00CB181B5C022B00D1DBE1A8
:1009D00000DD24E2002B0DD0012B00D1EDE01EE262
:1009E000E811002080130020FE120020300D0020AE
:1009F000CC1200202225A022AB18DB191B78591E2F
:100A00003126B318DB191B78581CDD4A0B00DB00BC
:100A10005B1ADB00D3181B5C1C00A022AB18DB198F
:100A20001B78591EB318DB191B78981CD44A0B008D
:100A3000DB005B1ADB00D3181B5C1B02E418A0224E
:100A4000AB18DB191B78591EB318DB191B78D81C9F
:100A5000CB4A0B00DB005B1ADB00D3181B5C1B04CA
:100A6000E418A022AB18DB191B78591EB318DB1948
:100A70001B78181DC24A0B00DB005B1ADB00D31881
:100A80001B5C1B06E218BF4B1A60A022AB18DB19D7
:100A90001B78591EB318DB191B78581DB84A0B0078
:100AA000DB005B1ADB00D3181B5C1C00A022AB1818
:100AB000DB191B78591EB318DB191B78981DB04A37
:100AC0000B00DB005B1ADB00D3181B5C1B02E41875
:100AD000A022AB18DB191B78591EB318DB191B7841
:100AE000D81DA74A0B00DB005B1ADB00D3181B5C88
:100AF0001B04E418A022AB18DB191B78591EB3188D
:100B0000DB191B78083318009D4A0B00DB005B1AC9
:100B1000DB00D3181B5C1B06E2189A4B5A60A0221C
:100B2000AB18DB191B78591EB318DB191B78093376
:100B30001800934A0B00DB005B1ADB00D3181B5C28
:100B40001C00A022AB18DB191B78591EB318DB1947
:100B50001B780A3318008A4A0B00DB005B1ADB00A3
:100B6000D3181B5C1B02E418A022AB18DB191B78FE
:100B7000591EB318DB191B780B331800804A0B0081
:100B8000DB005B1ADB00D3181B5C1B04E418A022FB
:100B9000AB18DB191B78591EB318DB191B780C3303
:100BA0001800774A0B00DB005B1ADB00D3181B5CD4
:100BB0001B06E218734B9A6031E12225A022AB1884
:100BC000DB191B78591E3126B318DB191B78581C0A
:100BD0006B4A0B00DB005B1ADB00D3181B5C1C00AC
:100BE000A022AB18DB191B78591EB318DB191B7830
:100BF000981C634A0B00DB005B1ADB00D3181B5CFC
:100C00001B02E418A022AB18DB191B78591EB3187D
:100C1000DB191B78D81C5A4A0B00DB005B1ADB007F
:100C2000D3181B5C1B04E418A022AB18DB191B783B
:100C3000591EB318DB191B78181D514A0B00DB0035
:100C40005B1ADB00D3181B5C1B06E2184D4BDA6005
:100C5000A022AB18DB191B78591EB318DB191B78BF
:100C6000581D474A0B00DB005B1ADB00D3181B5CE6
:100C70001C00A022AB18DB191B78591EB318DB1916
:100C80001B78981D3E4A0B00DB005B1ADB00D31873
:100C90001B5C1B02E418A022AB18DB191B78591E41
:100CA000B318DB191B78D81D354A0B00DB005B1A23
:100CB000DB00D3181B5C1B04E418A022AB18DB1963
:100CC0001B78591EB318DB191B78083318002C4AFF
:100CD0000B00DB005B1ADB00D3181B5C1B06E21861
:100CE000284B1A61A022AB18DB191B78591EB318C8
:100CF000DB191B7809331800214A0B00DB005B1A53
:100D0000DB00D3181B5C1C00A022AB18DB191B787E
:100D1000591EB318DB191B780A331800184A0B0048
:100D2000DB005B1ADB00D3181B5C1B02E418A0225B
:100D3000AB18DB191B78591EB318DB191B780B3362
:100D400018000F4A0B00DB005B1ADB00D3181B5C9A
:100D50001B04E418A022AB18DB191B78591EB3182A
:100D6000DB191B780C331800054A0B00DB005B1AFB
:100D7000DB00D3181B5C1B06E218024B5A614EE0E5
:100D8000E8110020501C00202225A022AB18DB19FE
:100D90001B78591E3126B318DB191B78581CF34AEF
:100DA0000B00DB005B1ADB00D3181B5C1C00A022CD
:100DB000AB18DB191B78591EB318DB191B78981C6C
:100DC000EA4A0B00DB005B1ADB00D3181B5C1B023A
:100DD000E418A022AB18DB191B78591EB318DB19D5
:100DE0001B78D81CE14A0B00DB005B1ADB00D31830
:100DF0001B5C1B04E418A022AB18DB191B78591EDE
:100E0000B318DB191B78181DD84A0B00DB005B1ADE
:100E1000DB00D3181B5C1B06E218D54B9A61222419
:100E2000A026A319DB191B785A1E3125AB19DB1933
:100E30001878CE491300DB009B1ADB00CB181B5C33
:100E40009BB2CC4A1380A319DB191B78591EAB192E
:100E5000DB191B78581CC54A0B00DB005B1ADB0052
:100E6000D3181B5C9BB2C44A1380C34B1B88002B56
:100E700010D1C04B1B88DAB2C04B1900100005F02E
:100E8000F3FBBC4B1B88D8B2BD4ABC4B190005F024
:100E900041FC13E0B84B1B88012B0FD1B54B1B88CD
:100EA000DAB2B84B1900100005F0DEFBB14B1B881D
:100EB000D8B2B34AB34B190005F02CFCB24AB34B7D
:100EC0001100180005F0ACFC2225A026AB19DB1997
:100ED0001B785A1E3124A319DB191878A349130073
:100EE000DB009B1ADB00CB181B5C9BB2A14A138072
:100EF000A04B1B88DAB2A64B1900100005F088FD44
:100F00003200AB18DB191B78591E2600B318DB1909
:100F10001B78581D954A0B00DB005B1ADB00D318C9
:100F20001B5C1C00A022AB18DB191B78591EB318E0
:100F3000DB191B78981D8D4A0B00DB005B1ADB0068
:100F4000D3181B5C1B02E418A022AB18DB191B781A
:100F5000591EB318DB191B78D81D844A0B00DB001F
:100F60005B1ADB00D3181B5C1B04E418A022AB182F
:100F7000DB191B78591EB318DB191B7808331800CE
:100F80007A4A0B00DB005B1ADB00D3181B5C1B06E4
:100F9000E218774BDA61A022AB18DB191B78591ED7
:100FA000B318DB191B7809331800704A0B00DB00FB
:100FB0005B1ADB00D3181B5C1C00A022AB18DB19EA
:100FC0001B78591EB318DB191B780A331800674ABF
:100FD0000B00DB005B1ADB00D3181B5C1B02E41860
:100FE000A022AB18DB191B78591EB318DB191B782C
:100FF0000B3318005D4A0B00DB005B1ADB00D318D3
:101000001B5C1B04E418A022AB18DB191B78591ECB
:10101000B318DB191B780C331800544A0B00DB00A3
:101020005B1ADB00D3181B5C1B06E218504B1A62DC
:1010300000F035FC574A0123137000F030FC564A8B
:101040000123137000F02BFC2223A0215B18DB1975
:101050001B785A1E31235B18DB191878434913009B
:10106000DB009B1ADB00CB181B5C082B00D9B9E313
:101070009A004A4BD3181B689F462223A0241B19B1
:10108000DB191B78591E31231B19DB191B78581CDF
:10109000364A0B00DB005B1ADB00D3181B5C002B0D
:1010A00008D137231B19DA19002313703C4A102387
:1010B000137098E33723A0229B18DA19FF231370CB
:1010C00091E32224A026A319DB191B78591E312590
:1010D000AB19DB191B78581C244A0B00DB005B1A88
:1010E000DB00D3181B5C002B38D137239B19DA198E
:1010F00000231370A319DB191B78591EAB19DB19D8
:101100001B78981C194A0B00DB005B1ADB00D31814
:101110001B5C244A5370A319DB191B78591EAB19A9
:10112000DB191B78D81C114A0B00DB005B1ADB00B3
:10113000D3181B5C1B4A9370A319DB191B78591E2B
:10114000AB19DB191B78181D084A0B00DB005B1A72
:10115000DB00D3181B5C134AD37044E33723A0226F
:101160009B18DA19FF2313703DE3C046E8110020F5
:10117000501C0020E81B0020EA1B0020D4B102080C
:10118000F81B0020D8B10208EC1B0020F01B002047
:10119000F41B0020550D0020560D0020BCB30208A2
:1011A000FE120020301C00202224A026A319DB19E7
:1011B0001B78591E3125AB19DB191B78581CC94AFD
:1011C0000B00DB005B1ADB00D3181B5C002B17D174
:1011D00037239B19DA1900231370A319DB191B7825
:1011E000591EAB19DB191B78981CBE4A0B00DB009B
:1011F0005B1ADB00D3181B5C5BB2BB4A1370F2E2D4
:101200003723A0229B18DA19FF231370EBE2222464
:10121000A0256319DB191B78591E31267319DB19B8
:101220001B78581CAF4A0B00DB005B1ADB00D3189D
:101230001B5C002B2FD1372329005B18DA19002300
:10124000137025000A00A318DB191B78591EB31868
:10125000DB191B78981CA34A0B00DB005B1ADB0030
:10126000D3181B5C9CB2A022AB18DB191B78591E4B
:10127000B318DB191B78D81C9A4A0B00DB005B1AE9
:10128000DB00D3181B5C9BB21B029BB2E3189BB222
:10129000954AD380A7E23723A0229B18DA19FF23AF
:1012A0001370A0E22224A0256319DB191B78591EB4
:1012B00031267319DB191B78581C8A4A0B00DB0096
:1012C0005B1ADB00D3181B5C002B30D137232900BD
:1012D0005B18DA190023137025000A00A318DB1924
:1012E0001B78591EB318DB191B78981C7D4A0B001C
:1012F000DB005B1ADB00D3181B5C9CB2A022AB188E
:10130000DB191B78591EB318DB191B78D81C754ADA
:101310000B00DB005B1ADB00D3181B5C9BB21B02CB
:101320009BB2E3189BB21BB26F4A93805BE23723F8
:10133000A0229B18DA19FF23137054E22225A0245F
:101340002B19DB191B78591E31263319DB191B7831
:10135000581C644A0B00DB005B1ADB00D3181B5CD3
:10136000002B4ED137231B19DA19002313702200EA
:101370002B19DB191B78591EB318DB191B78981C25
:10138000584A0B00DB005B1ADB00D3181B5C1C0007
:10139000A022AB18DB191B78591EB318DB191B7878
:1013A000D81C504A0B00DB005B1ADB00D3181B5C17
:1013B0001B02E418A022AB18DB191B78591EB318C6
:1013C000DB191B78181D474A0B00DB005B1ADB009A
:1013D000D3181B5C1B04E418A022AB18DB191B7884
:1013E000591EB318DB191B78581D3E4A0B00DB0051
:1013F0005B1ADB00D3181B5C1B06E2183A4BDA6061
:10140000F1E13723A0229B18DA19FF231370EAE1D8
:101410002225A0242B19DB191B78591E31263319DC
:10142000DB191B78581C2F4A0B00DB005B1ADB0012
:10143000D3181B5C002B4ED137231B19DA1900235C
:10144000137022002B19DB191B78591EB318DB19F6
:101450001B78981C234A0B00DB005B1ADB00D318B7
:101460001B5C1C00A022AB18DB191B78591EB3189B
:10147000DB191B78D81C1B4A0B00DB005B1ADB0056
:10148000D3181B5C1B02E418A022AB18DB191B78D5
:10149000591EB318DB191B78181D124A0B00DB000C
:1014A0005B1ADB00D3181B5C1B04E418A022AB18EA
:1014B000DB191B78591EB318DB191B78581D094A14
:1014C0000B00DB005B1ADB00D3181B5C1B06E21869
:1014D000054B9A6087E13723A0229B18DA19FF2376
:1014E000137080E1E8110020301C00202225A02488
:1014F0002B19DB191B78591E31263319DB191B7880
:10150000581CE44A0B00DB005B1ADB00D3181B5CA1
:10151000002B00D05FE137231B19DA190023137069
:1015200022002B19DB191B78591EB318DB191B7805
:10153000981CD84A0B00DB005B1ADB00D3181B5C3D
:101540001C00A022AB18DB191B78591EB318DB193D
:101550001B78D81CCF4A0B00DB005B1ADB00D318CA
:101560001B5C1B021C43A022AB18DB191B78591E05
:10157000B318DB191B78181DC64A0B00DB005B1A79
:10158000DB00D3181B5C1B041C43A022AB18DB1927
:101590001B78591EB318DB191B78581DBD4A0B0068
:1015A000DB005B1ADB00D3181B5C1B062343AC205B
:1015B0003C1823600C23A0215B18DB191A68B64B7A
:1015C0001A6100233A1813600A00AB18DB191B7864
:1015D000591EB318DB191B78981DAE4A0B00DB00AF
:1015E0005B1ADB00D3181B5C1C00A022AB18DB19B4
:1015F0001B78591EB318DB191B78D81DA54A0B00A0
:10160000DB005B1ADB00D3181B5C1B021C43A0220F
:10161000AB18DB191B78591EB318DB191B7818009F
:1016200008309C4A0B00DB005B1ADB00D3181B5C04
:101630001B041C43A022AB18DB191B78591EB318DE
:10164000DB191B7818000930924A0B00DB005B1A8B
:10165000DB00D3181B5C1B062343AC203C18236023
:101660000C23A0215B18DB191A688B4B5A610023ED
:101670003A1813600A00AB18DB191B78591EB3180F
:10168000DB191B7818000A30824A0B00DB005B1A5A
:10169000DB00D3181B5C1C00A022AB18DB191B78E5
:1016A000591EB318DB191B7818000B30794A0B0050
:1016B000DB005B1ADB00D3181B5C1B021C43A0225F
:1016C000AB18DB191B78591EB318DB191B781800EF
:1016D0000C30704A0B00DB005B1ADB00D3181B5C7C
:1016E0001B041C43A022AB18DB191B78591EB3182E
:1016F000DB191B7818000D30664A0B00DB005B1A03
:10170000DB00D3181B5C1B062343AC203C18236072
:101710000C23A0215B18DB191A685F4B9A61002328
:101720003A1813600A00AB18DB191B78591EB3185E
:10173000DB191B7818000E30564A0B00DB005B1AD1
:10174000DB00D3181B5C1C00A022AB18DB191B7834
:10175000591EB318DB191B7818000F304D4A0B00C7
:10176000DB005B1ADB00D3181B5C1B021C43A022AE
:10177000AB18DB191B78591EB318DB191B7818003E
:101780001030444A0B00DB005B1ADB00D3181B5CF3
:101790001B041C43A022AB18DB191B78591E150033
:1017A000B318DB191B78180011303A4A0B00DB0024
:1017B0005B1ADB00D3181B5C1B062343AC217A1891
:1017C00013600C235B19DB191A68334BDA610023B1
:1017D0007A18136007E03723A0229B18DA19FF2339
:1017E000137000E0C0465AE03726A0203318DD19F8
:1017F00021231B18DB191C7835221318DB191B78E1
:101800009C46222102000B18DB1919782E20831820
:10181000DB19188831239B18DB191B7800932300F0
:10182000624600F095F803002B70A022B318DB1974
:101830001B78012B32D1B318DD19212316009B1917
:10184000DB191C7835229319DB191A7822218B19A0
:10185000DB1919782E208319DB19188831239B197D
:10186000DB191B780093230000F016FD03002B709A
:1018700014E0C04613E0C04611E0C0460FE0C04689
:101880000DE0C0460BE0C04609E0C04607E0C04698
:1018900005E0C046E8110020301C0020C046372477
:1018A000A0256319DB191B78012B0CD135235B199B
:1018B000DB191B78002200211800F9F7CBFD631912
:1018C000DA19002313702221A0254B19DB191B788C
:1018D000013B1A00D200D21AD3001A00194BD018BB
:1018E0000C004B19DB191B785A1E174B9B5C1A0016
:1018F000002112F062F86319DB191B78591E124A95
:10190000002353546319DB191A78104B9B5C022B8C
:1019100013D06319DB191A780C4B9B5C032B0CD08A
:101920006319DB191A78094B9B5C042B05D06319EA
:10193000DB191978054A0023535406F061FFFAF7C2
:1019400022FFC046E8110020C81200205C0D0020D4
:10195000B0B584B000AF05000C0010001900BB1D2D
:101960002A1C1A807B1D221C1A703B1D021C1A7037
:10197000FB1C0A1C1A700F217B1801221A707B189D
:101980001B781800BD4604B0B0BD0000F0B5ABB088
:1019900000AF6C243B1918003C231A00002112F000
:1019A0000CF85C26BB19180010231A00002112F055
:1019B00004F810257B1918004C231A00002111F09F
:1019C000FCFF80239B0018000CF08AF83B190922C9
:1019D0001A603B19802252025A6021007B180122B2
:1019E0009A617B1802221A627B1803225A627B18C2
:1019F00000229A627B180C22DA627B188022920203
:101A00001A637B18802292045A637B188022920505
:101A10009A637B1818000CF0AFF831007B1807228E
:101A20001A607B1802225A607B1800229A607B1889
:101A30000022DA607B18022118000CF0FDFB29005F
:101A40007B182C4A1A607B1800229A607B1880222F
:101A500092001A647B18802292031A607B1800227D
:101A60009A637B1818000CF091FD234BDA6B224B24
:101A7000802149050A43DA631F4BDA6B80235B053B
:101A80001340FB60FB680CF01DF81B4B1A6C1A4BE3
:101A9000802109010A431A64174B1A6C80231B0129
:101AA0001340BB60BB680CF051FD0200FA239900A3
:101AB0001000EEF74FFB030018000AF012FE04209E
:101AC0000AF01CFE0C4B1A6C0B4B01210A431A64E2
:101AD000094B1B6C012213407B607B6801235B4236
:101AE0000022002118000AF0C7FDC046BD462BB0F9
:101AF000F0BDC0460200020000100240F0B58DB0FB
:101B000000AF1C2308215B18DB1900221A701B266A
:101B10007318DB1900221A7026235B18DB190822C0
:101B20001A8018235B18DB1900221A807B18002208
:101B30001A60043311220021180011F03EFF0BF04F
:101B400025FBC44B190004200BF052FC0823F218AB
:101B5000D619FA239B0018000BF058FB03003370D2
:101B6000BD4B190004200BF043FC1B260823F21880
:101B7000D619FA239B0018000BF048FB03003370C2
:101B80001B260823F318DB191B78002B03D0B34B5B
:101B90005B68DBB2B2E1B24B5A69B14B02218A43B6
:101BA0005A61B04B1B78002B00D1B6E0AE4B1B78CE
:101BB0009BB21B0299B2AB4B1B789AB21820082635
:101BC0008319DB198A181A808319DB191B889BB2C9
:101BD0003B6000237B609F493A687B6801200BF0E3
:101BE00087FA1B239B19DE19FA239B0018000BF0C0
:101BF0000DFB030033701B2308269B19DB191B7890
:101C0000002B03D0954B5B68DBB277E1944B5A69AC
:101C1000934B01218A435A61252308229B18DB1923
:101C200001221A7070E0242308229B18DB1900227D
:101C30001A705AE0252008268319DB191B785A1ED2
:101C40008A4B16214A43D35A002B45D02623310014
:101C50005B18DB191B887F4A9E184318DB191B7819
:101C60005A1E24235B18DB191878804913009B0047
:101C70009B185B009B181B185B005B5A1C00002321
:101C80001D0022002B00310001200BF031FA1B2334
:101C900008215B18DE19FA239B0018000BF0B6FA36
:101CA000030033701B2308215B18DB191B78002B02
:101CB00003D06A4B5B68DBB220E1694B5A69684B21
:101CC00001218A435A61262208215318DB19521830
:101CD000D219128808321A80242108200B18DB1927
:101CE0001A780B18DB1901321A70242308201B18EC
:101CF000DB191B780A2B9DD925210B18DB191A78C3
:101D00000B18DB1901321A70574B1B78252208215A
:101D10005218D21912789A4285D94F4BBB621F23B1
:101D200008229B18DB1900221A70D7E01F20082414
:101D30000319DB191A784E4913009B009B189B006E
:101D40005B5C002B00D1C0E03B19FE221A70031926
:101D5000DB191A7813009B009B189B00444A9918C2
:101D60003B1901331422180011F053FF1E231B19D5
:101D7000DB1900221A7032E0B96A1E2308269B196B
:101D8000DB191B78DB00BA19D3181A685B680120CD
:101D90000BF0AEF91B25AB19DC19FA239B001800D8
:101DA0000BF034FA03002370AB19DB191B78002BFE
:101DB00003D02A4B5B68DBB2A0E0294B5A69284B61
:101DC00001218A435A61BB6A0833BB621E21082085
:101DD0000B18DB191A780B18DB1901321A701E2345
:101DE00008229B18DB191B78042BC5D91D239B18CF
:101DF000DB1900221A704FE0B86A1F2308241B1950
:101E0000DB191A781A4913009B009B189B00CB180A
:101E10000C331B681D221219D219127892009B18DC
:101E20001A685B68010001200BF062F91B2526008F
:101E30002B19DC19FA239B0018000BF0E7F90300BB
:101E40002370AB19DB191B78002B13D0034B5B6895
:101E5000DBB253E0000004080010040840A3012096
:101E600000200240580D002084000020140E0020A5
:101E7000E8130020234B5A69224B01218A435A61FF
:101E8000BB6A0833BB621D2108200B18DB191A78C6
:101E90000B18DB1901321A701D2308229B18DB195D
:101EA0001C781F239B18DB191A78174913009B0015
:101EB0009B189B00CB180C331B681800EEF72EF90B
:101EC000030001339B089C4296D31F2108200B1866
:101ED000DB191A780B18DB1901321A700B4B1B78BF
:101EE0001F2208241219D21912789A4200D21DE733
:101EF0000BF070F91C231B19DB191B781800BD4669
:101F00000DB0F0BD00200240E81300204C1400206A
:101F100080B500AF8F239A00084B0021180011F004
:101F20004CFD074B01221A70064B00221A70FFF776
:101F3000E5FD03001800BD4680BDC046140E00201C
:101F400084000020580D0020F0B589B004AF0500D2
:101F50000C0010001900FB1D2A1C1A70BB1D221C4E
:101F60001A707B1D021C1A703B1D0A1C1A700F256B
:101F70007B1900221A700E26BB1900221A704A4BD8
:101F80001A787C19BB1D1B7819001000F2F7DCFDD4
:101F9000030023703B1D1B78002B0ED0424B1B7897
:101FA000BA1D12789A4208D17B193A1D12781A701C
:101FB000BB193D4A12781A701BE03B1D1B78002BA1
:101FC00017D1BB1D1B78013B384AD35C012B05D1CF
:101FD0000E23FB18344A12781A700AE0BB1D1B78D6
:101FE000013B324AD35C5A1E0E23FB1830498A5CEF
:101FF0001A702D4B1B78FA1D12789A422FD106F0D9
:1020000085F90300BB603B1D1B78002B08D1294BD1
:102010001968BB1D1A78BB68180011F04FFC08E066
:10202000254B1968BB1D1A783B1D1B78B86811F049
:1020300045FC224B1A68BB681100180011F0C5FC62
:10204000BB681800EEF76AF803009AB2B9687B1D06
:102050001878322305F0C2FD642009F0C9FA7B1D0F
:102060001B78180000F02CF80F257B191B7818003E
:1020700000F026F80C4B19780B4B1C787B191A785A
:102080007B1D18780023039301235B4202930123F5
:102090005B420193022300932300F9F787FDC046BA
:1020A000BD4605B0F0BDC046580D002050100020C0
:1020B000301B0020780000207C00002080000020E1
:1020C00080B584B000AF0200FB1D1A70FB1D1B78A9
:1020D000180005F0DFFD0300FB60FB68E12212023F
:1020E0005A60FB688022D2001A61FB68802252018C
:1020F0009A60FB6818000DF083F9FB681B681A688A
:10210000FB681B6820210A431A60C046BD4604B024
:1021100080BD000080B586B002AF4D4B5A6B4C4B72
:1021200002210A435A634A4B5B6B02221340BB6095
:10213000BB68474B5A6B464B01210A435A63444BD9
:102140005B6B012213407B607B6805F0B5FA05F0FC
:1021500075FA05F0EFFA04F0BFF90123FB6061E0C6
:10216000FB68DBB2180005F095FD0200394B9A427E
:1021700006D1FB685A1E384B92003849D1504EE0C8
:10218000FB68DBB2180005F085FD0200344B9A4273
:1021900006D1FB685A1E304B92003249D1503EE0C6
:1021A000FB68DBB2180005F075FD02002E4B9A4269
:1021B00006D1FB685A1E284B92002C49D1502EE0C4
:1021C000FB68DBB2180005F065FD0200284B9A425F
:1021D00006D1FB685A1E204B92002649D1501EE0C2
:1021E000FB68DBB2180005F055FD0200224B9A4255
:1021F00006D1FB685A1E184B92002049D1500EE0C0
:10220000FB68DBB2180005F045FD02001C4B9A424A
:1022100005D1FB685A1E104B92001A49D150FB6839
:102220000133FB60FB68032B9ADD174B1B68002B07
:1022300009D1164A16491748134B019303230093FB
:10224000002307F02EFAC046BD4604B080BDC0464C
:1022500000100240181E0020140D00200C00024047
:10226000AC1E002020000240401F0020340002402D
:10227000D41F002048000240682000205C0002407B
:10228000FC2000207000024090210020C4090000C2
:10229000A0B402088D260108B0B588B002AF0500D1
:1022A0000C0010001900BB1D2A1C1A807B1D221C6B
:1022B0001A703B1D021C1A70FB1C0A1C1A70172393
:1022C000FB1800221A70BB1D1B88CB4A934200D119
:1022D000EEE0C94A934200DD87E1C84A93424AD002
:1022E000C64A934200DD80E1C54A934203D0C54A05
:1022F000934220D079E17B1D1B785A1E28257B193B
:102300001978C1481300DB009B1ADB00C3185C5C22
:102310007B1D1B785A1E7B191B78591CBA48130069
:10232000DB009B1ADB00C3185B5C00221900200055
:1023300000F080FF59E17B1D1B785A1E28257B1970
:102340001978B1481300DB009B1ADB00C3185C5CF2
:102350007B1D1B785A1E7B191B78591CAA48130039
:10236000DB009B1ADB00C3185B5C01221900200014
:1023700000F060FF39E17B1D1B785A1E28257B1970
:102380001B78991CA0481300DB009B1ADB00C318C4
:102390005B5C1C007B1D1B785A1E7B191B78D91CAB
:1023A00099481300DB009B1ADB00C3185B5C1B021F
:1023B000E1187B1D1B785A1E7B191B78181D924C47
:1023C0001300DB009B1ADB00E3181B5C1B04C9181D
:1023D0007B1D1B785A1E7B191B78581D8A4C1300D5
:1023E000DB009B1ADB00E3181B5C1B06CB183B6170
:1023F0007B1D1B785A1E7B191B78991D8248130080
:10240000DB009B1ADB00C3185B5C1C007B1D1B7888
:102410005A1E7B191B78D91D7B481300DB009B1AC1
:10242000DB00C3185B5C1B02E1187B1D1B785A1E86
:102430007B191B7808331800734C1300DB009B1AC0
:10244000DB00E3181B5C1B04C9187B1D1B785A1E9C
:102450007B191B78093318006B4C1300DB009B1AA7
:10246000DB00E3181B5C1B06CB18FB607B1D1B7895
:102470005A1E7B19197864481300DB009B1ADB0095
:10248000C3185C5C7B1D1B785A1E7B191B78591C7A
:102490005D481300DB009B1ADB00C318595C3A69E6
:1024A000FB68009313000022200000F0B3FA9CE0C8
:1024B0007B1D1B785A1E28257B191B78991C5248B6
:1024C0001300DB009B1ADB00C3185B5C1C007B1D48
:1024D0001B785A1E7B191B78D91C4B481300DB0054
:1024E0009B1ADB00C3185B5C1B02E1187B1D1B7889
:1024F0005A1E7B191B78181D434C1300DB009B1AD6
:10250000DB00E3181B5C1B04C9187B1D1B785A1EDB
:102510007B191B78581D3C4C1300DB009B1ADB0019
:10252000E3181B5C1B06CB183B617B1D1B785A1EF6
:102530007B191B78991D34481300DB009B1ADB00C4
:10254000C3185B5C1C007B1D1B785A1E7B191B7813
:10255000D91D2D481300DB009B1ADB00C3185B5C00
:102560001B02E1187B1D1B785A1E7B191B78083350
:102570001800254C1300DB009B1ADB00E3181B5CE2
:102580001B04C9187B1D1B785A1E7B191B78093345
:1025900018001D4C1300DB009B1ADB00E3181B5CCA
:1025A0001B06CB18FB607B1D1B785A1E7B19197804
:1025B00015481300DB009B1ADB00C3185C5C7B1D15
:1025C0001B785A1E7B191B78591C0F481300DB001F
:1025D0009B1ADB00C318595C3A69FB68009313002F
:1025E0000122200000F016FAC0461723FB181B78C2
:1025F0001800BD4606B0B0BD370800003608000020
:102600003408000035080000E811002080B582B0D1
:1026100000AF78607B681B68164A934201D10123A2
:1026200023E07B681B68144A934201D102231CE01B
:102630007B681B68114A934201D1032315E07B6834
:102640001B680F4A934201D104230EE07B681B688C
:102650000C4A934201D1052307E07B681B680A4AB4
:10266000934201D1062300E000231800BD4602B0CA
:1026700080BDC04600440040003C0140003801409D
:10268000004C0040005000400048004090B585B02C
:1026900002AF78601D4B180000F020F91C4B1800A9
:1026A00000F06AF91B4B1B78032B1DD027DC012B94
:1026B00010D0022B23D1184B1878184B1978184BCF
:1026C0001A78184B1C68184B1B680093230000F005
:1026D000A1F918E0154B1878154B1978154B1B7894
:1026E0001A0000F0F1F90EE0134B1868134B19684B
:1026F000134B1A78134B1B7800F06EFB03E00A2093
:1027000005F08CFCC04606F07BF8C3E7D43100200E
:10271000D0310020BD210020A1210020A0210020D7
:10272000A2210020A4210020A8210020AD2100200A
:10273000AC210020AE210020B4210020B8210020CF
:10274000AF210020B121002080B500AF054B18005B
:1027500005F026FD044B180005F022FDC046BD46DD
:1027600080BDC04620B4020890B4020880B582B093
:1027700000AF0200FB1D1A70FB1D1B78002B26D03A
:10278000012B49D1284B03221A8000F019FF274B57
:10279000180009F07BFAFA239A00244B1100180064
:1027A00009F0FEFA214B180009F08EFB0200204BC5
:1027B0001A601E4B180009F0B7FA00F023FF1C4BFB
:1027C0001B68194A1B49180000F038F825E01A4B1D
:1027D0000A221A8000F038FF144B180009F056FA4C
:1027E000FA239A00114B1100180009F0D9FA0F4B87
:1027F000180009F069FB02000D4B1A600B4B180022
:1028000009F092FA00F042FF094B1B680A4A094995
:10281000180000F013F800E0C046064B1B681800D3
:10282000BD4602B080BDC046C02100204C3A002009
:10283000982100209C210020C829002080B586B066
:1028400000AFF860B9607A6000237B611223FB1847
:1028500000221A807B685B887A689B00D318043357
:10286000FA681A607B685B8801339AB27B685A8089
:102870007B685B881A007B681B8801339A4202D10F
:102880007B6800225A801223FB1800221A800FE076
:1028900012217B181B887A689B00D31804331B68AD
:1028A0007A69D3187B617B181A887B1801321A80E9
:1028B0007B681B881222BA1812889A42E8D97B6872
:1028C0001B88013319007869EDF744FC03001A00F6
:1028D000BB681A60C046BD4606B080BD90B585B0E5
:1028E00000AF78600F243B1900221A700020FFF718
:1028F0003DFF02001A4B1A60194B1A6813005B0067
:102900009B181800EEF798FC031C1649181CEDF7ED
:10291000BBFF031CBB60B868F0F71EFB124A134BE9
:10292000EFF7EEFE02000B0010001900F0F75CFB61
:10293000031CBB60B868F0F70FFB0D4A0D4BEFF7B7
:102940001DFC02000B0010001900F0F74DFB021CEB
:102950007B681A603B191B781800BD4605B090BD16
:102960009421002000F07F452213B6C09A8AF93FD7
:102970003546EBA8AAAA804090B585B000AF786034
:102980000F243B1900221A700120FFF7EFFE02000E
:102990001A4B1A60194B1A6813005B009B18180039
:1029A000EEF74AFC031C1649181CEDF76DFF031CDB
:1029B000BB60B868F0F7D0FA124A134BEFF7A0FEED
:1029C00002000B0010001900F0F70EFB031CBB60A7
:1029D000B868F0F7C1FA0D4A0D4BEEF7D5FF0200CB
:1029E0000B0010001900F0F7FFFA021C7B681A6058
:1029F0003B191B781800BD4605B090BD94210020FE
:102A000000F07F452213B6C09A8AF93F018750A58E
:102A1000660F843F90B587B000AF04000800110036
:102A20003B60FB1D221C1A70BB1D021C1A707B1D13
:102A30000A1C1A701723FB1800221A7000233B612E
:102A40000023FB603968B86AEDF784FB0300FB6084
:102A5000BB6A632B02D9FB68632B22D805232CE0C9
:102A60001723FC187B1D1A78BB1D1978FB1D1B78DA
:102A7000180000F029F803002370FA6813005B01C6
:102A80009B1A9B009B18DB001A00FA239900100088
:102A9000EDF760FB0300180006F03AFF3B690133D5
:102AA0003B613A693B689A42DAD3064B04221A70BA
:102AB00000233B611723FB181B781800BD4607B0A5
:102AC00090BDC046A121002090B585B000AF0400A4
:102AD00008001100FB1D221C1A70BB1D021C1A707D
:102AE0007B1D0A1C1A700023BB600F23FB180022F9
:102AF0001A70BB1D1B78002B07D1714B1B78FA1D78
:102B000012789A4201D10523D6E07B1D1B78002B59
:102B100002D0012B62D0C2E00F23FC180823FB185F
:102B20001800FFF7DBFE03002370654B1B78FA1DCE
:102B300012789A4203D0FB1D1B78002B1FD108216D
:102B40007B181B68DAB25F4B1A707B181B681B0A74
:102B5000DAB25C4B5A707B181B681B0CDAB2594B0B
:102B60009A707B181B681B0EDAB2564BDA70554907
:102B7000BB1D18780A23042205F030F890E00F23DB
:102B8000FB181B78002B03D14F4B00225A7002E038
:102B90004D4BFF225A704C4B07221A7008217B18AC
:102BA0001B68DAB2484B9A707B181B681B0ADAB2B2
:102BB000454BDA707B181B681B0CDAB2424B1A715A
:102BC0007B181B681B0EDAB23F4B5A71FB1D1B783A
:102BD00006222E211800F8F73DFC61E00F23FC18B7
:102BE0000823FB181800FFF7C7FE03002370344BBF
:102BF0001B78FA1D12789A4203D0FB1D1B78002B1C
:102C00001FD108217B181B68DAB22E4B1A707B1873
:102C10001B681B0ADAB22B4B5A707B181B681B0C03
:102C2000DAB2284B9A707B181B681B0EDAB2254B60
:102C3000DA702449BB1D18780A23042204F0CEFF61
:102C40002EE00F23FB181B78002B03D11E4B002214
:102C50005A7002E01C4BFF225A701B4B07221A705D
:102C600008217B181B68DAB2174B9A707B181B6817
:102C70001B0ADAB2144BDA707B181B681B0CDAB231
:102C8000114B1A717B181B681B0EDAB20E4B5A716E
:102C9000FB1D1B7806222E211800F8F7DBFBC0462F
:102CA0000A4B04221A70074B04220021180010F06E
:102CB00084FE0F23FB181B781800BD4605B090BD9D
:102CC000580D0020E4310020CC120020A12100206A
:102CD00090B587B000AF786039606423FB60F96815
:102CE0007868EDF737FA03007B617B68F9681800B4
:102CF000EDF7B6FA0B00BB604AE0FA6813005B011F
:102D00009B1A9B009B18DB001A00FA239900100005
:102D1000EDF720FA0300180006F0FAFD1323FB1864
:102D200000221A7029E0284B1B785A1E13243B19E5
:102D30001978264813005B009B189B01C3185B5C45
:102D40000D2B14D13B68002B11DD1F4B1B785A1E35
:102D50003B1919781D4813005B009B189B01C31891
:102D600000225A541A4B01221A70062327E013211D
:102D70007B181A787B1801321A701323FB181B7802
:102D8000BF2BD0D9134B1B78002B01D0062316E0A4
:102D90007B695A1E7A61002BAFDCBA6813005B01B5
:102DA0009B1A9B009B18DB001A00FA239900100065
:102DB000EDF7D0F90300180006F0AAFD0023180073
:102DC000BD4607B090BDC04600130020A4160020E9
:102DD000BC210020D8310020B0B5A4B002AFF8600B
:102DE000B9601900FB1D1A70BB1D0A1C1A708323E1
:102DF000FB1800221A700023FB67F968B868EDF72A
:102E0000A9F90300BB67B96FB868EDF7A3F9030030
:102E10008422BA181360BB6F632B01D805239DE091
:102E2000BB1D1B78002B02D0012B48D090E0BA6F5D
:102E3000BB689A4201D9BB6FBB604A4B00221A7033
:102E400030E005F063FA0300FB677423FB181800F9
:102E5000FFF744FD7B6F181CF0F77EF802000B00B3
:102E6000414910257819009201930A00322110F08F
:102E7000F1FC7B191800EDF751F903009AB2FA231F
:102E80005C007919FB1D187801235B420093230035
:102E900004F04EFEFA68BB6F11001800FFF718FF30
:102EA000031E0BD184217B181B685A1E79180A60F7
:102EB000002BC6DCBB680133C3D000E0C046BA6F4C
:102EC000BB689A4201D9BB6FBB60264B00221A70C7
:102ED00030E005F01BFA0300FB677423FB181800B1
:102EE000FFF74AFD7B6F181CF0F736F802000B0065
:102EF0001E4910257819009201930A00322110F022
:102F0000A9FC7B191800EDF709F903009AB2FA231E
:102F10005C007919FB1D187801235B4200932300A4
:102F200004F006FEFA68BB6F11001800FFF7D0FE30
:102F3000031E0BD184217B181B685A1E79180A6066
:102F4000002BC6DCBB680133C3D000E0C046C046DE
:102F5000074B04221A708323FB181B781800BD4608
:102F600022B0B0BDD8310020B0B40208CCB4020801
:102F7000A121002090B587B002AF786039600023AE
:102F8000FB600C23FB18180000F0F0F8FB68181C1D
:102F9000EFF7E2FF02000B00054C396878680092F9
:102FA0000193220010F056FCC046BD4605B090BD0E
:102FB000E8B4020890B587B002AF786039600023AA
:102FC000FB600C23FB18180000F0E4F8FB68181CE9
:102FD000EFF7C2FF02000B00054C396878680092D9
:102FE0000193220010F036FCC046BD4605B090BDEE
:102FF000F8B40208B0B58CB002AFF860B9607A607E
:103000001B23FB1800221A7000237B62F968B86842
:10301000EDF7A0F803007B617B69632B01D80523E2
:1030200093E02323FB1800221A7021E0494B1B7800
:103030005A1E23243B191978474813005B009B183C
:103040009B01C3185B5C0D2B0CD1424B1B785A1EA5
:103050003B191978404813005B009B189B01C3186B
:1030600000225A5423217B181A787B1801321A70D7
:103070002323FB181B78BF2BD8D9384B1B78012B87
:1030800016D1364B00221A70324B1C78344B1D6817
:10309000334B1B681800EDF741F803009AB20A237E
:1030A0002900200004F09AFD1B23FB181B784CE03C
:1030B0007A69BB689A4201D97B69BB607969B86853
:1030C000EDF748F80300FB61264B00221A7022E05E
:1030D00005F01CF903007B627A6A7B6864211000AA
:1030E00098471C4B1C787B6A1800EDF717F8030013
:1030F0009AB2FA235800796A01235B4200930300D5
:10310000200004F015FDFA687B6911001800FFF734
:10311000DFFD031E08D1FB695A1EFA61002BD7DCC4
:10312000BB680133D4D000E0C04699239A007B6A83
:103130000021180010F041FC0B4A7B6A11001800B6
:1031400010F0BCFB1B23FB181B781800BD460AB00F
:10315000B0BDC04600130020A4160020BC210020F2
:10316000D4010020D831002008B5020880B584B011
:1031700000AF78600F217B1800221A70044B1A6888
:103180007B681A607B181B781800BD4604B080BDB0
:10319000D431002080B584B000AF78600F217B1857
:1031A00000221A70044B1A687B681A607B181B781F
:1031B0001800BD4604B080BDD031002090B585B068
:1031C00000AF0400080011003B60FB1D221C1A70B8
:1031D000BB1D021C1A707B1D0A1C1A700F217B1864
:1031E00000221A700D4B02221A700D4BBA1D127874
:1031F0001A700C4BFA1D12781A700B4B3A681A6051
:103200000A4B3A6A1A600A4B7A1D12781A707B18B8
:103210001B781800BD4605B090BDC046BD210020FA
:10322000A0210020A1210020A4210020A82100200D
:10323000A221002090B585B000AF04000800110065
:10324000FB1D221C1A70BB1D021C1A707B1D0A1C60
:103250001A700F217B1800221A700A4B01221A7073
:10326000094BBA1D12781A70084BFA1D12781A70A1
:10327000074B7A1D12781A707B181B781800BD4610
:1032800005B090BDBD210020AC210020AD21002063
:10329000AE21002080B588B000AFF860B9607A60D8
:1032A000274BFB61274BBB6100237B6100233B6104
:1032B000FB6800221A701023FA187B68012118009D
:1032C00005F02CF803007B617B69002B07D11E4AB7
:1032D000B968FB68180010F0BDFA00232CE0FB6908
:1032E0001800ECF71BFF0200F9697B69180010F069
:1032F00087FB031E06D1BA68FB6811001800FFF7B0
:1033000059FE18E0BB691800ECF708FF0200B96924
:103310007B69180010F074FB031E06D1BA68FB68C5
:1033200011001800FFF726FE05E0074AB968FB68A0
:10333000180010F08FFA00231800BD4608B080BDB9
:103340000CB5020810B5020818B5020880B58CB09B
:1033500000AFF860B9607A603B600023FB62002335
:10336000BB620023FB610023BB6100237B6200235F
:103370003B6200237B6100233B617A68FB6801218B
:10338000180004F0CBFF0200BB681A601C23FA1877
:10339000FB680221180004F0C1FF0300FB62182340
:1033A000FA18FB680321180004F0B8FF0300BB62A1
:1033B000BB681B68002B05D0FB6A002B02D0BB6AE0
:1033C000002B01D1002348E0FB6A18000EF0ADFE8F
:1033D00003001A00BB6B1A60BB6A18000EF0A5FE52
:1033E00003001A00FB6B1A603B6801221A70142359
:1033F000FA18FB680421180004F090FF03007B62B8
:103400001023FA18FB680521180004F087FF030059
:103410003B623B6A002B04D17B6A002B01D1012364
:103420001BE03B6A002B02D07B6A002B01D10023FA
:1034300013E07B6A18000EF078FE0300DAB23B6CF2
:103440001A703B6A18000EF070FE0300DAB27B6C53
:103450001A703B6800221A7001231800BD460CB098
:1034600080BD0000F0B591B004AFF860B9607A603B
:103470004D4BFB624D4BBB6200237B6200233B62E2
:103480001F257B1900221A701E26BB1900221A70F4
:103490001D217B1801221A700023BB6100237B6170
:1034A000FB6800221A707C181423FA181823F918E4
:1034B0007868BB1903937B1902932023FB180193AF
:1034C0002423FB1800932300FFF740FF03001A009A
:1034D00001235340DBB2002B07D0354AB968FB68A3
:1034E000180010F0B7F900235AE0BC69FB6A180015
:1034F000ECF714FE0200FB6A1900200010F080FABD
:10350000031E19D11D23FB181B78002B06D07B6AE4
:10351000396A284A1800FFF76DFD3AE01E23FB18B0
:1035200018781F23FB1819787A6A3B6A00931300F6
:103530000122FFF743FE2CE0BC69BB6A1800ECF7E0
:10354000EDFD0200BB6A1900200010F059FA031EBD
:1035500019D11D23FB181B78002B06D07B6A396A12
:10356000154A1800FFF746FD13E01E23FB181878D4
:103570001F23FB1819787A6A3B6A00931300002214
:10358000FFF71CFE05E00A4AB968FB68180010F056
:1035900061F90A4AB968FB68180010F05BF900236A
:1035A0001800BD460DB0F0BD0CB5020810B50208FC
:1035B00018B50208B52F0108752F010808B50208D3
:1035C00080B584B000AF3B1D18000C231A00002109
:1035D00010F0F3F93B1D094A1A603B1D01225A60A5
:1035E0003B1D05229A603A1D054B1100180008F09A
:1035F00077FCC046BD4604B080BDC0464000001800
:103600004C3A002080B584B000AF3B1D18000C235D
:103610001A00002110F0D1F93B1D094A1A603B1D28
:1036200002225A603B1D05229A603A1D054B11008B
:10363000180008F055FCC046BD4604B080BDC04629
:10364000400000184C3A002080B584B000AF3B1D0C
:1036500018000C231A00002110F0AFF93B1D094A95
:103660001A603B1D01225A603B1D05229A603A1DDB
:10367000054B1100180008F033FCC046BD4604B0ED
:1036800080BDC046000001404C3A002080B584B0A7
:1036900000AF3B1D18000C231A00002110F08DF91B
:1036A0003B1D094A1A603B1D02225A603B1D052240
:1036B0009A603A1D054B1100180008F011FCC04635
:1036C000BD4604B080BDC046000001404C3A002019
:1036D00080B584B000AFF860B9607A60BB689B00C9
:1036E000094A944663441B687F2293431900BB68D0
:1036F0009B00054A944663447A680A431A60C046B0
:10370000BD4604B080BDC0460008024080B582B00E
:1037100000AF174B9A6B164B01210A439A63144B67
:103720009B6B012213407B607B68114B9A6B104BA3
:1037300002210A439A630E4B9B6B022213403B60AB
:103740003B680C4A0C4B1100180000F01FF80B4AA4
:103750000B4B1100180000F019F80A4A0A4B11002F
:10376000180000F013F8C046BD4602B080BDC04648
:1037700000100240440002403C3200201C00024085
:103780009C3200206C000240FC32002080B582B0E8
:1037900000AF786039607B683A681A607B68002205
:1037A0009A607B680022DA607B6880221A617B68FD
:1037B00000225A617B6800229A617B682022DA61CC
:1037C0007B68802292011A627B68180009F0E2F996
:1037D000C046BD4602B080BD80B582B000AF786003
:1037E00039607B683A681A607B6800229A607B685F
:1037F0000022DA607B6800221A617B6800225A612D
:103800007B6800229A617B682022DA617B688022D3
:1038100052011A627B68180009F0BCF9C046BD4627
:1038200002B080BD80B500AF104B5B78002B05D196
:103830000F4A104B1100180000F026F80B4B9B7834
:10384000002B05D10C4A0D4B1100180000F01CF89C
:10385000064BDB78002B05D1094A0A4B11001800F2
:1038600000F012F8C046BD4680BDC0465C0D002089
:103870003C320020AC1E00209C320020FC200020A6
:10388000FC320020181E002080B582B000AF7860A6
:1038900039607B681800FEF7B9FE03005A1E13005A
:1038A0005B009B189B01054A99187B68C022180091
:1038B0000BF0EEFFC046BD4602B080BDA41600204E
:1038C00080B582B000AF78607B68DB6F180000F0D5
:1038D00031F97B68DB6F00229A627B680022DA672D
:1038E000C046BD4602B080BDB0B586B000AFF8603E
:1038F000B960BB1D1A8017257C19FB681800FEF7FC
:1039000085FE030023707B191B785A1E13005B0091
:103910009B185B010D4A9B183B613A69FB681100DB
:10392000180000F079F9FB68882220219950BB68C3
:103930001B6828331900BB1D1A88FB6818000BF0A0
:10394000A7FFC046BD4606B0B0BDC0469C350020AE
:1039500080B584B000AF0200FB1D1A70FB1D1B7800
:103960005A1E13005B009B185B01124A9B18FB60F8
:10397000FB1D1B78180004F08DF90300BB60BB68C9
:1039800018000BF0EBFFFB681B6800225A60FB1D60
:103990001B785A1E084B92000021D150FB1D1B784A
:1039A0005A1E064B92000021D150C046BD4604B0BD
:1039B00080BDC0469C3500202C19002038190020FD
:1039C00080B584B000AF0200FB1D1A70FB1D1B7890
:1039D000180004F05FF90300FB60FB1D1B785A1E02
:1039E00013005B009B185B01074A9B18BB60FB68D8
:1039F00018000BF0B3FFBB681B6800225A60C0467A
:103A0000BD4604B080BDC0463C32002080B582B0C7
:103A100000AF0200FB1D1A70FB1D1B781800FFF79A
:103A2000CFFFFB1D1B785A1E13005B009B185B0128
:103A3000084A9818FB1D1B785A1E074913005B00A3
:103A40009B185B015B581900FFF7C6FEC046BD46D8
:103A500002B080BD9C3500203C32002080B584B08F
:103A600000AF0200FB1D1A70FB1D1B781800FFF74A
:103A70006FFFFB1D1B78180004F00CF90300FB60BE
:103A8000FB1D1B785A1E13005B009B185B01254A27
:103A90009818FB1D1B785A1E234913005B009B18C6
:103AA0005B015B581900FFF771FEFB68180003F01B
:103AB00071FEFB1D1B785A1E1B4913005B009B18EF
:103AC0005B01CB1828331B681800FEF79FFD03002D
:103AD0001A00164B00219954FB1D1B785A1E1249DF
:103AE00013005B009B185B0100225A50FB1D1B78E2
:103AF0005A1E0F4B92000021D150FB1D1B7818005D
:103B000004F0C8F8FB1D1B785A1E13005B009B18BD
:103B10005B01044A9B181900FFF7B6FEC046BD467C
:103B200004B080BD3C3200209C3500205C0D00209C
:103B30002019002080B582B000AF78607B681B68D8
:103B4000294A934247D0284A934248D8274A934269
:103B500041D0264A934242D8254A93423BD0244A38
:103B600093423CD8234A934231D0224A934236D8DA
:103B7000214A93422BD0204A934230D81F4A934285
:103B800029D01E4A93422AD81D4A934223D01C4A68
:103B9000934224D81B4A93421DD01A4A93421ED8FE
:103BA000194A934217D0184A934218D8174A934299
:103BB0000DD0164A934212D8154A934203D0154AA3
:103BC000934204D00BE0092008F07BFD08E00A20B6
:103BD00008F077FD04E00B2008F073FD00E0C0461C
:103BE000C046BD4602B080BD5804024044040240B5
:103BF000300402401C0402400804024080000240DD
:103C00006C00024058000240440002403000024074
:103C1000080002401C00024080B582B000AF78600E
:103C200039607B681B68374A93420BD13B681B683D
:103C3000354A934206D1354B322200211800FFF756
:103C400047FD53E07B681B68314A93420BD13B68C8
:103C50001B68304A934206D12F4B342201211800B1
:103C6000FFF736FD42E07B681B682C4A93420BD17C
:103C70003B681B682A4A934206D12A4B362202210E
:103C80001800FFF725FD31E07B681B68264A934248
:103C90000BD13B681B68254A934206D1244B38223E
:103CA00003211800FFF714FD20E07B681B68214A00
:103CB00093420BD13B681B681F4A934206D11F4BAE
:103CC0004A2204211800FFF703FD0FE07B681B6800
:103CD0001B4A93420AD13B681B681A4A934205D19A
:103CE000194B4C2205211800FFF7F2FC7B6880215C
:103CF0003A685A503B687A689A62C046BD4602B03C
:103D000080BDC0460038014008000240FC38002059
:103D1000004400401C0002400039002000480040E0
:103D20003000024004390020004C004044000240B2
:103D30000839002000500040580002400C39002093
:103D4000003C01406C0002401039002080B500AFFB
:103D50000D4B0E4A1A600C4B1022DA600A4B0022FF
:103D60005A71094B00221A71074B00225A61064B07
:103D700000229A61044B03221A62034B180008F0D8
:103D8000D7FCC046BD4680BD2C3900200030024023
:103D900080B584B000AF7860084B9A6B074B8021E8
:103DA00049010A439A63054B9A6B80235B011340D8
:103DB000FB60FB68C046BD4604B080BD00100240F9
:103DC00080B586B000AF78600A00BB1C1A8008235B
:103DD000FB1800221A607B68002B00D192E0BB1C0C
:103DE0001B88002B00D18DE0BB1C1B88032B33D814
:103DF0001623FB1800221A7000233B611BE01622D9
:103E0000BB181B78BA18591C11701A007B689B18D4
:103E100019780823FA183B69D3180A1C1A70BB1CBE
:103E2000BA1C1288013A1A80BB1C1B88002B06D0D2
:103E30003B6901333B613B69032BE0DD00E0C04699
:103E40000823F918324B0122180008F01EFD020069
:103E50001723FB181A7051E0BB1C1B889B089BB2F0
:103E60001A0079682A4B180008F00FFD020017238A
:103E7000FB181A70BB1C1B88032213409BB2002B3B
:103E80003CD0BB1C1B88DAB21623FB1803218A43E3
:103E90001A70BB1CBA1C128803210A401A80002326
:103EA000FB601BE01622BB181B78BA18591C117056
:103EB0001A007B689B1819780823FA18FB68D31836
:103EC0000A1C1A70BB1CBA1C1288013A1A80BB1C4F
:103ED0001B88002B06D0FB680133FB60FB68032BBB
:103EE000E0DD00E0C0460823F918094B0122180064
:103EF00008F084FC02001723FB181A701723FB1824
:103F00001B7800E000231800BD4606B080BDC04607
:103F10002C390020B0B584B000AF0A243B1906222A
:103F20001A8008257B1906221A800E23FB1800220E
:103F30001A80BB1D00221A803B1D00221A800C2310
:103F4000FB18012252421A80BB1C01221A8009F080
:103F50001DF9D14B1A683B191A80D04B1A687B198E
:103F60001A803B191B88CE4A93420CD08022520201
:103F7000934200DBD8E2002B00D1DFE1C94A934233
:103F800000D1AEE0D0E20823FB181B88002B36D10D
:103F9000C14A80231B021100180009F029FAFA23F4
:103FA0009B00180009F032F903001A00BB1C1A80AC
:103FB000BB1C1B88002B03D0BB4B5B689BB2D2E2BF
:103FC000BA4A80231B021100180009F011FAFA23E3
:103FD0009B00180009F01AF903001A00BB1C1A8094
:103FE000BB1C1B88002B03D0AF4B5B689BB2BAE2B3
:103FF000AF4B5A69AE4B02218A435A61A9E20823AA
:10400000FB181B88A74A934254D1A34A80231B0262
:104010001100180009F0ECF9FA239B00180009F0D0
:10402000F5F803001A00BB1C1A80BB1C1B88002B70
:1040300003D09D4B5B689BB295E29C4A80231B0298
:104040001100180009F0D4F9FA239B00180009F0B8
:10405000DDF803001A00BB1C1A80BB1C1B88002B58
:1040600003D0914B5B689BB27DE2914B5A69904BB8
:1040700002218A435A618F4A01235B42874901200A
:1040800009F036F8FA239B00180009F0BFF8030086
:104090001A00BB1C1A80BB1C1B88002B03D0824B50
:1040A0005B689BB25FE2824B5A69814B01218A4374
:1040B0005A614EE2BC1C00F001FB03002380FA238E
:1040C0009B00180009F0A2F803001A00BB1C1A801C
:1040D000BB1C1B88002B00D13BE2734B5B689BB27F
:1040E00041E20823FB181B88002B00D0A1E00E231F
:1040F000FB1801221A8044E06F4B1B889BB20E21F3
:104100007A1812889A4204D10C23FB187A18128864
:104110001A800E257B191A880C23FB1800215B5E80
:104120009A4228D03C1D654A7B191B881100180053
:1041300000F032FA030023803B1D1B88012B1AD0AC
:104140005E4B1A88BC1D7B191B881100180000F0FB
:10415000A3FB03002380FA239B00180009F056F804
:1041600003001A00BB1C1A80BB1C1B88002B02D04A
:10417000BB1D1B88F7E10E217B181A887B180132C2
:104180001A800E23FB181A888023DB009A42B3D9C9
:10419000484A01235B424049012008F0A9FFFA2365
:1041A0009B00180009F032F803001A00BB1C1A80AB
:1041B000BB1C1B88002B03D03B4B5B689BB2D2E13E
:1041C0003B4B5A693A4B01218A435A61334B1900E0
:1041D000042009F00DF9FA239B00180009F016F8E5
:1041E00003001A00BB1C1A80BB1C1B88002B03D0C9
:1041F0002D4B5B689BB2B6E1314B1900042009F0EE
:10420000F7F8FA239B00180009F000F803001A00E1
:10421000BB1C1A80BB1C1B88002B03D0224B5B6885
:104220009BB2A0E1224B5A69214B02218A435A6179
:1042300091E10823FB181B88194A934267D1174B59
:104240001900042009F0D4F8FA239B00180008F0A4
:10425000DDFF03001A00BB1C1A80BB1C1B88002B4F
:1042600003D0114B5B689BB27DE1154B1900042014
:1042700009F0BEF8FA239B00180008F0C7FF0300FE
:104280001A00BB1C1A80BB1C1B88002B1AD0064BC3
:104290005B689BB267E1C04600D8070800E80708E2
:1042A000FFFF0000EEEE000040A3012000E0070841
:1042B000002002400000FFFF06D80708A0390020B8
:1042C00000F00708AA4B5A69A94B02218A435A6198
:1042D000A84A01235B42A849012008F009FFFA23FC
:1042E0009B00180008F092FF03001A00BB1C1A8004
:1042F000BB1C1B88002B03D0A04B5B689BB232E138
:104300009B4B5A699A4B01218A435A6123E1BC1C99
:1043100000F0D4F903002380FA239B00180008F072
:1043200075FF03001A00BB1C1A80BB1C1B88002BE6
:1043300000D110E1914B5B689BB214E10823FB189C
:104340001B88002B15D1BC1C00F0B8F9030023809A
:10435000FA239B00180008F059FF03001A00BB1C49
:104360001A80BB1C1B88002B00D1F6E0BB1C1B88ED
:10437000F9E00823FB181B88814A934232D1814B14
:104380001900042009F034F8FA239B00180008F003
:104390003DFF03001A00BB1C1A80BB1C1B88002BAE
:1043A00003D0764B5B689BB2DDE0774B19000420AD
:1043B00009F01EF8FA239B00180008F027FF0300FD
:1043C0001A00BB1C1A80BB1C1B88002B03D06B4B34
:1043D0005B689BB2C7E0664B5A69654B02218A4312
:1043E0005A61BAE00E23FB1801221A8044E0674BA1
:1043F0001B889BB20E217A1812889A4204D10C2392
:10440000FB187A1812881A800E257B191A880C233B
:10441000FB1800215B5E9A4228D03C1D5C4A7B1948
:104420001B881100180000F0B7F8030023803B1D23
:104430001B88012B1AD0564B1A88BC1D7B191B8870
:104440001100180000F028FA03002380FA239B00D3
:10445000180008F0DBFE03001A00BB1C1A80BB1C0E
:104460001B88002B02D0BB1D1B887CE00E217B1813
:104470001A887B1801321A800E23FB181A888023B1
:10448000DB009A42B3D93B4A01235B423D490120FC
:1044900008F02EFEFA239B00180008F0B7FE030078
:1044A0001A00BB1C1A80BB1C1B88002B03D0334B8B
:1044B0005B689BB257E02E4B5A692D4B01218A4312
:1044C0005A612D4B1900042008F092FFFA239B003B
:1044D000180008F09BFE03001A00BB1C1A80BB1CCE
:1044E0001B88002B03D0254B5B689BB23BE0294B1C
:1044F0001900042008F07CFFFA239B00180008F044
:1045000085FE03001A00BB1C1A80BB1C1B88002BF5
:1045100003D01A4B5B689BB225E0154B5A69144BCC
:1045200002218A435A6118E0BC1C00F0C7F803005E
:104530002380FA239B00180008F068FE03001A008D
:10454000BB1C1A80BB1C1B88002B08D0BB1C1B8803
:1045500009E0C04604E0C04602E0C04600E0C046B4
:1045600008F038FE00231800BD4604B0B0BDC046B8
:10457000002002400000FFFF00D8070840A30120F0
:10458000FFFF000000E8070800F0070806E807083A
:10459000A039002000E00708B0B586B000AF0200E7
:1045A0003960BB1D1A800E217B1800221A800C2353
:1045B000FB18264A1A801623FB1801221A800023B2
:1045C0003B610023BB600D007C18002000F01CF94B
:1045D000030023807B191B88AB2B01D1AB2330E078
:1045E0000E22BB181B881A498C466344DB02BB6051
:1045F000BB181B88174A94466344DB023B6118E0F2
:104600003A690C217B1812881A807A18BB1D12880F
:104610001B889A420AD13B69083B1B889AB23B68C7
:104620001A801623FB1800221A8007E03B69083B1A
:104630003B61BB6804333A699A42E1D81623FB1800
:104640001B881800BD4606B0B0BDC04655550000D9
:10465000FB000100FD000100B0B584B000AF020016
:10466000BB1D1A803B1D0A1C1A800E257B190022D7
:104670001A8008F08BFD7C193B1D1A88BB1D1B8816
:104680001100180000F008F9030023807B191B8833
:10469000802B0AD17C193B1D1A88BB1D1B88110079
:1046A000180000F0A9F90300238008F093FD0E2301
:1046B000FB181B881800BD4604B0B0BD90B583B090
:1046C00000AFFB1D00221A7008F060FD474A8023EE
:1046D0001B021100180008F08BFEFC1DFA239B0042
:1046E000180008F093FD03002370FB1D1B78002BBE
:1046F00003D03F4B5B689BB274E03E4A80231B02B1
:104700001100180008F074FEFC1DFA239B0018002D
:1047100008F07CFD03002370FB1D1B78002B03D0E9
:10472000334B5B689BB25DE0334B5A69324B0221DD
:104730008A435A61314A01235B422C49012008F027
:10474000D7FCFC1DFA239B00180008F05FFD030056
:104750002370FB1D1B78002B03D0254B5B689BB29D
:1047600040E0254B5A69244B01218A435A6108F0E5
:1047700031FD234A80231B021100180008F038FE87
:10478000FC1DFA239B00180008F040FD0300237075
:10479000FB1D1B78002B03D0154B5B689BB221E0FF
:1047A000184A80231B021100180008F021FEFC1D8E
:1047B000FA239B00180008F029FD03002370FB1D5D
:1047C0001B78002B03D00A4B5B689BB20AE00A4BB4
:1047D0005A69094B01218A435A6108F0FBFCFB1D11
:1047E0001B789BB21800BD4603B090BD00D80708E7
:1047F00040A3012000E00708002002400000FFFF66
:1048000000E8070800F0070880B584B000AF020098
:10481000FB1D1A700623FB600623BB601B4B1B8825
:104820009BB2FB601A4B1B889BB2BB60FB1D1B78C5
:10483000002B19D0012B23D1BB68002B07D1FB68BB
:10484000144A934201D100231BE0022319E0FB68C4
:10485000002B07D1BB680F4A934201D1022310E01D
:1048600000230EE0AB230CE0FB68002B01D10023FA
:1048700007E0BB68002B01D1022302E0AB2300E07C
:1048800000231800BD4604B080BDC04600D807080C
:1048900000E80708EEEE0000F0B589B000AF0200B6
:1048A0000E23FB181A800C23FB180A1C1A801323F2
:1048B00008215B18DB1900221A7010267318DB1907
:1048C00000221A800023FB6100237B6108F05EFC5C
:1048D00008217318DE190120FFF796FF03003380CB
:1048E000102608217318DB191B88AB2B01D1AB23D1
:1048F00075E0102208201318DB191B883A498C46F2
:104900006344DB02FB611318DB191B880233DB02F3
:10491000364A944663447B615AE0FB691B68013365
:1049200053D10C23FB181B889BB21C0000231D00D5
:10493000F96922002B00012008F0DAFB1325082674
:10494000AB19DC19FA239B00180008F05FFC030088
:104950002370AB19DB191B78002B03D0244B5B6849
:104960009BB23CE0234B5A69224B01218A435A6196
:10497000FB69083319000E23FB181B889BB23B60B0
:1049800000237B603A687B68012008F0B1FB1325A7
:104990000826AB19DC19FA239B00180008F036FC36
:1049A00003002370AB19DB191B78002B03D0104BCD
:1049B0005B689BB213E00F4B5A690E4B01218A438F
:1049C0005A610B4B5B689BB209E0FB690833FB61E2
:1049D000FA697B699A42A0D308F0FCFB8023180097
:1049E000BD4609B0F0BDC046FB000100FED7070878
:1049F00040A3012000200240F0B589B000AF0200C2
:104A0000BB1D1A803B1D0A1C1A801923FB180022AB
:104A10001A7000237B610023FB6112243B190022E2
:104A20001A801A23FB1800221A801023FB18002278
:104A30001A800E23FB1800221A8008F0A7FB25001D
:104A40003C190020FFF7E0FE030023807B191B8840
:104A5000022B04D1664B7B61664BFB610BE012239A
:104A6000FB181B88002B04D1624B7B61604BFB6100
:104A700001E0AB23B7E019257C19FA239B0018004D
:104A800008F0C4FB030023707B191B78002B03D0B4
:104A9000594B5B689BB2A6E0584B5A69574B0121B2
:104AA0008A435A6110257C193B1D1A88BB1D1B883F
:104AB00011001800FFF7F0FE030023807B191B880C
:104AC000002B02D07B191B888DE01A23FB180122D2
:104AD0001A802EE01A257A19BB1D12881B889A426B
:104AE00021D00E26BC19464A7B191B8811001800DC
:104AF000FFF752FD03002380BB191B88012B12D046
:104B00003F4B1A881026BC197B191B88110018000E
:104B1000FFF7C2FE03002380BB191B88002B02D0C5
:104B2000BB191B885FE01A217B181A887B18013299
:104B30001A801A23FB181A888023DB009A42C9D9ED
:104B4000FB691900042008F053FC19257C19FA238D
:104B50009B00180008F05AFB030023707B191B7898
:104B6000002B03D0244B5B689BB23CE0FB698022A6
:104B70001201944663441900042008F039FC1925F9
:104B80007C19FA239B00180008F040FB03002370F7
:104B90007B191B78002B03D0174B5B689BB222E07C
:104BA000164B5A69154B02218A435A6119257C1903
:104BB000FA239B00180008F029FB030023707B19DF
:104BC0001B78002B03D00C4B5B689BB20BE00B4BAC
:104BD0005A690A4B01218A435A6108F0FBFA1923EA
:104BE000FB181B789BB21800BD4609B0F0BDC0464B
:104BF00000D8070800E8070840A301200020024071
:104C0000A0390020B0B588B000AF78601F23FB1832
:104C100000221A700C217B1802221A607B187A6815
:104C20009A607B180122DA601E257C190823FA1885
:104C30007B181100180008F057FB030023707B1944
:104C40001B78002B02D1BB68013302D0044B162223
:104C50001A701F23FB181B781800BD4608B0B0BDA2
:104C6000FE12002080B586B000AF214B5A6B204B5E
:104C700004210A435A631E4B5B6B042213407B6181
:104C80007B691B4B5A6B1A4B01210A435A63184B21
:104C90005B6B012213403B613B69154B5A6B144B14
:104CA00008210A435A63124B5B6B08221340FB60D6
:104CB000FB680F4B5A6B0E4B02210A435A630C4B95
:104CC0005B6B02221340BB60BB68094B5A6B084BFD
:104CD00020210A435A63064B5B6B202213407B6002
:104CE0007B6800F007F8C046BD4606B080BDC046F0
:104CF0000010024080B586B000AF3B1D802212023A
:104D00001A603B1D01225A603B1D00229A603B1D28
:104D10000222DA603A1DA023DB051100180008F01A
:104D200033FCC046BD4606B080BD0000F0B593B070
:104D300002AF534B5A6B524B01210A435A63504BFB
:104D40005B6B012213403B613B694D4B5A6B4C4BF3
:104D500002210A435A634A4B5B6B02221340FB60F9
:104D6000FB68474B5A6B464B04210A435A63444B3A
:104D70005B6B04221340BB60BB68414B5A6B404BDA
:104D800008210A435A633E4B5B6B082213407B6049
:104D90007B682423F8181A257A192823F918182370
:104DA000FB1800930300012000F06EF81C23F81894
:104DB0001623FA182023F9181426BB1900930300B0
:104DC000032000F061F82C217B1801225A607B1827
:104DD00000229A607B191B881A007B181A60BB6A34
:104DE0001A000C007B181900100008F0CDFB210000
:104DF0007B1800225A607B1802229A60BB191B881C
:104E00001A007B181A60FB691A007B181900100041
:104E100008F0BAFBBB6A18007B191B880022190036
:104E200008F013FE052002F0E5FBFB691A00BB1930
:104E30001B881900100008F0EBFD031E17D1BB6A98
:104E400018007B191B880122190008F0FEFD0520BF
:104E500002F0D0FBFB691A00BB191B881900100077
:104E600008F0D6FD0300012B01D1012304E0054B1E
:104E7000012252421A6000231800BD4611B0F0BD55
:104E800000100240F07F002080B586B000AFB9600E
:104E90007A603B600F217B18021C1A701723FB18E5
:104EA00000221A707B181B78180002F0F3FE030032
:104EB0003B613A69224B9A4210D1BB68A022D205CD
:104EC0001A607B68802292001A803B68A022D2057B
:104ED0001A603B6A8022D2001A8029E03A69194B95
:104EE0009A420ED1BB68A022D2051A607B680422C8
:104EF0001A803B68A022D2051A603B6A08221A80F9
:104F000016E03A69104B9A420ED1BB68A022D20536
:104F10001A607B6810221A803B68A022D2051A60B2
:104F20003B6A20221A8003E01723FB18FF221A7025
:104F30001723FB181B781800BD4606B080BDC0467D
:104F4000181E0020AC1E0020FC20002080B582B07E
:104F500000AF0200FB1D1A70C046BD4602B080BD06
:104F600090B587B002AF0F23FB1800221A700E23F2
:104F7000FB1800221A700D23FB1801221A7000F092
:104F8000B3FB0D203B181A78C2491300DB009B18B5
:104F9000CB1801331B78002B01D100F09FFBBE4BD7
:104FA0001B7801225340DBB2002B07D03B181A7844
:104FB000B8491300DB009B1800225A543C1DBA1C50
:104FC0000823F9180D23FB1818783B0000932300E1
:104FD000FFF75AFFBB681800BB1C1B880022190092
:104FE00008F033FD0A2002F0E1FA7B681A003B006A
:104FF0001B881900100008F00BFD031E16D1BB68BA
:105000001800BB1C1B880122190008F01EFD0A2095
:1050100002F0CCFA7B681A003B001B880F217C1839
:105020001900100008F0F4FC03002370BB6818009E
:10503000BB1C1B880022190008F007FD0D23FB187C
:105040001A7894491300DB009B18CB1801331B78A6
:10505000042B44D057DC032B2DD054DC012B02D081
:10506000022B14D04FE00F23FB181B78012B04D127
:105070000E23FB1804221A7047E00F23FB181B783D
:10508000002B42D10E23FB1803221A703DE00F23A0
:10509000FB181B78012B04D10E23FB1804221A7075
:1050A00035E00F23FB181B78002B30D10E23FB18A3
:1050B00003221A702BE00F23FB181B78012B04D15D
:1050C0000E23FB1802221A7023E00F23FB181B7813
:1050D000002B1ED10E23FB1801221A7019E00F239A
:1050E000FB181B78012B04D10E23FB1801221A7028
:1050F00011E00F23FB181B78002B0CD10E23FB189B
:1051000002221A7007E0C04606E0C04604E0C0462E
:1051100002E0C04600E0C0460E22BB181B78042BFC
:1051200003D0BB181B78022B19D10D217B181A78DC
:105130005A4B9200D3585A4A934209D87B181B788D
:10514000564A99008A58511C544A9B00995006E0CF
:105150000D23FB181A78514B92000021D1500E22DA
:10516000BB181B78032B03D0BB181B78012B40D135
:105170000D217B181A784B4B9200D358484A934222
:1051800009D87B181B78474A99008A58511C454A10
:105190009B00995006E00D23FB181A78414B9200B2
:1051A0000021D150404B1B78022B11D10D217B18CF
:1051B0001B783E4AD25C3E4B5B799A4208D87B18FA
:1051C0001B783A4AD25C0132D1B2384AD15410E04D
:1051D0000D217B181B78354AD25C354B5B799A429E
:1051E00007D9314B00221A707B181B782F4A0021F7
:1051F000D1540D217B181A78284B9200D3582C4A91
:105200001288934200D294E07B181A78234B9200C4
:10521000D358274A1288934211D108007B181A7874
:105220001C491300DB009B1807225A543B181B78BB
:105230001A4A99008A58511C184A9B0099500D210E
:105240007B181A78174B9200D358194A1288934248
:1052500005D97B181A78134B92000021D1500D21EB
:105260007B181A780D4B9200D358114A52889342FA
:105270003ED97B181A78094B9200D258FA235B006A
:105280009A4235D2084B1B78002B13D1064B0122D2
:105290001A704DE0F43900203D3A0020183A002001
:1052A000FEFF0000283A0020CE3A0020383A0020C5
:1052B000380D0020D94B1B78022B39D10D217B18DA
:1052C0001B78D74AD25CD74B1B799A4230D97B18CE
:1052D0001B78D34AD25CD34B5B799A4228D2CF4B0E
:1052E00003221A707B181B78CD4A0021D1541FE08D
:1052F0000D217B181A78CC4B9200D258FA235B0010
:105300009A4216D37B181A78C74B9200D358C74AD3
:1053100093420ED8C14B1B78002B02D0BF4B00220A
:105320001A700D23FB181B78180000F0EDF900E04F
:10533000C0460D217B181A78BD4B9200D358B94A4C
:105340001288934200D277E07B181A78B84B92000B
:10535000D358B44A1288934211D108007B181A78A6
:10536000B4491300DB009B1808225A543B181B78E1
:10537000AF4A99008A58511CAD4A9B0099500D21A3
:105380007B181A78A84B9200D358A64A12889342E9
:1053900005D97B181A78A44B92000021D1500D2119
:1053A0007B181A78A24B9200D3589E4A5288934297
:1053B00029D97B181A789E4B9200D258FA235B00A9
:1053C0009A4220D2954B1B78012B0BD17B181A786F
:1053D00098491300DB009B1805225A548F4B022278
:1053E0001A7028E08D4B1B78032B24D10D23FB185A
:1053F0001A7890491300DB009B1806225A54874BF9
:1054000000221A7017E00D217B181A78884B920041
:10541000D258FA235B009A420ED37B181A78844B39
:105420009200D358814A934206D87B181B78180003
:1054300000F0E8F900E0C0460D23FB181A787D491A
:105440001300DB009B185B5C053B092B00D934E1A2
:105450009A00794BD3181B689F460D243B191B7883
:105460001800FFF773FD3B191A7872491300DB002F
:105470009B1800225A5431E10D243B191B78180067
:1054800001F086FC3B191A786A491300DB009B186F
:1054900000225A5422E1694B1B7801225340DBB2AF
:1054A000002B00D10BE10D203B181A786149130045
:1054B000DB009B18CB1808331B781A00012313401C
:1054C00000D1FCE05D4B01221A703B181B781800DC
:1054D00001F068FCF3E0594B1B7801225340DBB22A
:1054E000002B00D1EDE00D203B181A785149130034
:1054F000DB009B18CB1808331B781A0002231340DB
:1055000000D1DEE04D4B01221A703B181B781800C9
:1055100001F052FCD5E0494B1B7801225340DBB22D
:10552000002B00D1CFE00D203B181A784149130021
:10553000DB009B18CB1808331B781A000423134098
:1055400000D1C0E03D4B01221A703B181B780121AD
:10555000180001F03BFCB6E0384B1B7801225340A9
:10556000DBB2002B00D1B0E00D203B181A78314996
:105570001300DB009B18CB1808331B781A00082394
:10558000134000D1A1E02D4B01221A703B181B786B
:105590000221180001F01AFC97E0284B1B78012229
:1055A0005340DBB2002B00D191E00D203B181A785C
:1055B00020491300DB009B18CB1808331B781A0016
:1055C0001023134000D182E01C4B01221A703B18BB
:1055D0001B780321180001F0F9FB78E0174B1B78CA
:1055E00001225340DBB2002B00D172E00D203B18AA
:1055F0001A7810491300DB009B18CB1808331B786E
:105600001A002023134064D00C4B01221A703B185F
:105610001B780121180001F0E6FB5AE0CE3A002089
:10562000383A0020380D0020183A0020FEFF000014
:10563000283A0020F439002044B502083D3A002001
:105640002F4B1B7801225340DBB2002B43D00D209F
:105650003B181A782B491300DB009B18CB18083332
:105660001B781A004023134035D0254B01221A70B5
:105670003B181B780221180001F0B5FB2BE0204BF2
:105680001B7801225340DBB2002B26D00D203B18A3
:105690001A781C491300DB009B18CB1808331B78C1
:1056A0005BB2002B19DA164B01221A703B181B78DB
:1056B0000321180001F097FB0FE0C0460EE0C04642
:1056C0000CE0C0460AE0C04608E0C04606E0C0461E
:1056D00004E0C04602E0C04600E0C0460D217B1851
:1056E0001A787B1801321A700D23FB181B78032BD4
:1056F00000D846E4C046C046BD4605B090BDC04691
:105700003D3A0020F439002080B586B000AF020099
:10571000FB1D1A701723FB1800221A70FB1D1A7844
:1057200036491300DB009B18CB1802331B783B6112
:10573000FB1D1A7831491300DB009B18CB1803338B
:105740001B78FB60FB1D1A782C491300DB009B18AB
:10575000CB1804331B78BB603A6913005B019B1ABA
:105760009B009B18DB003B61FA6813005B019B1AEE
:105770009B009B18DB00FB60BA6813005B019B1A5F
:105780009B009B18DB00BB60FB1D1A781C4B920032
:10579000D3583A699A4208D1FB1D1A781749130069
:1057A000DB009B1809225A5420E0FB1D1A78144B89
:1057B0009200D358FA689A4208D1FB1D1A780F4913
:1057C0001300DB009B180A225A540FE0FB1D1A78C5
:1057D0000B4B9200D358BA689A4207D1FB1D1A7836
:1057E00006491300DB009B180A225A541723FB18A2
:1057F0001B781800BD4606B080BDC046F4390020B5
:10580000183A002080B586B000AF0200FB1D1A7068
:105810001723FB1800221A70FB1D1A783649130053
:10582000DB009B18CB1805331B783B61FB1D1A78F6
:1058300031491300DB009B18CB1806331B78FB6043
:10584000FB1D1A782C491300DB009B18CB1807337B
:105850001B78BB603A6913005B019B1A9B009B1885
:10586000DB003B61FA6813005B019B1A9B009B18ED
:10587000DB00FB60BA6813005B019B1A9B009B185E
:10588000DB00BB60FB1D1A781C4B9200D3583A69B1
:105890009A4208D1FB1D1A7817491300DB009B18A8
:1058A0000C225A5420E0FB1D1A78144B9200D35856
:1058B000FA689A4208D1FB1D1A780F491300DB00E1
:1058C0009B180D225A540FE0FB1D1A780B4B9200C7
:1058D000D358BA689A4207D1FB1D1A7806491300BB
:1058E000DB009B180D225A541723FB181B78180055
:1058F000BD4606B080BDC046F4390020283A0020DD
:10590000F0B58FB002AF0200FB1D1A70BB1D0A1C60
:105910001A702F23FB1800221A702E23FB18002266
:105920001A708C4B1B78002B0FD0BB1D1A788A4B3A
:105930009200D358180002F0F5FBBB1D1A78874B74
:105940009200D358180002F0EDFBBB1D1B78844A6F
:105950000421D1547F4B1B78002B08D0BB1D1B7832
:10596000180002F097F90300180009F09FFD1023BA
:10597000FC180E257A191423F918BB1D18780C266B
:10598000BB1900932300FFF77FFA7B191B881A00CD
:1059900018243B191A603B1901225A603B19002256
:1059A0009A603B190022DA607B691A003B191900E2
:1059B000100007F0E9FDBB191B881A003B191A609B
:1059C0003B1900225A603B1902229A603B691A0077
:1059D0003B191900100007F0D7FDBB1D1A7861496B
:1059E0001300DB009B18CB180133FA1D12781A70D4
:1059F000BB1D1B783A339BB29B009BB22C257C19B4
:105A00000A26BA1911001800FEF7C6FD030023800C
:105A10007B191B88002B57D1BB191B881B0A9AB214
:105A20002E217B181A707B181B781B09DBB2BA1D5C
:105A300012789A4209D17B181B780F221A40FB1D5D
:105A40001B789A4201D100237FE0BB1D1B781B030A
:105A50001AB2FB1D1B781B021BB213431BB29AB276
:105A60000A217B181A80BB1D1B783A339BB29B001E
:105A70009AB27B181B8819001000FEF7EDFDBB1DC4
:105A80001B783A339BB29B009BB201339BB200213F
:105A90001800FEF7E1FDBB1D1B783A339BB29B005B
:105AA0009BB202339BB200211800FEF7D5FDBB1D4F
:105AB0001B783A339BB29B009BB203339BB200210D
:105AC0001800FEF7C9FD3DE0BB1D1B781B031AB291
:105AD000FB1D1B781B021BB213431BB29AB20A2197
:105AE0007B181A80BB1D1B783A339BB29B009AB27D
:105AF0007B181B8819001000FEF7AEFDBB1D1B783C
:105B00003A339BB29B009BB201339BB20021180039
:105B1000FEF7A2FDBB1D1B783A339BB29B009BB2E4
:105B200002339BB200211800FEF796FDBB1D1B78C7
:105B30003A339BB29B009BB203339BB20021180007
:105B4000FEF78AFD2F23FB181B781800BD460DB009
:105B5000F0BDC04601130020A41A0020C01A002086
:105B60005C0D0020F4390020B0B586B000AF020013
:105B7000FB1D1A701723FB1800221A70FB1D1A78E0
:105B80006D491300DB009B18CB18013300221A70FB
:105B9000FB1D1A7868491300DB009B1800225A5439
:105BA000FB1D1A7864491300DB009B18CB180833DF
:105BB00000221A70FB1D1A785F491300DB009B1846
:105BC000CB18023300221A70FB1D1A785A491300B1
:105BD000DB009B18CB18033300221A70FB1D1A78C8
:105BE00055491300DB009B18CB18043300221A70B0
:105BF000FB1D1A7850491300DB009B18CB180533A6
:105C000000221A70FB1D1A784B491300DB009B1809
:105C1000CB18063300221A70FB1D1A784649130070
:105C2000DB009B18CB18073300221A70FB1D1B7872
:105C30003A339BB29B009BB214257C190E22BA18F2
:105C400011001800FEF7A8FC030023807B191B88B5
:105C5000002B2DD1FB1D1B783A339BB29B009BB2CE
:105C600000211800FEF7F8FCFB1D1B783A339BB2AD
:105C70009B009BB201339BB200211800FEF7ECFCA5
:105C8000FB1D1B783A339BB29B009BB202339BB245
:105C900000211800FEF7E0FCFB1D1B783A339BB295
:105CA0009B009BB203339BB200211800FEF7D4FC8B
:105CB000FB1D1B78180001F0EDFF03003B613B6901
:105CC0001B681E4A934202D101F0B8FC22E03B69F6
:105CD0001B681B4A934202D101F0EEFC1AE03B69BB
:105CE0001B68184A934215D03B691B68164A9342B9
:105CF00010D03B691B68154A93420BD03B691B6867
:105D0000134A934202D101F015FD03E01723FB185B
:105D1000FF221A70FB1D1B780E4A0021D1540E4938
:105D20003B690122180009F04DFD1723FB181B7871
:105D30001800BD4606B0B0BDF4390020003801405F
:105D40000044004000480040004C0040005000402B
:105D5000003C01405C0D0020FA120020F0B585B037
:105D600000AF05000C0010001900FB1D2A1C1A7062
:105D7000BB1D221C1A707B1D021C1A703B1D0A1CC5
:105D80001A700F23FB1800221A70FB1D1A78D249D3
:105D90001300DB009B18CB1801331B78002B02D1BA
:105DA0000B2300F092FBFB1D1A78CB491300DB009C
:105DB0009B18CB1802333A1D12781A70FB1D1A7803
:105DC000C5491300DB009B18CB18DA1C20230820E0
:105DD0001B18DB191B781370FB1D1A78BE491300C2
:105DE000DB009B18CB18043324221218D219127826
:105DF0001A70FB1D1A78B8491300DB009B18CB18EA
:105E0000053328221218D21912781A70FB1D1A783D
:105E1000B1491300DB009B18CB1806332C22121853
:105E2000D21912781A70FB1D1A78AB491300DB00E7
:105E30009B18CB18073330221218D21912781A7017
:105E400034221318DB191B78012B08D01318DB1927
:105E50001B78002B1AD1BB1D1B78002B16D0FB1D05
:105E60001A789D491300DB009B18CB1808331B7868
:105E7000FA1D127801210B43D8B297491300DB00B9
:105E80009B18CB180833021C1A7020E03423082218
:105E90009B18DB191B78002B19D1BB1D1B78002B1D
:105EA00015D1FB1D1A788C491300DB009B18CB1809
:105EB00008331B78FA1D127801218B43D8B286492A
:105EC0001300DB009B18CB180833021C1A70342215
:105ED00008215318DB191B78012B08D05318DB1944
:105EE0001B78002B1AD17B1D1B78002B16D0FB1DB5
:105EF0001A7879491300DB009B18CB1808331B78FC
:105F0000FA1D127802210B43D8B273491300DB004B
:105F10009B18CB180833021C1A7020E03423082287
:105F20009B18DB191B78002B19D17B1D1B78002BCC
:105F300015D1FB1D1A7868491300DB009B18CB189C
:105F400008331B78FA1D127802218B43D8B26249BC
:105F50001300DB009B18CB180833021C1A70342284
:105F600008215318DB191B78012B08D05318DB19B3
:105F70001B78002B1AD13B1D1B78002B16D0FB1D64
:105F80001A7855491300DB009B18CB1808331B788F
:105F9000FA1D127804210B43D8B24F491300DB00DD
:105FA0009B18CB180833021C1A7020E034230822F7
:105FB0009B18DB191B78002B19D13B1D1B78002B7C
:105FC00015D1FB1D1A7844491300DB009B18CB1830
:105FD00008331B78FA1D127804218B43D8B23E494E
:105FE0001300DB009B18CB180833021C1A703422F4
:105FF00008215318DB191B78012B0AD05318DB1921
:106000001B78002B1CD120235B18DB191B78002B7D
:1060100016D0FB1D1A7830491300DB009B18CB18F3
:1060200008331B78FA1D127808210B43D8B22A498D
:106030001300DB009B18CB180833021C1A7022E0F7
:10604000342308229B18DB191B78002B1BD120233B
:106050009B18DB191B78002B15D1FB1D1A781E49E4
:106060001300DB009B18CB1808331B78FA1D12783D
:1060700008218B43D8B218491300DB009B18CB18BA
:106080000833021C1A70342208215318DB191B78BC
:10609000012B0AD05318DB191B78002B1ED12423A7
:1060A0005B18DB191B78002B18D0FB1D1A780A49E6
:1060B0001300DB009B18CB1808331B78FA1D1278ED
:1060C00010210B43D8B204491300DB009B18CB18F6
:1060D0000833021C1A7024E0F4390020342308220B
:1060E0009B18DB191B78002B1BD124239B18DB1971
:1060F0001B78002B15D1FB1D1A786B491300DB00B0
:106100009B18CB1808331B78FA1D127810218B438B
:10611000D8B265491300DB009B18CB180833021C6A
:106120001A70342208215318DB191B78012B0AD06E
:106130005318DB191B78002B1CD128235B18DB19A3
:106140001B78002B16D0FB1D1A7857491300DB0073
:106150009B18CB1808331B78FA1D127820210B43AB
:10616000D8B251491300DB009B18CB180833021C2E
:106170001A7022E0342308229B18DB191B78002BAD
:106180001BD128239B18DB191B78002B15D1FB1D75
:106190001A7845491300DB009B18CB1808331B788D
:1061A000FA1D127820218B43D8B23F491300DB003F
:1061B0009B18CB180833021C1A703422082153187C
:1061C000DB191B78012B0AD05318DB191B78002B25
:1061D0001CD12C235B18DB191B78002B16D0FB1D60
:1061E0001A7831491300DB009B18CB1808331B7851
:1061F000FA1D127840210B43D8B22B491300DB0063
:106200009B18CB180833021C1A7022E03423082292
:106210009B18DB191B78002B1BD12C239B18DB1937
:106220001B78002B15D1FB1D1A781F491300DB00CA
:106230009B18CB1808331B78FA1D127840218B432A
:10624000D8B219491300DB009B18CB180833021C85
:106250001A70342208215318DB191B78012B0AD03D
:106260005318DB191B78002B20D130235B18DB1966
:106270001B78002B1AD0FB1D1A780B491300DB008A
:106280009B18CB1808331B78FA1D127880214942DD
:106290000B43D8B204491300DB009B18CB1808331A
:1062A000021C1A7025E0C046F4390020342308226D
:1062B0009B18DB191B78002B1BD130239B18DB1993
:1062C0001B78002B15D1FB1D1A7882491300DB00C7
:1062D0009B18CB1808331B78FA1D12787F210B40CE
:1062E000D8B27C491300DB009B18CB180833021C82
:1062F0001A70FB1D1B783A339BB29B009BB20C2695
:10630000BC1908257A1911001800FEF745F9030099
:106310002380BB191B88002B00D0D1E02C003B1937
:106320001B881B0A9AB20B257B191A703B191B8814
:10633000D9B2FB1D1A7867481300DB009B18C318FD
:1063400008331B7899421ED07B191B781B0219B2A7
:10635000FB1D1A785F481300DB009B18C318083335
:106360001B781BB20B431BB29AB23B191A80FB1D60
:106370001B783A339BB29B009AB23B191B881900D9
:106380001000FEF769F9FB1D1B783A339BB29B00A6
:106390009BB201339BB208243A1911001800FEF792
:1063A000FBF83B191B8819003B1D1B781A02282497
:1063B00008256319DB191B781343994215D0FB1D7F
:1063C0001B783A339BB29B009BB2013398B23B1DC2
:1063D0001B781B021AB26319DB191B781BB213431B
:1063E0001BB29BB21900FEF737F9FB1D1B783A333D
:1063F0009BB29B009BB202339BB208243A19110056
:106400001800FEF7C9F83B191B881900202408263C
:10641000A319DB191B781A022C25AB19DB191B7881
:106420001343994216D0FB1D1B783A339BB29B0055
:106430009BB2023398B2A319DB191B781B021AB264
:10644000AB19DB191B781BB213431BB29BB21900AB
:10645000FEF702F9FB1D1B783A339BB29B009BB2FF
:1064600003339BB208243A1911001800FEF794F880
:106470003B191B88190024240826A319DB191B7853
:106480001A023025AB19DB191B781343994219D036
:10649000FB1D1B783A339BB29B009BB2033398B22F
:1064A000A319DB191B781B021AB2AB19DB191B7875
:1064B0001BB213431BB29BB21900FEF7CDF801E0EB
:1064C0000B2302E00F23FB181B781800BD4605B014
:1064D000F0BDC046F439002080B500AF224B234AFE
:1064E0001A60214B8022D2055A601F4B00229A600D
:1064F0001D4B0022DA601C4B802212061A611A4BD7
:1065000004225A61184B00221A76174B00225A7641
:10651000154B00229A76144B0122DA61124B0022AD
:106520005A62114B00229A620F4B2C22002199547F
:106530000D4B00221A630C4B05225A630A4B3C2276
:1065400000219954084B0022DA64074B180005F02B
:10655000F5F9031E01D000F0C1FB054B01221A70B2
:10656000C046BD4680BDC0464C3A002000240140D4
:10657000C03A002090B59FB000AF78606423FB184C
:10658000180014231A0000210DF017FA18243B19E3
:1065900018004C231A0000210DF00FFA7B681B68CD
:1065A0002E4A934256D13B198022D2011A603B19E0
:1065B00000221A633B19180007F0E8FF031E01D000
:1065C00000F08CFB264B1A6C254B802149030A43B3
:1065D0001A64234B1A6C80235B0313407B617B6935
:1065E0001F4B5A6B1E4B01210A435A631C4B5B6BBA
:1065F000012213403B613B69194B5A6B184B022136
:106600000A435A63164B5B6B02221340FB60FB6824
:1066100064243B1940221A603B1903225A603B193B
:1066200000229A603A19A023DB051100180006F039
:10663000ABFF21007B18802252011A607B180322D5
:106640005A607B1800229A607B18064A19001000D5
:1066500006F09AFFC046BD461FB090BD0024014021
:10666000001002400004005080B582B000AF02006C
:106670003960FB1D1A70FB1D1B78022B03D0FB1D1C
:106680001B78032B38D1FB1D1B78022B03D11C4B2D
:1066900001221A7002E01A4B01225A70FB1D1B786E
:1066A000180001F0F7FA0300180008F0FFFEFB1DC8
:1066B0001B78144A0621D154FB1D1B78180001F0E9
:1066C000E9FA02003B681900100000F0B1FA03007B
:1066D0009AB20D4B1A803A68FB1D1B781100180006
:1066E00000F004FB03001A00084B1A70084B1B78DB
:1066F000002B01D1FFF7F0FEC046BD4602B080BDC1
:10670000CC3A00205C0D0020B03A0020C13A0020B5
:10671000C03A002090B585B000AFB9607A600F2410
:106720003B19021C1A70384B1B78012B5CD13B19AA
:106730001B78180001F0AEFA0200BB6819001000C7
:1067400000F076FA03009AB2304B1A80BA683B190F
:106750001B781100180000F0C9FA03001A002C4B36
:106760001A702A4B1B881A002A4B1A60294B0122E7
:106770005A60284B06229A60264A274B11001800BF
:1067800005F0AEFB031E01D000F0A8FA224B180062
:1067900005F07CFA204B6421180005F001FB1E4B2C
:1067A000180005F091FB0100194B1B781A0089B203
:1067B0001A4B5200D152184B180005F0B5FA134B82
:1067C0001B881A00134B1A60124B02225A60114B9D
:1067D00006229A600F4A104B1100180005F080FB4A
:1067E000031E01D000F07AFA094B1B781A000B4BFC
:1067F0005200D35A1800EAF71FFD021C7B681A608A
:10680000C046BD4605B090BDC03A0020B03A002059
:10681000C13A0020403A00204C3A0020B43A00200F
:10682000B0B582B000AF78603960694B1B78002B3F
:1068300001D1FFF751FE674B674A1A60654B012291
:106840005A60644B02229A60624A644B110018003D
:1068500005F046FB031E01D000F040FA5F4B180024
:1068600005F014FA5D4B6421180005F099FA5B4BB2
:10687000180005F029FB03009AB2594B1A80584BB7
:106880001B881800ECF712FB564A574BEBF776FCC7
:1068900002000B00100019000022544BEBF774F8B3
:1068A00002000B0010001900514A524BEBF728FF71
:1068B00002000B00100019004F4A504BEBF764F830
:1068C00002000B001000190000224D4BEAF7FCFCFF
:1068D00002000B0010001900ECF786FB021C7B681D
:1068E0001A603E4B180005F01FFA3A4B3A4A1A60FC
:1068F000384B02225A60374B02229A60354A374B96
:106900001100180005F0ECFA031E01D000F0E6F9C2
:10691000304B3C4A1A602F4B01225A602D4B062205
:106920009A602C4A2D4B1100180005F0D9FA031E6D
:1069300001D000F0D3F9294B180005F0A7F9274B37
:106940006421180005F02CFA244B180005F0BCFA5D
:1069500003009AB22C4B1A802C4B1B881800ECF7C2
:10696000A5FA204A204BEBF709FC02000B001400AB
:106970001D00254B1B881800ECF798FA02000B004D
:1069800020002900EBF700F802000B0010001900AE
:10699000ECF72AFB021C3B681A60104B180005F04C
:1069A000C3F90C4B174A1A600A4B02225A60094B72
:1069B00002229A60074A094B1100180005F090FA6C
:1069C000031E01D000F08AF9C046BD4602B0B0BD3A
:1069D000C03A0020403A0020001000B04C3A00209D
:1069E000BC3A00206666666666660A4000FEAF40F6
:1069F0008FC2F5285C8FF63F333333333333114086
:106A000000003940002000B4BE3A0020BAF7FF1F52
:106A100080B588B000AF02003960FB1D1A70FB1D05
:106A20001B78022B04D0FB1D1B78032B00D0E0E069
:106A3000724B1B78002B56D1FFF74EFDFB1D1B78C8
:106A4000180001F027F90300180008F02FFDFB1DC6
:106A50001B78032B24D18023DB00694A1900100026
:106A600006F0FEFE0C217B188022D2001A607B18F3
:106A700001225A607B180222DA607B18604A1900F2
:106A8000100006F081FDFB1D1B785E4A0621D154E3
:106A90008023DB005A480122190006F0D6FF22E0CD
:106AA000A023DB050421180006F0DAFE0C217B1878
:106AB00004221A607B1801225A607B180222DA60D5
:106AC0007A18A023DB051100180006F05DFDFB1D00
:106AD0001B784C4A0621D154A023DB050122042156
:106AE000180006F0B2FFFB1D1B78180001F0D2F869
:106AF0000200454B1900100000F09AF803009AB20A
:106B0000424B1A80414B1B881A00414B1A60404B84
:106B100001225A603E4B02229A603D4A3D4B1100D1
:106B2000180005F0DDF9031E01D000F0D7F8394B4D
:106B3000180005F0ABF8374B6421180005F030F968
:106B4000344B180005F0C0F903001800EAF774FB95
:106B5000021C314B1A60304B1B68181CECF7FCF917
:106B60002E4A2F4BEBF70AFB02000B001000190016
:106B700000222C4BEAF708FF02000B00100019005E
:106B8000ECF732FA021C244B1A60234B1B6826498F
:106B9000181CEAF743F8031C181CECF7DDF91F4A30
:106BA0001F4BEAF7F1FE02000B0010001900ECF792
:106BB0001BFA021C1D4B1A601C4B1A683B681A60BA
:106BC000144B180005F0B0F8104B1B881A00104B3E
:106BD0001A600F4B02225A600D4B02229A600C4A37
:106BE0000C4B1100180005F07BF9031E01D000F0DA
:106BF00075F8C046181CBD4608B080BDC03A0020DC
:106C0000000400505C0D00206CB50208B03A002072
:106C1000403A00204C3A0020C43A0020666666667E
:106C200066660A4000FEAF400000C842C83A002035
:106C300080B582B000AF786039607B681B681F4AFE
:106C4000934209D11E4A3B6811001800E9F75CFA2B
:106C5000031E01D11B4B2CE07B681B68174A934233
:106C600009D1194A3B6811001800E9F74DFA031ED3
:106C700001D1164B1DE07B681B68154A934209D170
:106C80000F4A3B6811001800E9F73EFA031E01D1D4
:106C9000104B0EE07B681B680D4A934209D10A4AEB
:106CA0003B6811001800E9F72FFA031E01D10A4BC7
:106CB000FFE71800BD4602B080BDC046004400405A
:106CC00074B50208040000086CB502080800000C46
:106CD000004800400008002C0080003C80B500AF58
:106CE000642004F085FCC046BD4680BD80B582B0FE
:106CF00000AF02003960FB1D1A70FB1D1B78022BD0
:106D00000BD1204A3B6811001800E9F7FDF9031E7A
:106D100003D11D4B00221A702EE0FB1D1B78022BA5
:106D20000BD11A4A3B6811001800E9F7EDF9031E70
:106D300003D1154B01221A701EE0FB1D1B78032B9B
:106D40000BD1104A3B6811001800E9F7DDF9031E6A
:106D500003D10D4B02221A700EE0FB1D1B78032B92
:106D60000AD10A4A3B6811001800E9F7CDF9031E61
:106D700002D1054B03221A70034B1B781800BD4645
:106D800002B080BD74B50208C13A00206CB502089B
:106D900080B582B000AF0200FB1D1A70C046BD4630
:106DA00002B080BD80B582B000AF0200FB1D1A703A
:106DB000C046BD4602B080BD80B582B000AF0200C3
:106DC000FB1D1A70C046BD4602B080BD80B582B0C2
:106DD00000AF0200FB1D1A70BB1D0A1C1A70C046D2
:106DE000BD4602B080BD80B582B000AF0200FB1D81
:106DF0001A70BB1D0A1C1A70C046BD4602B080BD89
:106E000080B500AFBFF34F8FC046044B044ADA6031
:106E1000BFF34F8FC046C046FDE7C04600ED00E01F
:106E20000400FA0580B500AF04F0C6FB01F0ACF930
:106E3000C046BD4680BD000080B584B002AF0B4B9C
:106E40007B600B4B18787968FF230093FF23112296
:106E500000F06EFE064B1878064B1968FF2300936E
:106E6000FF230F2200F064FEFFF7CAFF90B502086F
:106E700000130020D801002080B582B000AF0023AD
:106E80007B60074B180008F0FDFD7B68002B03D0EA
:106E9000044B802252051A60C046BD4602B080BD38
:106EA000181E002004ED00E080B582B000AF002382
:106EB0007B60074B180008F0E5FD7B68002B03D0D2
:106EC000044B802252051A60C046BD4602B080BD08
:106ED000AC1E002004ED00E080B582B000AF0023BE
:106EE0007B60074B180008F0CDFD7B68002B03D0BA
:106EF000044B802252051A60C046BD4602B080BDD8
:106F0000FC20002004ED00E080B584B000AF786084
:106F10000023FB607B68DB6F002B03D07B681800CD
:106F2000FCF7CEFC7B681800FBF770FB03001A002F
:106F3000064B9200D3580C22BA181100180002F028
:106F400036F8C046BD4604B080BDC046C01A002019
:106F5000B0B584B000AF78607B688822202199505A
:106F60000F257C197B681800FBF750FB030023708A
:106F700029007B181B78254AD35C022B13D17B1880
:106F80001B785A1E224B9200D3581B6828331900D5
:106F90007B6880229B581B685B689AB27B681800EC
:106FA00008F076FC2EE00F243B191B78013B194AB0
:106FB0000021D1543B191B78013B174A0021D154C1
:106FC0003B191B785A1E13005B009B189B01134A48
:106FD0009B18C022002118000CF0EFFC3B191B7815
:106FE0005A1E13005B009B189B010C4A99187B6882
:106FF000C022180008F04CFC3B191B78013B084AE2
:107000000121D154C046BD4604B0B0BD5C0D002086
:1070100020190020040D00200C0D0020A4160020D3
:107020004419002080B582B000AF7860C046BD46EC
:1070300002B080BD80B586B002AF786039600B4B7E
:10704000FB600B4B1878F968FF230093FF23102295
:1070500000F06EFD064B1878064B1968FF2300936D
:10706000FF230F2200F064FDFFF7CAFEA4B502085B
:1070700000130020D801002080B584B002AF0B4B74
:107080007B600B4B18787968FF230093FF23142251
:1070900000F04EFD064B1878064B1968FF2300934D
:1070A000FF230F2200F044FDFFF7AAFEB8B5020847
:1070B00000130020D801002080B500AF294BDA6D05
:1070C000284B802109020A43DA65274B274A1A60B8
:1070D000254B00229A60244B7C22DA60224B244A02
:1070E0001A61214B00225A611F4B00229A611E4BEC
:1070F0000022DA611C4B8022D2051A621A4B002250
:107100005A62194B180007F07DFC031E01D0FF23C3
:1071100025E0154B0121180008F012F80300154A6C
:10712000934202D000F02AF811E00E4B1A6E802331
:107130001B05134002D0104B00221A70094B1A6E27
:107140008023DB04134002D00B4B01221A70054B45
:107150001A6E044B802109040A431A6600231800A2
:10716000BD4680BD00100240203B002000280040AA
:10717000CF070000F23200004C3B0020B0B58EB0CB
:1071800000AF0C257B195A4A13CA13C33B00594A56
:1071900003CA03C312781A707B19093318000AF066
:1071A000C4FF02003523FB181A707B1900229A7164
:1071B0007B19043318000AF0B8FF02003423FB18CF
:1071C0001A707B190022DA703623FB1800221A701D
:1071D00019E036243B191A78474B9200D2580C23F9
:1071E000FB1811001800E8F78FFF031E05D13723A5
:1071F000FB183A19127801321A7036217B181A7866
:107200007B1801321A703623FB181B780B2BE0D940
:107210003B00063318000AF088FF02003323FB18F6
:107220001A700C243B1900225A713B0003331800DA
:107230000AF07BFF02003223FB181A703B19002270
:107240009A703B0018000AF070FF02003123FB180F
:107250001A702C217B183522BA181278DA707B1834
:107260003722BA1812785A707B183422BA1812785A
:107270009A707B1801221A707918204B002218008E
:1072800007F06EFD031E01D0FF232CE018217B18B0
:107290003122BA1812781A707B183222BA18127872
:1072A0005A707B183322BA1812789A707B18002211
:1072B000DA70134B18225A737B180022DA607B189D
:1072C00000221A6179180D4B0022180007F044FCC7
:1072D000031E01D0FF2306E00A4A084B01211800D3
:1072E00007F011FF00231800BD460EB0B0BDC04628
:1072F000D8B50208E4B5020828000020203B002091
:10730000380D0020F2320000B0B588B000AF0500A3
:107310000C0010001900FB1D2A1C1A70BB1D221C3A
:107320001A703B1D021C1A80FB1C0A1C1A703B1DA4
:107330001B88DBB23033DAB21C217B18DA707B1881
:10734000FA1D12785A707B18BA1D12789A707B1841
:10735000FA1C12781A707918324B0022180007F0C4
:10736000FFFC031E01D0FF2358E008217B183820C2
:107370003A1812781A707B183422BA1812785A7098
:107380007A183023FB181B7893707B1800221A613F
:107390003B181B780C2B02D9234B18225A733C2321
:1073A000FB181B78012B07D10823FB180022DA7089
:1073B0001D4B0C225A730FE03C23FB181B78022B49
:1073C00007D10823FB180122DA70174B0C225A73DD
:1073D00002E0154B18225A730823F918114B0022AA
:1073E000180007F0B9FB031E01D0FF2316E00E4B77
:1073F0005B7B1B021AB20C4B1B791BB213431BB2F3
:107400009AB28D235B0011001800FDF725F9074A99
:10741000044B0121180007F076FE00231800BD463A
:1074200008B0B0BD203B0020380D0020F232000033
:1074300090B587B000AF39001F4B0022180007F04D
:1074400033FC142439191C4B0022180007F01AFDD4
:107450003B00DB78DB09DBB20133DAB2174BDA74BD
:107460003B005B685B089AB2144BDA813B009A7868
:10747000124B1A743B005A78104B5A743B001A781E
:107480000E4B9A743B199A780C4B5A753B195A78E3
:107490000A4B9A753B191A78084B1A753B19DB7819
:1074A0009BB2FA22D200944663449AB2034B1A83E9
:1074B000C046BD4607B090BD203B0020380D0020DF
:1074C00080B582B000AF174B1A6C164B8021890231
:1074D0000A431A64134B1A6C80239B0213407B608F
:1074E0007B68114B114A1A600F4B2F225A600E4BCA
:1074F00000229A600C4B0E4ADA600B4B00221A6194
:10750000094B00225A61084B00229A61064B180071
:1075100007F031FE044B180007F08EFEC046BD4652
:1075200002B080BD00100240B43B00200044014086
:10753000FFFF000080B582B000AF174B1A6C164BEE
:107540008021C9020A431A64134B1A6C8023DB02A0
:1075500013407B607B68114B114A1A600F4B114A34
:107560005A600E4B00229A600C4B0F4ADA600B4BAC
:1075700000221A61094B00225A61084B00229A61CD
:10758000064B180007F0F7FD044B180007F054FEF7
:10759000C046BD4602B080BD00100240003C002045
:1075A000004801407FBB0000FFFF000080B584B0B1
:1075B00000AF0200BB1D1A800023FB6001F030F910
:1075C000BB1D1B88002B0DD0094B1B685B6AFB6041
:1075D000C046074B1B685A6AFB68D21ABB1D1B8842
:1075E0009A42F6D901F02EF9C046BD4604B080BDDE
:1075F000B43B002080B584B000AF0200BB1D1A80F0
:107600000023FB6001F00CF9BB1D1B88002B0DD083
:10761000094B1B685B6AFB60C046074B1B685A6AD4
:10762000FB68D21ABB1D1B889A42F6D901F00AF9F1
:10763000C046BD4604B080BD003C002080B500AF10
:107640001B4B1C4A1A601A4BE12212035A60184B5A
:1076500000229A60164B0022DA60154B00221A6154
:10766000134B0C225A61124B00229A61104B0022DC
:10767000DA610F4B00221A620D4B00225A620C4B4A
:1076800000229A620A4B180007F0BAFE084B00214C
:1076900018000AF05BFC064B002118000AF096FC6B
:1076A000034B18000AF018FCC046BD4680BDC0461A
:1076B000181E00200038014080B500AF1B4B1C4A4B
:1076C0001A601A4BE12212035A60184B00229A608A
:1076D000164B0022DA60154B00221A61134B0C2264
:1076E0005A61124B00229A61104B0022DA610F4B53
:1076F00000221A620D4B00225A620C4B00229A6241
:107700000A4B180007F07CFE084B002118000AF015
:107710001DFC064B002118000AF058FC034B180012
:107720000AF0DAFBC046BD4680BDC046AC1E002054
:107730000044004080B500AF144B154A1A60134B4B
:10774000E12212035A60114B00229A600F4B002273
:10775000DA600E4B00221A610C4B0C225A610B4B63
:1077600000229A61094B0022DA61084B00221A625A
:10777000064B00225A62054B00229A62034B180006
:1077800007F03EFEC046BD4680BDC046FC2000203E
:10779000003C0140B0B5A0B000AF78606C243B194C
:1077A000180014231A0000210CF007F920257B197A
:1077B00018004C231A0000210CF0FFF87B681B68AE
:1077C000CE4A934200D081E07B1901221A607B19D6
:1077D00000225A607B19180006F0D8FEC84B1A6CBC
:1077E000C74B8021C9010A431A64C54B1A6C802318
:1077F000DB011340FB61FB69C14B5A6BC04B01219C
:107800000A435A63BE4B5B6B01221340BB61BB69E9
:107810003B19802292001A603B1902225A603B19E0
:1078200000229A603B190022DA603B1901221A619A
:107830003A19A023DB051100180005F0A5FE210070
:107840007B188022D2001A607B1802225A607B18B3
:1078500000229A607B180022DA607B1801221A61EC
:107860007A18A023DB051100180005F08DFEA54B4A
:10787000A54A1A60A34B32225A60A24B00229A609A
:10788000A04B0022DA609F4B80221A619D4B0022A0
:107890005A619C4B00229A619A4B2022DA61994BE3
:1078A00000221A62974B180005F074F9002200219B
:1078B0001B2004F0E1FE1B2004F0F3FE7B68802116
:1078C000904A5A508F4B7A689A6213E17B681B6822
:1078D0008E4A934200D081E020217B1802221A6058
:1078E0007B1800229A607B18180006F04FFE844B2C
:1078F000DA6B834B802189020A43DA63804BDA6BAF
:1079000080239B0213407B617B697D4B5A6B7C4BD0
:1079100001210A435A637A4B5B6B012213403B619E
:107920003B696C243B1904221A603B1902225A60FD
:107930003B1900229A603B190022DA603B190122B0
:107940001A613A19A023DB051100180005F01CFE8E
:1079500021007B1808221A607B1802225A607B18CB
:1079600000229A607B180022DA607B1801221A61DB
:107970007A18A023DB051100180005F005FE644B02
:10798000644A1A60624B34225A60614B00229A604A
:107990005F4B0022DA605E4B80221A615C4B002252
:1079A0005A615B4B00229A61594B2022DA61584B95
:1079B00000221A62564B180005F0ECF87B68802113
:1079C000534A5A50524B7A689A62002200211C2076
:1079D00004F052FE1C2004F064FE8BE07B681B6800
:1079E0004D4A934200D185E07B681B684B4A934225
:1079F00000D17FE07B681B68494A93427AD07B685C
:107A00001B68484A934275D13D4BDA6B3C4B802151
:107A100089000A43DA633A4BDA6B80239B001340F8
:107A2000FB60FB68364B5A6B354B02210A435A63A5
:107A3000334B5B6B02221340BB60BB686C243B1969
:107A400010221A603B1902225A603B1900229A60E8
:107A50003B190022DA603B1903221A613A19A0236C
:107A6000DB051100180005F08FFD21007B18202296
:107A70001A607B1802225A607B1800229A607B18D9
:107A80000022DA607B1803221A617A18A023DB0532
:107A90001100180005F078FD234B244A1A60224B90
:107AA0004C225A60204B00229A601F4B0022DA6061
:107AB0001D4B80221A611C4B00225A611A4B002276
:107AC0009A61194B2022DA61174B00221A62164B79
:107AD000180005F05FF87B688021134A5A50124B5A
:107AE0007A689A62002200211D2004F0C5FD1D2045
:107AF00004F0D7FDC046BD4620B0B0BD00380140FF
:107B000000100240D03C0020080002400044004029
:107B1000303D00201C00024000480040004C004066
:107B200000500040003C0140B03E00206C0002408C
:107B3000B0B586B000AFB96011007B600F243B196F
:107B4000021C1A700C23FB180A1C1A801723FB183E
:107B500001221A703B191B78180000F09BF8031ED5
:107B600032D03B191A781C4B9200D3587A68110016
:107B7000180000F08DFA031E26D113E00F23FB1826
:107B80001B78180000F086F805001723FC18B86A67
:107B90000C23FB181A88B9680300280007F0CEFCF4
:107BA000030023701722BB181B78002B03D0BB18CF
:107BB0001B78032BE2D10F23FB181A78064B920097
:107BC000D358180000F0AEFA1723FB181B781800E2
:107BD000BD4606B0B0BDC046C01A0020F0B587B0A3
:107BE00000AFB96011007B600F243B19021C1A70B2
:107BF0000C257B190A1C1A801726BB1901221A7042
:107C00003B191B78180000F045F8031E19D03B19EA
:107C10001A780F4B9200D3587A681100180000F0C0
:107C200037FA031E0DD13B191B78180000F032F80B
:107C3000BC197B191A88BB68190007F01BFD0300EB
:107C400023701723FB181B781800BD4607B0F0BD42
:107C5000C01A002090B585B000AF02003960FB1D4E
:107C60001A700F243B1900221A70FB1D1B78180094
:107C700000F010F80300BB60BB683A685A60BB684C
:107C8000180007F0BDFB3B191B781800BD4605B076
:107C900090BD000080B582B000AF0200FB1D1A70DD
:107CA000FB1D1B78032B09D00ADC012B02D0022B11
:107CB00002D005E0054B04E0054B02E0054B00E077
:107CC00000231800BD4602B080BDC046AC1E002097
:107CD000FC200020181E002080B582B000AF786024
:107CE0000A00FB1C1A707B68002B54D0FB1C1B780D
:107CF000012B26D17B681800FAF788FC0300013BB2
:107D0000802212021A411100254B1B785A1E254B66
:107D10005200D35A1AB20BB2134319B2204B1B783C
:107D20005A1E89B21F4B5200D1527B6808229A62B8
:107D30007B68802212029A637B68180007F060FB60
:107D400029E0FB1C1B78002B25D17B681800FAF773
:107D50005DFC0300013B802212021A411300D9434B
:107D60000F4B1B785A1E0F4B5200D35A1BB20AB24C
:107D7000134019B20A4B1B785A1E89B2094B5200A4
:107D8000D1527B6808229A627B6800229A637B68E2
:107D9000180007F035FBC046BD4602B080BDC046A6
:107DA000580D00209C3C002080B582B000AFFB1D28
:107DB00000221A70BB1D01221A7035E0204B1B787F
:107DC000BA1D12789A4211D0BB1D1B7800221321D4
:107DD0001800F3F73FFB3220FFF70CFC194B1B7820
:107DE000002B1CD0FB1D02221A7018E07B1D012203
:107DF0001A7010E0124B1B78591E114B1B785A1E3B
:107E0000114B4900C95A104B5200D1527B1D1A78B0
:107E10007B1D01321A707B1D1B78032BEAD9BB1D19
:107E20001A78BB1D01321A70084B1B78BA1D1278E4
:107E30009A42C3D9FB1D1B781800BD4602B080BD15
:107E4000580D0020FE1200209C3C002084000020E1
:107E500080B586B000AF0200FB1D1A700F23FB181F
:107E600000221A701623FB1800221A8001233B619E
:107E700018E03B69DBB21800FFF70CFF03009A6BB8
:107E800080231B029A420AD11622BB181B88BA18FB
:107E9000591C11801A003B69D9B20C4B99543B69AB
:107EA00001333B613B69032BE3DD1623FB181A8882
:107EB000FB1D1B7814211800F3F7CCFA0F23FB18D5
:107EC0001B781800BD4606B080BDC046CC1200200D
:107ED00080B582B000AFBB1D00221A70FB1D0122CD
:107EE0001A7029E0194B1B785A1E194B5200D35AAD
:107EF0001900FB1D1B78013B802212021A4113005E
:107F00000B400AD1FB1D1B781800FFF7C3FE0300CE
:107F100000211800FFF7E0FE09E0FB1D1B781800A8
:107F2000FFF7B8FE030001211800FFF7D5FEFB1D87
:107F30001A78FB1D01321A70FB1D1B78032BD1D957
:107F4000BB1D1B781800BD4602B080BD580D002037
:107F50009C3C00201748854600F045F81648174914
:107F6000174A002302E0D458C4500433C4188C428A
:107F7000F9D3144A144C002301E013600432A242E6
:107F8000FBD312481249026800608A4205D000F013
:107F90002AF80BF003FE0AF0B9F80E480E4901600A
:107FA0000E480D4901600E4801688D464068004743
:107FB000FEE7000000400220000000203009002001
:107FC00098BD0208380900206CA60120F03F02206D
:107FD000EFBEADDE40100240010000000000014095
:107FE0000000FF1FFEE780B500AFC046BD4680BD64
:107FF00080B582B000AFEFF305837B607B685A1ECB
:108000009341DBB21800BD4602B080BD80B500AF21
:1080100001F0A6FD00231800BD4680BD80B584B0E8
:1080200000AF78607B68FB60FB68002B01D0FB68C9
:1080300000E00123180001F06BFC00231800BD468E
:1080400004B080BD80B584B000AF786039603B6813
:10805000012B11D103220021012000F058FE030062
:10806000FB60FB68002B05D0F8680023002200218C
:1080700000F0B5FEFB6806E03B683A6811001800A6
:1080800000F095FE03001800BD4604B080BD00005E
:1080900080B584B000AF786039600023BB607B6836
:1080A000002B01D1802336E00023FB603B680133C5
:1080B00003D101235B42FB6009E03B68002B06D043
:1080C0003B68FB60FB68002B01D10123FB60FFF7DD
:1080D0008FFF031E13D00823FA187B6800211800B5
:1080E00001F000F90300012B01D0FF2313E0BB686E
:1080F000002B0FD00A4B802252051A600AE0FA6862
:108100007B681100180001F031F80300012B01D049
:10811000FF2300E000231800BD4604B080BDC04628
:1081200004ED00E080B584B000AF78600023FB6010
:108130000023BB60FFF75CFF031E13D00823FA186F
:108140007B681100180000F032FF0300012B01D002
:10815000FF2313E0BB68002B0FD00A4B802252058F
:108160001A600AE0786800230022002100F037FE40
:108170000300012B01D0FF23FB60FB681800BD4604
:1081800004B080BD04ED00E080B500AF02F01EFA3F
:108190000300012B01D000F097FBC046BD4680BD17
:1081A00080B584B000AF78600023FB60082000F049
:1081B000C7FB0300BB60BB68002B12D000F030FB94
:1081C000BB687A681A60BB6800225A60074B1B685C
:1081D000BA685A60054BBA681A6000F033FB012395
:1081E000FB60FB681800BD4604B080BDE8010020BC
:1081F00080B588B000AFF860B9607A600123FB6198
:108200003E4B1B68002B46D13C4B3D4A1A603CE07C
:108210003A4B1B681B681B68BB61BB691800E7F71A
:108220007DFF03007B61FA687B69D3181B785BB222
:10823000202B06D0FA687B69D3181B785BB2002B21
:108240001ED17A69B969FB6818000BF0D9FB031ECF
:1082500016D12A4B1B681B681B7B5BB2002B19DBFA
:10826000FB68180000F062F903001A00234B1B683A
:108270001B681B7B5BB29A420CD00023FB6109E0B8
:108280001E4B1B685A681D4B1A601C4B1B68002B49
:10829000BED100E0C046194B1B68002B0CD0FB6917
:1082A000002B09D17A681749BB6818000BF0B9FB9D
:1082B000124B00221A601CE0104B1B68002B10D0E0
:1082C0000E4B1B681B689B68FA687968B86898470A
:1082D0000300FB61FB69002B0BD1084B00221A60E5
:1082E00007E07A680849BB6818000BF09AFB002386
:1082F000FB61FB691800BD4608B080BDC841002085
:10830000E0010020F4B602084CB7020880B500AFC7
:10831000014B1800BD4680BD643F002080B586B08B
:1083200000AFF860B9607A6000237B6100233B6195
:108330007B6800221A6042E0FB680133FB60FB6847
:108340001B785BB2002B08D0FB681B785BB2202B3C
:10835000F2D102E0FB680133FB60FB681B785BB283
:10836000002B04D0FB681B785BB2202BF2D0FB689B
:108370001B785BB2002B27D07B6901337B617A6964
:10838000BB689A421BD1FB683B6107E07B681B68B6
:108390005A1C7B681A60FB680133FB60FB681B7822
:1083A0005BB2002B04D0FB681B785BB2202BEDD1B5
:1083B0007B681B68002B09D100233B6106E07A69CA
:1083C000BB689A42BBD302E0C04600E0C0463B69AE
:1083D0001800BD4606B080BD80B586B000AFF8601D
:1083E000B9607A6000233B611023FA187B68012191
:1083F0001800FFF793FF0200434B1A60424B1B68C3
:10840000002B2BD0404B1B684049062218000BF074
:10841000F7FA031E22D13E4B1B78072B02D13C4BAF
:1084200000221A703A4B1B785A1CD1B2384A11708C
:108430001A00384B9200D158BA68FB6818000BF04C
:10844000F0FA334B1B78072B05D100237B61304BAF
:1084500000221A7052E001237B614FE02A4B1B6817
:10846000002B4BD12C4B1B68002B05D12A4B2B4AE0
:108470001A602B4B01221A70294B1A78294B1B7852
:108480009A421ED9FB6808331800234B1B681B68EF
:108490005968BB68083B1A000BF0C3FAFB6801334C
:1084A000214A110018000BF0ACFBFB6828221A705F
:1084B000FB68063329221A70FB68073320221A70E2
:1084C00008E0154B1B681B685968BA68FB68180000
:1084D0000BF0A7FA104B1B685A680F4B1A60104B31
:1084E0001B780133DAB20E4B1A700B4B1B68002B52
:1084F00002D100237B6101E001237B617B691800CD
:10850000BD4606B080BDC046CC4100209CB70208E5
:10851000D041002088000020D4410020E00100204C
:10852000D8410020570D00200C88020880B584B087
:1085300000AF78600F23FB1800221A700023BB6085
:1085400018E07B681B785BB2202B0ED1BB68012B37
:108550000DD00F217B181B785BB2DBB20133DAB28E
:108560007B181A700123BB6001E00023BB607B68AD
:1085700001337B607B681B785BB2002BE1D1BB6869
:10858000012B08D10F217B181B785BB2DBB2013BBA
:10859000DAB27B181A700F23FB181B785BB2180035
:1085A000BD4604B080BD80B582B000AF78607B6806
:1085B00008331A007B685A607B68012252429A6035
:1085C0007B6808331A007B68DA607B6808331A001E
:1085D0007B681A617B6800221A60C046BD4602B003
:1085E00080BD80B582B000AF78607B6800221A61E0
:1085F000C046BD4602B080BD80B584B000AF786093
:1086000039607B685B68FB603B68FA685A60FB68AE
:108610009A683B689A60FB689B683A685A60FB6896
:108620003A689A603B687A681A617B681B685A1CD2
:108630007B681A60C046BD4604B080BD80B584B07A
:1086400000AF786039603B681B68BB60BB68013372
:1086500003D17B681B69FB600CE07B680833FB601F
:1086600002E0FB685B68FB60FB685B681B68BA68DC
:108670009A42F6D2FB685A683B685A603B685B686E
:108680003A689A603B68FA689A60FB683A685A6090
:108690003B687A681A617B681B685A1C7B681A60A1
:1086A000C046BD4604B080BD80B584B000AF7860E0
:1086B0007B681B69FB607B685B687A6892689A607C
:1086C0007B689B687A6852685A60FB685B687A6866
:1086D0009A4203D17B689A68FB685A607B680022E3
:1086E0001A61FB681B685A1EFB681A60FB681B68EE
:1086F0001800BD4604B080BD80B584B000AFF860FE
:10870000B9607A60FB68043BFB60FB68802252041E
:108710001A60FB68043BFB60BA68FB681A60FB6880
:10872000043BFB60084AFB681A60FB68143BFB6073
:108730007A68FB681A60FB68203BFB60FB681800E6
:10874000BD4604B080BDC0464D87010880B582B0EB
:1087500000AF00237B6072B6C0467B68002BFCD064
:10876000C046C046BD4602B080BD80B500AFC04621
:10877000BD4680BD000000000000000000000000B9
:108780000B4A13681868203080F30988022080F3B0
:108790001488BFF36F8F3FBCAE4608BC04BC62B602
:1087A0001847C046C046C046C046C046C046C04640
:1087B000CCA10120C046C04680B500AF0E4B1A6860
:1087C0000D4BFF2109040A431A600B4B1A680A4B30
:1087D000FF2109060A431A6000F090F8074B0022B7
:1087E0001A60FFF7CDFF01F0DDFBFFF7AFFF0023BD
:1087F0001800BD4680BDC04620ED00E0EC01002021
:1088000080B500AF054B802252051A60BFF34F8F31
:10881000BFF36F8FC046BD4680BDC04604ED00E08B
:1088200080B500AF72B6064B1B685A1C044B1A6029
:10883000BFF34F8FBFF36F8FC046BD4680BDC046AC
:10884000EC01002080B500AF064B1B685A1E054B9B
:108850001A60044B1B68002B00D162B6C046BD46AF
:1088600080BDC046EC010020EFF3108072B6704767
:10887000C046180080F310887047C0460000000012
:10888000EFF309800E4B1A6820381060F0C04446A0
:108890004D4656465F46F0C008B572B601F082FB01
:1088A00062B60CBC116808681030F0C8A046A94632
:1088B000B246BB4680F309882038F0C81847C04646
:1088C000CCA10120C046C04680B582B000AFFFF702
:1088D000CBFF03007B6001F0BDFA031E03D0064B03
:1088E000802252051A607B681800FFF7C3FFC0465C
:1088F000BD4602B080BDC04604ED00E080B500AFCB
:108900000B4B00221A600B4B00221A600A4B1B68AB
:10891000FA2291001800E7F71DFC03001A00074B2C
:10892000013A1A60024B07221A60C046BD4680BD5C
:1089300010E000E018E000E0DC01002014E000E0BE
:1089400080B586B000AF78600023FB6001F042F98B
:10895000454B1B68002B01D100F0D2F8434B1B683C
:108960007A68134000D072E07B68002B0CD008229C
:108970007B689B187B607B680722134004D07B6870
:108980000722934308337B607B68002B5FD0384B12
:108990001B687A689A425AD8364B3B61354B1B6844
:1089A0007B6104E07B693B617B691B687B617B6960
:1089B0005B687A689A4203D97B691B68002BF1D106
:1089C000294B1B687A699A4241D03B691B6808228F
:1089D0009B18FB607B691A683B691A607B695A685F
:1089E0007B68D21A08235B009A4210D97A697B68A7
:1089F000D318BB607B695A687B68D21ABB685A601F
:108A00007B697A685A60BB68180000F0D9F8184B87
:108A10001A687B695B68D21A154B1A60144B1A6886
:108A2000154B1B689A4203D2114B1A68124B1A60FD
:108A30007B695A680D4B1B681A437B695A607B69D6
:108A400000221A600D4B1B685A1C0C4B1A6001F077
:108A5000CDF8FB68002B01D1FEF70EFBFB68180078
:108A6000BD4606B080BDC04674A1012088A101208A
:108A700078A101206CA101207CA1012080A101200E
:108A800080B584B000AF78607B68FB607B68002BAA
:108A90002CD008235B42FA68D318FB60FB68BB60EC
:108AA000BB685A68134B1B6813401FD0BB681B6818
:108AB000002B1BD1BB685A680E4B1B68DB431A4066
:108AC000BB685A6001F086F8BB685A680A4B1B689D
:108AD000D218094B1A60BB68180000F071F8074BF8
:108AE0001B685A1C054B1A6001F080F8C046BD4651
:108AF00004B080BD88A1012078A1012084A10120BB
:108B000080B584B000AF274BBB60274BFB60FB6890
:108B1000072213400CD0FB680733FB60FB68072279
:108B20009343FB60BA68FB68D21A1F4BD318BB6033
:108B3000FB687B601D4B7A681A601C4B00225A60F0
:108B40007B68BA68D318FB600822FB689B1AFB603D
:108B5000FB6807229343FB60FA68154B1A60144BBD
:108B60001B6800225A60124B1B6800221A607B6847
:108B70003B603B68FA68D21A3B685A600C4B1A6833
:108B80003B681A603B685A680A4B1A603B685A682F
:108B9000094B1A60094B802212061A60C046BD4676
:108BA00004B080BD905F0100DC4100206CA1012079
:108BB00074A101207CA1012078A1012088A10120BD
:108BC00080B584B000AF7860274BFB6002E0FB68A3
:108BD0001B68FB60FB681B687A689A42F7D8FB68E1
:108BE000BB60FB685B68BA68D3187A689A4208D1A0
:108BF000FB685A687B685B68D218FB685A60FB6840
:108C00007B607B68BB607B685B68BA68D218FB6876
:108C10001B689A4218D1FB681A68144B1B689A4269
:108C20000DD07B685A68FB681B685B68D2187B684C
:108C30005A60FB681B681A687B681A6008E00B4B77
:108C40001A687B681A6003E0FB681A687B681A6020
:108C5000FA687B689A4202D0FB687A681A60C0465C
:108C6000BD4604B080BDC0466CA1012074A10120A6
:108C700080B584B000AF786039607B68FB60FFF737
:108C8000CFFDFB681A68FB68D96BFB681B6C4B4314
:108C9000D218FB689A60FB6800229A63FB681A6826
:108CA000FB685A60FB681A68FB68DB6B591EFB683F
:108CB0001B6C4B43D218FB68DA60FB684422FF212F
:108CC0009954FB684522FF2199543B68002B0DD134
:108CD000FB681B69002B13D0FB681033180001F0F0
:108CE0002FFA031E0CD0FFF78BFD09E0FB68103351
:108CF0001800FFF758FCFB6824331800FFF753FCFB
:108D0000FFF7A0FD01231800BD4604B080BD90B55B
:108D10008BB002AFF860B960FB1D1A70FB68BA68CF
:108D20005343FB61FB6950331800FFF709FE030052
:108D3000BB61BB69002B0ED0BB697B617B69503383
:108D40007B61FB1D1C787A69B968F868BB69009380
:108D5000230000F005F8BB691800BD4609B090BDBE
:108D600080B584B000AFF860B9607A601A00FB1C6F
:108D70001A70BB68002B03D1BB69BA691A6002E0A4
:108D8000BB697A681A60BB69FA68DA63BB69BA685A
:108D90001A64BB6901211800FFF76AFFBB69FA1C5E
:108DA0004C2112785A54C046BD4604B080BD80B5EF
:108DB00084B000AF786039607B680222002118001F
:108DC000FFF7A5FF0300FB60FB68002B02D0FB68E8
:108DD0003A689A63FB681800BD4604B080BD80B550
:108DE0008AB000AFF860B9607A603B6000237B62B4
:108DF000FB683B62FFF714FD3B6A9A6B3B6ADB6BD7
:108E00009A4202D33B68022B1ED13A68B9683B6A8A
:108E1000180000F0CDFA0300FB613B6A5B6A002B8F
:108E200009D03B6A2433180001F08AF9031E07D0E9
:108E3000FFF7E6FC04E0FB69002B01D0FFF7E0FC44
:108E4000FFF700FD01235BE07B68002B03D1FFF7F8
:108E5000F9FC002354E07B6A002B06D11423FB1895
:108E6000180001F0C5F901237B62FFF7EBFC00F06D
:108E7000B1FEFFF7D5FC3B6A44229B5C5BB2013339
:108E800003D13B6A4422002199543B6A45229B5CF2
:108E90005BB2013303D13B6A452200219954FFF7AD
:108EA000D1FC3A1D1423FB181100180001F0B4F98D
:108EB000031E1ED13B6A180000F07FFB031E11D079
:108EC0003B6A10337A681100180001F0FDF83B6A24
:108ED000180000F0FEFA00F089FE031E8AD1FFF7A9
:108EE0008FFC87E73B6A180000F0F3FA00F07EFE83
:108EF00080E73B6A180000F0ECFA00F077FE0023F0
:108F00001800BD460AB080BD90B58BB000AFF860C8
:108F1000B9607A603B60FB683B62FFF7A5FC030029
:108F2000FB613B6A9A6B3B6ADB6B9A4202D33B68FC
:108F3000022B31D11B243B193A6A4521525C1A702D
:108F40003B6A9B6B7B613A68B9683B6A180000F02A
:108F50002FFA3B191B785BB2013311D13B6A5B6A74
:108F6000002B16D03B6A2433180001F0E9F8031EE9
:108F70000FD07B68002B0CD07B6801221A6008E0C0
:108F80001B23FB181B780133DBB259B23B6A452225
:108F9000995401237B6201E000237B62FB69180086
:108FA000FFF768FC7B6A1800BD460BB090BD80B52A
:108FB00088B000AF786039607B68BB61FFF754FC14
:108FC00003007B61BB699B6B3B61BB69DB6B3A69EF
:108FD0009A422CD20F203B18BA694521525C1A7074
:108FE0003B695A1CBB699A633B181B785BB201331F
:108FF00011D1BB695B6A002B16D0BB692433180002
:1090000001F09EF8031E0FD03B68002B0CD03B688C
:1090100001221A6008E00F23FB181B780133DBB232
:1090200059B2BB69452299540123FB6101E0002339
:10903000FB617B691800FFF71DFCFB691800BD464A
:1090400008B080BD80B58AB000AFF860B9607A60C2
:1090500000237B62FB683B62FFF7E2FB3B6A9B6B92
:10906000FB61FB69002B1AD0BA683B6A110018003B
:1090700000F009FAFB695A1E3B6A9A633B6A1B6956
:10908000002B08D03B6A1033180001F059F8031E7A
:1090900001D0FFF7B5FBFFF7D5FB012362E07B684A
:1090A000002B03D1FFF7CEFB00235BE07B6A002B94
:1090B00006D11423FB18180001F09AF801237B62F3
:1090C000FFF7C0FB00F086FDFFF7AAFB3B6A4422D6
:1090D0009B5C5BB2013303D13B6A4422002199546B
:1090E0003B6A45229B5C5BB2013303D13B6A45225C
:1090F00000219954FFF7A6FB3A1D1423FB18110019
:10910000180001F089F8031E1ED13B6A180000F018
:109110003EFA031E11D03B6A24337A68110018000E
:1091200000F0D2FF3B6A180000F0D3F900F05EFDBA
:10913000031E91D1FFF764FB8EE73B6A180000F035
:10914000C8F900F053FD87E73B6A180000F0C1F949
:1091500000F04CFD3B6A180000F019FA031E00D124
:109160007AE700231800BD460AB080BD80B58AB0FA
:1091700000AF7860396000237B627B68FB6100236D
:109180003B62FFF74DFBFB699B6BBB61BB69002B2F
:109190001DD0BB695A1EFB699A63FB691B68002BD3
:1091A00004D101F09FFC0200FB699A60FB691B6916
:1091B000002B08D0FB691033180000F0C1FF031E1C
:1091C00001D0FFF71DFBFFF73DFB012386E03B6865
:1091D000002B03D1FFF736FB00237FE07B6A002BD7
:1091E00006D10C23FB18180001F002F801237B6262
:1091F000FFF728FB00F0EEFCFFF712FBFB694422AF
:109200009B5C5BB2013303D1FB694422002199547A
:10921000FB6945229B5C5BB2013303D1FB694522AC
:1092200000219954FFF70EFB3A000C23FB181100A4
:10923000180000F0F1FF031E2ED1FB69180000F0AA
:10924000A6F9031E21D0FB691B68002B0AD1FFF78A
:10925000E7FAFB699B68180001F0D4F903003B6250
:10926000FFF7F0FAFB6924333A681100180000F0A8
:109270002BFFFB69180000F02CF900F0B7FC031E6F
:1092800000D07EE7FFF7BCFA7BE7FB69180000F02F
:1092900020F900F0ABFC74E7FB69180000F019F945
:1092A00000F0A4FCFB69180000F071F9031E00D166
:1092B00067E73B6A002B10D0FFF7B2FAFB69180092
:1092C00000F060F803007B61FB699B687A6911001C
:1092D000180001F04BFAFFF7B5FA00231800BD465D
:1092E0000AB080BD90B58BB000AFF860B9607A600D
:1092F000FB683B62FFF7B8FA0300FB613B6A9B6BBC
:10930000BB61BB69002B32D017243B193A6A442158
:10931000525C1A70BA683B6A1100180000F0B3F88A
:10932000BB695A1E3B6A9A633B191B785BB20133D7
:1093300011D13B6A1B69002B16D03B6A1033180011
:1093400000F0FEFE031E0FD07B68002B0CD07B6864
:1093500001221A6008E01723FB181B780133DBB2E7
:1093600059B23B6A4422995401237B6201E00023F5
:109370007B62FB691800FFF77DFA7B6A1800BD4627
:109380000BB090BD80B584B000AF78607B685B6A3D
:10939000002B06D07B681B6B1B680722D31AFB606F
:1093A00001E00023FB60FB681800BD4604B080BDEF
:1093B00080B586B000AFF860B9607A6000237B6149
:1093C000FB689B6B3B61FB681B6C002B0ED1FB6841
:1093D0001B68002B4ED1FB689B68180001F07AF9DE
:1093E00003007B61FB6800229A6043E07B68002BEE
:1093F00019D1FB685868FB681A6CBB6819000AF041
:1094000008FCFB685A68FB681B6CD218FB685A6042
:10941000FB685A68FB689B689A422BD3FB681A6802
:10942000FB685A6026E0FB68D868FB681A6CBB686A
:1094300019000AF0EEFBFB68DA68FB681B6C5B4204
:10944000D218FB68DA60FB68DA68FB681B689A422E
:1094500007D2FB689A68FB681B6C5B42D218FB68FA
:10946000DA607B68022B05D13B69002B02D03B6997
:10947000013B3B613B695A1CFB689A637B6918009E
:10948000BD4606B080BD80B582B000AF786039605F
:109490007B681B6C002B18D07B68DA687B681B6CC0
:1094A000D2187B68DA607B68DA687B689B689A42CE
:1094B00003D37B681A687B68DA607B68D9687B684D
:1094C0001A6C3B6818000AF0A4FBC046BD4602B007
:1094D00080BD80B584B000AF7860FFF7A1F90F239D
:1094E000FB187A684521525C1A7013E07B685B6A4E
:1094F000002B16D07B682433180000F021FE031ED9
:1095000001D000F0CFFE0F217B181B78013BDAB2AF
:109510007B181A700F23FB181B785BB2002BE5DC5D
:1095200000E0C0467B684522FF219954FFF78AF985
:10953000FFF776F90E23FB187A684421525C1A7003
:1095400013E07B681B69002B16D07B681033180072
:1095500000F0F6FD031E01D000F0A4FE0E217B18E2
:109560001B78013BDAB27B181A700E23FB181B78AC
:109570005BB2002BE5DC00E0C0467B684422FF21A3
:109580009954FFF75FF9C046BD4604B080BD80B571
:1095900084B000AF7860FFF743F97B689B6B002BCA
:1095A00002D10123FB6001E00023FB60FFF74AF9D1
:1095B000FB681800BD4604B080BD80B584B000AF24
:1095C0007860FFF72DF97B689A6B7B68DB6B9A42BA
:1095D00002D10123FB6001E00023FB60FFF732F9B9
:1095E000FB681800BD4604B080BD000080B584B0A3
:1095F00000AF786039600023FB6015E00E4BFA681D
:10960000D200D358002B0CD10B4BFA68D20039682A
:10961000D150094AFB68DB00D31804337A681A601A
:1096200006E0FB680133FB60FB68072BE6D9C04608
:10963000C046BD4604B080BD8CA1012080B586B077
:1096400000AFF860B9607A60FB687B61FFF7E8F80B
:109650007B6944229B5C5BB2013303D17B6944226A
:10966000002199547B6945229B5C5BB2013303D195
:109670007B69452200219954FFF7E4F87B699B6BD5
:10968000002B06D17B6924337A68B968180000F092
:1096900035FD7B691800FFF71CFFC046BD4606B0CC
:1096A00080BD90B58DB004AFF860B9603B60BB1D64
:1096B0001A80BB1D1B889B001800FFF741F90300AF
:1096C0007B617B69002B10D06020FFF739F9030024
:1096D000FB61FB69002B03D0FB697A691A6306E022
:1096E0007B691800FFF7CCF901E00023FB61FB69FF
:1096F000002B16D0BB1D1A883C68B968F868002397
:109700000393FB6902937B6B01933B6B00932300F4
:1097100000F010F8FB69180000F092F80123BB611B
:1097200002E001235B42BB61BB691800BD4609B082
:1097300090BD000080B586B000AFF860B9607A6077
:109740003B60BB6A186B7B689B001A00A5210AF07E
:1097500034F9BB6A1A6B7B6838498C4663449B00BA
:10976000D3183B613B69072293433B61BB68002BE5
:1097700020D000237B6113E0BA687B69D318187886
:10978000BA6A34217B69D3185B18021C1A70BA6854
:109790007B69D3181B78002B06D07B6901337B6172
:1097A0007B690C2BE8D900E0C046BB6A402200214F
:1097B000995403E0BB6A3422002199543B6A062B7A
:1097C00001D906233B62BB6A3A6ADA62BB6A3A6A2B
:1097D000DA64BB6A00221A65BB6A04331800FEF71C
:1097E00000FFBB6A18331800FEF7FBFEBB6ABA6ABB
:1097F0001A613B6A0722D21ABB6A9A61BB6ABA6ACB
:109800005A62BB6A00225A65BB6A00229A65BB6A2B
:109810005C22002199543A68F9683B691800FEF708
:109820006BFF0200BB6A1A607B6A002B02D07B6A66
:10983000BA6A1A60C046BD4606B080BDFFFFFF3F52
:1098400080B582B000AF7860FEF7EAFF2A4B1B6854
:109850005A1C294B1A60294B1B68002B09D1274B36
:109860007A681A60244B1B68012B10D100F034FD7C
:109870000DE0234B1B68002B09D1204B1B68DA6AD3
:109880007B68DB6A9A4202D81C4B7A681A601D4BCF
:109890001B685A1C1B4B1A601A4B1A687B685A6467
:1098A0007B68DA6A184B1B689A4203D97B68DA6ACC
:1098B000154B1A607B68DA6A13009B009B189B00AB
:1098C000124A9A187B68043319001000FEF794FEC0
:1098D000FEF7B8FF0A4B1B68002B08D0074B1B682C
:1098E000DA6A7B68DB6A9A4201D2FEF789FFC046DA
:1098F000BD4602B080BDC046CCA20120CCA1012053
:10990000D8A20120E8A20120D4A20120D0A10120E8
:1099100080B584B000AF78600023FB607B68002BCB
:109920000AD000F057F97B680021180001F050FAC6
:1099300000F05CF90300FB60FB68002B01D1FEF72F
:109940005FFFC046BD4604B080BD000080B588B052
:1099500000AF78607B68BB612B4B1B68BA699A4289
:1099600004D11F23FB1800221A7046E0FEF758FFAF
:10997000BB695B697B61254B1B683B61244B1B68A2
:10998000FB60FEF75FFF7A693B699A4203D07A6910
:10999000FB689A4204D11F23FB1802221A702CE0A4
:1099A0007A691C4B9A4218D1BB699B6A002B0FD174
:1099B000BB695C229B5CDBB2012B04D11F23FB182B
:1099C00002221A7019E01F23FB1803221A7014E0F8
:1099D0001F23FB1802221A700FE07A690E4B9A427D
:1099E00002D07B69002B04D11F23FB1804221A70BC
:1099F00003E01F23FB1801221A701F23FB181B789A
:109A00001800BD4608B080BDCCA1012084A2012071
:109A100088A20120B8A20120A0A2012080B584B0B4
:109A200000AF7860FEF7FCFE7B68002B02D1074B8D
:109A30001B6800E07B68FB60FB68DB6ABB60FEF7CD
:109A400001FFBB681800BD4604B080BDCCA1012059
:109A500080B586B000AF7860396000237B613B68D9
:109A6000062B01D906233B60FEF7DAFE7B68002B4C
:109A700002D1384B1B6800E07B683B613B69DB6CC3
:109A8000FB60FA683B689A425DD03A68FB689A428C
:109A90000DD9304B1B683A699A420FD02D4B1B6889
:109AA000DB6A3A689A4209D301237B6106E0294BBD
:109AB0001B683A699A4201D101237B613B69DB6AE9
:109AC000BB603B69DA6C3B69DB6A9A4202D13B6955
:109AD0003A68DA623B693A68DA643B699B69002B51
:109AE00004DB3B680722D21A3B699A613B695969DA
:109AF000BA6813009B009B189B00174A9B18994259
:109B00001CD13B6904331800FEF7CEFD3B69DA6ACD
:109B1000124B1B689A4203D93B69DA6A0F4B1A60F1
:109B20003B69DA6A13009B009B189B000A4A9A184B
:109B30003B69043319001000FEF75EFD7B69002BC2
:109B400001D0FEF75DFEFEF77DFEC046BD4606B0C5
:109B500080BDC046CCA10120D0A10120D4A201200B
:109B600080B584B002AF144A14491548154B0193CF
:109B7000002300930023FFF794FD03007B607B68C4
:109B8000012B03D101F078F903007B607B68012B86
:109B90000ED172B60C4B012252421A600B4B0122BD
:109BA0001A600B4B00221A60F1F7A8F9FEF704FEC9
:109BB000C046BD4602B080BDC4090000A4B702087B
:109BC000B9A20108F0A20120ECA20120D8A2012034
:109BD000D0A2012080B500AF034B1B685A1C024B7A
:109BE0001A60C046BD4680BDF4A2012080B584B095
:109BF00000AF0023FB600023BB60FEF711FE364B75
:109C00001B685A1E344B1A60334B1B68002B5BD108
:109C1000324B1B68002B57D02FE0314BDB68DB68E1
:109C2000FB60FB6818331800FEF73EFDFB68043349
:109C30001800FEF739FDFB68DA6A2A4B1B689A4266
:109C400003D9FB68DA6A274B1A60FB68DA6A1300EB
:109C50009B009B189B00244A9A18FB680433190048
:109C60001000FEF7C9FCFB68DA6A204B1B68DB6A50
:109C70009A4202D31E4B01221A60194B1B68002B1B
:109C8000CBD1FB68002B01D000F082FC194B1B6884
:109C90007B607B68002B0FD000F0DCF8031E02D045
:109CA000134B01221A607B68013B7B607B68002BB1
:109CB000F2D1104B00221A600D4B1B68002B03D011
:109CC0000123BB60FEF79CFDFEF7BCFDBB681800DE
:109CD000BD4604B080BDC046F4A20120CCA2012044
:109CE0008CA20120D4A20120D0A10120CCA101206E
:109CF000E0A20120DCA2012080B582B000AF044BBD
:109D00001B687B607B681800BD4602B080BDC04602
:109D1000D0A2012080B582B000AF00237B60044B4D
:109D20001B683B603B681800BD4602B080BDC04662
:109D3000D0A2012080B586B000AFF860B9607A602B
:109D400000237B6107233B61FFF744FF3B4B1B680C
:109D5000BA689A426AD33B69013B3B617A69130056
:109D6000DB009B189B001A00FB6898183A691300E7
:109D70009B009B189B00324A9B180122190000F09F
:109D800089FB02007B699B187B613B69002BE2D158
:109D90007A691300DB009B189B001A00FB68981877
:109DA000284B1B680222190000F074FB02007B693B
:109DB0009B187B617A691300DB009B189B001A00DB
:109DC000FB689818204B1B680222190000F062FB08
:109DD00002007B699B187B617A691300DB009B188A
:109DE0009B001A00FB689B1818490422180000F019
:109DF00051FB02007B699B187B617A691300DB00D1
:109E00009B189B001A00FB689B181149032218003D
:109E100000F040FB02007B699B187B617B68002B94
:109E200004D0F1F781F802007B681A60FFF7DEFECC
:109E30007B691800BD4606B080BDC046CCA201209B
:109E4000D0A1012084A2012088A20120A0A201208B
:109E5000B8A2012080B586B000AF00237B61464BDD
:109E60001B68002B00D07DE0444B1B6801333B6135
:109E7000424B3A691A603B69002B10D1404B1B687A
:109E8000FB60404B1A683E4B1A603E4BFA681A6002
:109E90003D4B1B685A1C3C4B1A6000F079FB3B4B56
:109EA0001B683A699A4249D3354B1B681B68002BE3
:109EB00004D1364B012252421A603FE0304B1B68FE
:109EC000DB68DB68BB60BB685B687B603A697B68AA
:109ED0009A4203D22D4B7A681A602FE0BB68043394
:109EE0001800FEF7E1FBBB689B6A002B04D0BB683F
:109EF00018331800FEF7D8FBBB68DA6A244B1B68DE
:109F00009A4203D9BB68DA6A214B1A60BB68DA6AE5
:109F100013009B009B189B001E4A9A18BB680433D1
:109F200019001000FEF768FBBB68DA6A1A4B1B6861
:109F3000DB6A9A42B8D301237B61B5E7164B1B68F5
:109F4000DA6A144913009B009B189B005B58012B95
:109F500001D901237B61114B1B68002B07D0012322
:109F60007B6104E00E4B1B685A1C0D4B1A607B6929
:109F70001800BD4606B080BDF4A20120D0A2012089
:109F800084A2012088A20120E4A20120ECA20120E9
:109F9000D4A20120D0A10120CCA10120E0A2012067
:109FA000DCA2012080B584B000AF3F4B1B68002BC2
:109FB00003D03E4B01221A6071E03C4B00221A6034
:109FC000F0F7B2FF02003A4B1A60394B1A68394B6E
:109FD0001B689A4209D9384B1B68596D344A10687E
:109FE000344A1268821A8A185A65314B1A68314B02
:109FF0001A60314B1B681B6BBB60304B7B60BB68CE
:10A000001B687A689A4211D1BB6804331B687A686E
:10A010009A420BD1BB6808331B687A689A4205D113
:10A02000BB680C331B687A689A4208D0224B1A68C6
:10A03000214B1B68343319001000FCF7FBFF204B49
:10A040001B68FB6002E0FB68013BFB601D49FA688E
:10A0500013009B009B189B005B58002BF3D0FA6801
:10A0600013009B009B189B00164A9B183B603B68A3
:10A070005B685A683B685A603B685A683B680833BB
:10A080009A4204D13B685B685A683B685A603B68F7
:10A090005B68DA68084B1A60094BFA681A60C046B8
:10A0A000BD4604B080BDC046F4A20120E0A201205C
:10A0B000FCA20120F8A20120CCA10120A5A5A5A504
:10A0C000D4A20120D0A1012080B582B000AF786079
:10A0D0003960094B1B6818331A007B68110018009F
:10A0E000FEF7ACFA3B680121180000F071FEC04693
:10A0F000BD4602B080BDC046CCA1012080B584B071
:10A1000000AFF860B9607A600C4B1B6818331A0016
:10A11000FB6811001800FEF76FFA7B68002B02D075
:10A1200001235B42BB607A68BB681100180000F035
:10A130004FFEC046BD4604B080BDC046CCA1012044
:10A1400080B584B000AF78607B68DB68DB68BB609B
:10A15000BB6818331800FEF7A7FA1F4B1B68002BCB
:10A160001DD1BB6804331800FEF79EFABB68DA6A9B
:10A170001A4B1B689A4203D9BB68DA6A174B1A60FC
:10A18000BB68DA6A13009B009B189B00144A9A185C
:10A19000BB68043319001000FEF72EFA07E0BB6815
:10A1A00018331A000F4B11001800FEF725FABB6890
:10A1B000DA6A0D4B1B68DB6A9A4205D90123FB6002
:10A1C0000A4B01221A6001E00023FB60FB681800C3
:10A1D000BD4604B080BDC046F4A20120D4A2012037
:10A1E000D0A101208CA20120CCA10120E0A201205D
:10A1F00080B582B000AF7860054B1A687B681A6042
:10A20000044B1A687B685A60C046BD4602B080BDE8
:10A21000E4A20120D0A2012080B586B000AF786012
:10A220003960FEF7FDFA1D4B1B683B617B685B687C
:10A230003A69D31AFB603B681B68013302D10023E3
:10A240007B6124E07B681A68154B1B689A4207D033
:10A250007B685B683A699A4202D301237B6116E00E
:10A260003B681B68FA689A420CD23B681A68FB6824
:10A27000D21A3B681A607B681800FFF7B9FF002309
:10A280007B6104E03B6800221A6001237B61FEF7DA
:10A29000D9FA7B691800BD4606B080BDD0A2012066
:10A2A000E4A2012080B500AF024B01221A60C04633
:10A2B000BD4680BDE0A2012080B582B000AF7860CD
:10A2C00000F04EF8034B1B68012BF9D9FEF798FA02
:10A2D000F6E7C046D0A1012080B582B000AF0023D0
:10A2E0007B600CE07A6813009B009B189B00144A6B
:10A2F0009B181800FEF757F97B6801337B607B6879
:10A30000062BEFD90F4B1800FEF74DF90E4B180036
:10A31000FEF749F90D4B1800FEF745F90C4B1800F4
:10A32000FEF741F90B4B1800FEF73DF90A4B054AC1
:10A330001A600A4B044A1A60C046BD4602B080BD8E
:10A34000D0A101205CA2012070A201208CA20120DA
:10A35000A0A20120B8A2012084A2012088A201208D
:10A3600080B582B000AF1AE0FEF75AFA104BDB68F6
:10A37000DB687B607B6804331800FEF795F90D4BB2
:10A380001B685A1E0B4B1A600B4B1B685A1E0A4B5C
:10A390001A60FEF757FA7B68180000F0E8F8064BE1
:10A3A0001B68002BE0D1C046C046BD4602B080BD50
:10A3B000A0A20120CCA20120B4A2012080B586B0C9
:10A3C00000AFF860B9607A601A00FB1C1A70FB6875
:10A3D000002B02D12E4B1B6800E0FB687B61BB6841
:10A3E0007A691A607B6934331A00BB685A607B69EA
:10A3F000DA6ABB681A617B691A6BBB68DA617B69D0
:10A400005A6CBB689A607B69DA6CBB685A617B697D
:10A410005A6DBB689A61FB1C1B78052B1CD01C4B2A
:10A420001B687A699A4203D1BB6800221A731BE049
:10A43000BB68FA1C12781A73FB1C1B78032B13D110
:10A44000FFF7C8FB7B699B6A002B02D0BB68022226
:10A450001A73FFF7CBFB07E07B691800FFF776FA6A
:10A4600003001A00BB681A737B68002B09D07B6954
:10A470001B6B180000F061F803001A00BB681A8417
:10A4800002E0BB6800221A84C046BD4606B080BD0B
:10A49000CCA1012080B58AB000AFF860B960FB1D87
:10A4A0001A7000237B62BB681B68002B40D0BB681E
:10A4B0003B623B6A5B685A683B6A5A603B6A5A680F
:10A4C0003B6A08339A4204D13B6A5B685A683B6A2C
:10A4D0005A603B6A5B68DB68FB61BB68BB61BB6958
:10A4E0005B685A68BB695A60BB695A68BB690833C4
:10A4F0009A4204D1BB695B685A68BB695A60BB6900
:10A500005B68DB687B617A6A1300DB009B189B0049
:10A510001A00FB689918FB1D1B7878690122FFF768
:10A520004DFF7B6A01337B627A69FB699A42D4D121
:10A530007B6A1800BD460AB080BD80B584B000AF0C
:10A5400078600023FB6005E07B6801337B60FB687B
:10A550000133FB607B681B78A52BF5D0FB689B085B
:10A56000FB60FB689BB21800BD4604B080BD80B59F
:10A5700082B000AF78607B681B6B1800FEF780FA32
:10A580007B681800FEF77CFAC046BD4602B080BD6D
:10A5900080B582B000AF0B4B1B681B68002B04D149
:10A5A000094B012252421A6008E0064B1B68DB6827
:10A5B000DB687B607B685A68034B1A60C046BD4607
:10A5C00002B080BD84A20120ECA2012080B582B03F
:10A5D00000AF0A4B1B68002B02D101237B6008E00F
:10A5E000074B1B68002B02D102237B6001E0002394
:10A5F0007B607B681800BD4602B080BDD8A20120F8
:10A60000F4A2012080B584B000AF78607B68BB60A5
:10A610000023FB607B68002B51D0BB68DA6A2A4BB1
:10A620001B68DB6A9A4241D2BB689B69002B06DB40
:10A63000254B1B68DB6A0722D21ABB689A61BB688C
:10A640005969BB68DA6A13009B009B189B001F4A7C
:10A650009B18994222D1BB6804331800FEF724F8F6
:10A66000194B1B68DA6ABB68DA62BB68DA6A184B96
:10A670001B689A4203D9BB68DA6A154B1A60BB683B
:10A68000DA6A13009B009B189B00104A9A18BB685B
:10A69000043319001000FDF7AFFF04E00A4B1B68FC
:10A6A000DA6ABB68DA620123FB6008E0BB68DA6C37
:10A6B000054B1B68DB6A9A4201D20123FB60FB68F1
:10A6C0001800BD4604B080BDCCA10120D0A101205E
:10A6D000D4A2012080B584B000AF78607B68BB60F5
:10A6E0000023FB607B68002B37D0BB681B6D5A1EB4
:10A6F000BB681A65BB68DA6ABB68DB6C9A422CD00F
:10A70000BB681B6D002B28D1BB6804331800FDF714
:10A71000CBFFBB68DA6CBB68DA62BB68DB6A072216
:10A72000D21ABB689A61BB68DA6A0E4B1B689A4200
:10A7300003D9BB68DA6A0B4B1A60BB68DA6A13008C
:10A740009B009B189B00084A9A18BB6804331900A9
:10A750001000FDF751FF0123FB60FB681800BD46A8
:10A7600004B080BDD4A20120D0A1012080B586B064
:10A7700000AF786039607B683B610123FB607B68D8
:10A78000002B4BD03B69DB6C3A689A4202D93B689C
:10A790007B6102E03B69DB6C7B613B69DB6A7A6968
:10A7A0009A423BD03B691B6DFA689A4236D13B69AD
:10A7B000DB6ABB603B697A69DA623B699B69002BA3
:10A7C00004DB7B690722D21A3B699A613B695969AC
:10A7D000BA6813009B009B189B00124A9B18994271
:10A7E0001CD13B6904331800FDF75EFF3B69DA6A50
:10A7F0000D4B1B689A4203D93B69DA6A0A4B1A600F
:10A800003B69DA6A13009B009B189B00054A9A1863
:10A810003B69043319001000FDF7EEFEC046BD464B
:10A8200006B080BDD0A10120D4A2012080B584B0A3
:10A8300000AF786039603A687B681100180009F051
:10A84000E0F97B681800E5F769FC0300FB6007E0AE
:10A850007A68FB68D31820221A70FB680133FB600A
:10A86000FB680B2BF4D97A68FB68D31800221A70A6
:10A870007A68FB68D3181800BD4604B080BD00009C
:10A88000F0B589B002AF78607B6800221A704C4B3B
:10A890001B68FB604A4B1A681300DB009B189B0087
:10A8A0001800FEF74DF80300BB60BB68002B00D119
:10A8B00082E0F968BB6800221800FFF73BFA03004A
:10A8C000FB6000237B616FE07A691300DB009B185B
:10A8D0009B001A00BB689B181B7B042B1DD89A0099
:10A8E000384BD3181B689F461323FB1858221A7045
:10A8F00018E01323FB1852221A7013E01323FB18DD
:10A9000042221A700EE01323FB1853221A7009E03A
:10A910001323FB1844221A7004E01323FB180022AF
:10A920001A70C0467A691300DB009B189B001A005E
:10A93000BB689B185A687B6811001800FFF776FF08
:10A9400003007B601323FB181C787A691300DB007B
:10A950009B189B001A00BB689B181D697A6913003D
:10A96000DB009B189B001A00BB689B181B8C1E0009
:10A970007A691300DB009B189B001A00BB689B18C8
:10A980009B6811497868019300962B00220008F01B
:10A9900095FF7B681800E5F7C1FB02007B689B18F8
:10A9A0007B607B6901337B617A69FB689A428BD358
:10A9B000BB681800FEF764F8C046BD4607B0F0BD9E
:10A9C000CCA20120BCB70208ACB7020880B588B0A1
:10A9D00000AF78607B6800221A703F4B1B68BB6138
:10A9E0003D4B1A681300DB009B189B001800FDF715
:10A9F000A7FF03007B617B69002B68D00C23FA184A
:10AA0000B9697B691800FFF795F90300BB61FB6822
:10AA100064211800E5F79EFB0300FB60FB68002B38
:10AA200051D00023FB614AE0FA691300DB009B1858
:10AA30009B001A007B699B189B69FA68110018003B
:10AA4000E5F788FB03003B61FA691300DB009B1804
:10AA50009B001A007B699B185A687B6811001800DC
:10AA6000FFF7E4FE03007B603B69002B0ED0FA6920
:10AA70001300DB009B189B001A007B699B189A69E6
:10AA80003B691649786808F019FF0DE0FA69130070
:10AA9000DB009B189B001A007B699B189A69104980
:10AAA0007B68180008F00AFF7B681800E5F736FBA2
:10AAB00002007B689B187B60FB690133FB61FA69CC
:10AAC000BB699A42B0D37B691800FDF7D9FFC04635
:10AAD000BD4608B080BDC046CCA20120D0B7020858
:10AAE000DCB7020880B500AF064B1B68002B04D012
:10AAF000044B1B681A6D01321A65024B1B68180063
:10AB0000BD4680BDCCA1012080B584B000AF786087
:10AB10003960FDF785FE1C4B1B689B6D002B0ED129
:10AB2000194B1B685C22012199543B68002B06D00D
:10AB30003B680121180000F04BF9FDF761FEFDF7BD
:10AB400081FEFDF76DFE104B1B689B6DFB60FB6883
:10AB5000002B0CD07B68002B04D00B4B1B68002211
:10AB60009A6504E0084B1B68FA68013A9A65064B3F
:10AB70001B685C2200219954FDF764FEFB681800F5
:10AB8000BD4604B080BDC046CCA1012080B588B0D0
:10AB900000AFF860B9603B60FB1D1A700123FB61D8
:10ABA000FB68BB61FDF73CFE3B68002B03D0BB6933
:10ABB0009A6D3B681A601723FB18BA695C21525CD6
:10ABC0001A70BB695C2202219954FB1D1B78042B6F
:10ABD00021D89A002A4BD3181B689F46BB699A6DEF
:10ABE000BB681A43BB699A6518E0BB699B6D5A1C28
:10ABF000BB699A6512E0BB69BA689A650EE01723D3
:10AC0000FB181B78022B03D0BB69BA689A6505E074
:10AC10000023FB6102E0C04600E0C0461723FB189A
:10AC20001B78012B25D1BB6904331800FDF73CFDCF
:10AC3000BB69DA6A134B1B689A4203D9BB69DA6AAB
:10AC4000104B1A60BB69DA6A13009B009B189B00CB
:10AC50000D4A9A18BB69043319001000FDF7CCFCAB
:10AC6000BB69DA6A094B1B68DB6A9A4201D9FDF7B6
:10AC7000C7FDFDF7E7FDFB691800BD4608B080BDC4
:10AC8000E8B70208D4A20120D0A10120CCA1012064
:10AC900080B588B000AFF860B9603B60FB1D1A70EA
:10ACA0000123FB61FB68BB61FDF7DEFD03007B61F7
:10ACB0003B68002B03D0BB699A6D3B681A60132375
:10ACC000FB18BA695C21525C1A70BB695C220221D4
:10ACD0009954FB1D1B78042B21D89A00354BD318AF
:10ACE0001B689F46BB699A6DBB681A43BB699A652E
:10ACF00018E0BB699B6D5A1CBB699A6512E0BB6981
:10AD0000BA689A650EE01323FB181B78022B03D058
:10AD1000BB69BA689A6505E00023FB6102E0C046A2
:10AD200000E0C0461323FB181B78012B39D1224BBE
:10AD30001B68002B1DD1BB6904331800FDF7B4FC60
:10AD4000BB69DA6A1D4B1B689A4203D9BB69DA6A90
:10AD50001A4B1A60BB69DA6A13009B009B189B00B0
:10AD6000174A9A18BB69043319001000FDF744FC18
:10AD700007E0BB6918331A00124B11001800FDF7E9
:10AD80003BFCBB69DA6A104B1B68DB6A9A4208D944
:10AD9000BB6A002B02D0BB6A01221A600B4B012256
:10ADA0001A607B691800FDF765FDFB691800BD4658
:10ADB00008B080BDFCB70208F4A20120D4A2012093
:10ADC000D0A101208CA20120CCA10120E0A2012071
:10ADD00080B584B000AF78603960214B1B68FB60A0
:10ADE000204B1B6804331800FDF75EFC7B680133C1
:10ADF0000BD13B68002B08D01A4B1B681A1D1A4B4D
:10AE000011001800FDF7F8FB26E0FA687B68D318FC
:10AE1000BB60144B1B68BA685A60BA68FB689A42F8
:10AE200009D2124B1A680F4B1B680433190010002B
:10AE3000FDF704FC10E00E4B1A680A4B1B68043344
:10AE400019001000FDF7FAFB0A4B1B68BA689A421A
:10AE500002D2084BBA681A60C046BD4604B080BD35
:10AE6000D0A20120CCA10120B8A2012088A20120FB
:10AE700084A20120ECA2012080B584B002AF00239F
:10AE80007B6000F0E3FA0A4B1B68002B0BD0094AE9
:10AE900009490A480A4B0193032300930023FEF754
:10AEA00000FC03007B607B681800BD4602B080BDDB
:10AEB00030A30120C409000010B8020871B00108D5
:10AEC00034A3012090B589B002AFF860B9607A6010
:10AED0003B602C20FDF734FD03007B617B69002B78
:10AEE0000ED07B692822002199543C687A68B968A1
:10AEF000F8687B690193BB6A0093230000F005F8B2
:10AF00007B691800BD4607B090BD80B584B000AF26
:10AF1000F860B9607A603B60FB69002B1ED000F0DE
:10AF200095FAFB69FA681A60FB69BA689A61FB696D
:10AF30003A68DA61FB69BA691A62FB69043318007E
:10AF4000FDF74FFB7B68002B08D0FB6928229B5C38
:10AF500004221343D9B2FB6928229954C046BD4646
:10AF600004B080BD90B58BB000AFF860B9607A6076
:10AF70003B6000237B621D4B1B68002B30D01424E8
:10AF80003B19BA681A603B197A685A603B19FA682B
:10AF90009A60BB68052B19DCFFF718FB0300022B36
:10AFA00009D1124B1868BA6B39190023FDF717FF46
:10AFB00003007B6214E00D4B18681423F91800237A
:10AFC0000022FDF70CFF03007B6209E0074B1868C5
:10AFD0003A681423F9180023FDF796FF03007B62FB
:10AFE0007B6A1800BD460BB090BDC04630A301205F
:10AFF00080B586B002AF786039601C4B1B68DB6897
:10B00000DB68FB60FB6804331800FDF74DFBFB6851
:10B0100028229B5C1A000423134015D0FB689A6910
:10B020007B68D1187B683A68F86800F0BFF8031EA7
:10B0300013D07A68F8680023009300230021FFF7FB
:10B0400091FF0300BB6008E0FB6828229B5C0122A3
:10B050009343D9B2FB6828229954FB681B6AFA68AB
:10B0600010009847C046BD4604B080BD28A301200B
:10B0700080B584B000AF78600823FB18180000F09A
:10B0800053F80300FB60BA68FB681100180000F079
:10B0900003F800F0CDF8EFE780B584B000AF78603A
:10B0A0003960FEF797FD0823FB18180000F05EF8E2
:10B0B0000300FB60BB68002B2BD13B68002B0CD13D
:10B0C0007A68FB689A4208D8FEF790FDFA687B68B8
:10B0D00011001800FFF78CFF1DE03B68002B08D023
:10B0E0000F4B1B681B68002B01D1012300E00023DC
:10B0F0003B600C4B18687A68FB68D31A3A681900F1
:10B10000FEF79CFAFEF772FD031E04D1FDF778FBF3
:10B1100001E0FEF76BFDC046BD4604B080BDC046F1
:10B120002CA3012030A3012080B584B000AF78604B
:10B130000D4B1B681B68002B01D1012200E000228F
:10B140007B681A607B681B68002B05D1064B1B6867
:10B15000DB681B68FB6001E00023FB60FB681800F4
:10B16000BD4604B080BDC04628A3012080B584B090
:10B1700000AF7860FEF7C0FD0300FB600A4B1B6860
:10B18000FA689A4205D200F009F97B6801221A6038
:10B1900002E07B6800221A60034BFA681A60FB68C1
:10B1A0001800BD4604B080BD38A3012080B586B02C
:10B1B00000AFF860B9607A603B6000237B61FB6898
:10B1C000BA685A60FB68FA681A61BA687B689A4282
:10B1D00012D87A683B68D21AFB689B699A4202D3FC
:10B1E00001237B611BE0104B1A68FB6804331900D4
:10B1F0001000FDF723FA12E07A683B689A4206D203
:10B20000BA683B689A4202D301237B6107E0074B8F
:10B210001A68FB68043319001000FDF70FFA7B6908
:10B220001800BD4606B080BD2CA3012028A3012034
:10B2300090B58DB002AF9CE00822BB181B68002BB4
:10B240000ADABB1804337B627B6A1A687B6A586827
:10B250007B6A9B68190090470822BB181B68002B6B
:10B2600000DA86E0BB189B683B623B6A5B69002B97
:10B2700004D03B6A04331800FDF716FA3B1D180092
:10B28000FFF774FF0300FB610823FB181B68092B01
:10B290006ED89A003F4BD3181B689F463B6A282202
:10B2A0009B5C01221343D9B23B6A2822995408249B
:10B2B0003B195A683B6A9B69D1183B195B68FA696C
:10B2C000386AFFF773FF031E53D03B6A1B6A3A6A62
:10B2D000100098473B6A28229B5C1A000423134005
:10B2E00047D03B195A683B6A9B69D218386A0023D9
:10B2F000009300230021FFF735FE0300BB6138E017
:10B300003B6A28229B5C01229343D9B23B6A2822E4
:10B3100099542EE03B6A28229B5C01221343D9B248
:10B320003B6A282299540823FB185A683B6A9A61A1
:10B330003B6A9A69FB69D118FB69FA69386AFFF7B9
:10B3400035FF16E03B6A28229B5C1A00022313405B
:10B3500004D13B6A1800FDF793FB0AE03B6A282200
:10B360009B5C01229343D9B23B6A2822995400E0A6
:10B37000C046094B1B680822B91800221800FDF7C7
:10B3800061FE031E00D057E7C046C046BD460BB065
:10B3900090BDC04618B8020830A3012080B588B01F
:10B3A00002AF3CE0274B1B68DB681B683B61254B09
:10B3B0001B68DB68DB68FB60FB6804331800FDF783
:10B3C00073F9FB681B6AFA6810009847FB6828222B
:10B3D0009B5C1A000423134021D0FB689B693A69E7
:10B3E000D318BB60BA683B699A420ED9FB68BA6849
:10B3F0005A60FB68FA681A61124B1A68FB680433DA
:10B4000019001000FDF71AF909E03A69F8680023FD
:10B41000009300230021FFF7A5FD03007B60094B8B
:10B420001B681B68002BBDD1064B1B687B61064B5C
:10B430001A68044B1A60044B7A691A60C046BD460C
:10B4400006B080BD28A301202CA3012080B500AF49
:10B45000FDF7E6F9144B1B68002B20D1134B1800A5
:10B46000FDF7A1F8124B1800FDF79DF8114B0F4A9C
:10B470001A60114B0E4A1A60002210210420FDF7B9
:10B4800046FC0200084B1A60074B1B68002B06D0D5
:10B49000054B1B68094A11001800FEF7A7F8FDF7D5
:10B4A000D1F9C046BD4680BD30A3012000A30120D4
:10B4B00014A3012028A301202CA3012040B80208D6
:10B4C00080B584B000AF78607B68FB60FDF7A8F9B9
:10B4D000FB68DB69BB60FDF7B5F9BB681800BD46CA
:10B4E00004B080BD80B582B000AFFB1D00221A7091
:10B4F0000B4B1A680A4B802149000A431A6003204B
:10B5000000F010F8031E03D0FB1D01221A7001E0A9
:10B5100002F0D3FAFB1D1B781800BD4602B080BDB7
:10B520000020024090B585B000AF78600F23FB1873
:10B5300000221A701D4B1B78002B2BD01C4B1C6853
:10B540001A4B1B781900FA239800E4F703FE030056
:10B5500019002000E4F7FEFD0300180001F0C1F817
:10B56000031E12D17B68032B0AD8796801235B4242
:10B570000022180001F080F80E4B7A681A600DE086
:10B580000F23FB1801221A7008E00F23FB18012279
:10B590001A7003E00F23FB1801221A700F23FB1807
:10B5A0001B781800BD4605B090BDC046F4010020D0
:10B5B000DC010020F001002080B500AF054B1B78B6
:10B5C0001A00054B1B68D218034B1A60C046BD46D3
:10B5D00080BDC046F40100203CA3012080B500AF2F
:10B5E000024B1B681800BD4680BDC0463CA301202D
:10B5F00080B584B000AF7860FFF7F0FF0300BB6058
:10B600007B68FB60FB68013305D00A4B1B781A008E
:10B61000FB689B18FB60C046FFF7E0FF0200BB68B9
:10B62000D31AFA689A42F7D8C046C046BD4604B05D
:10B6300080BDC046F401002080B500AF034B1B68FD
:10B640001B0C1B041B0C1800BD4680BD005801409C
:10B6500080B500AF034B1B681B051B0D1800BD46D2
:10B6600080BDC0460058014080B582B000AF786010
:10B6700039607B681B68054A1A403B681A437B683F
:10B680001A60C046BD4602B080BDC046FFFF3FFE07
:10B6900080B582B000AF78607B681A68E0235B04F5
:10B6A00013401800BD4602B080BD80B584B000AF25
:10B6B000F860B9607A60FB685B69BA6804210A4087
:10B6C000072191400A00D2431A40BB6804210B4075
:10B6D000796899400B001A43FB685A61C046BD4621
:10B6E00004B080BD80B582B000AF786039607B68FF
:10B6F0005B693A6804210A40072191400A001A4018
:10B700003B6804210B40DA4013001800BD4602B02C
:10B7100080BD80B582B000AF78607B68DA68C023F6
:10B720001B01134001D1012300E000231800BD4696
:10B7300002B080BD80B584B000AFF860B9607A60B7
:10B74000FB689B6ABA681F210A400F2191400A00DA
:10B75000D2431A407B689B0E0F211940BB681F2003
:10B76000034099400B001A43FB689A62C046BD46ED
:10B7700004B080BD80B582B000AF786039607B686E
:10B780009A6A3B685B035B0B1A437B689A62C0460C
:10B79000BD4602B080BD80B582B000AF7860396030
:10B7A0007B689B6A3A685203520BD2431A407B680B
:10B7B0009A62C046BD4602B080BD000080B584B02C
:10B7C00000AFF860B9607A60FB685B69BA68120222
:10B7D000D2431A40BB681B0279680B4004490B40F6
:10B7E0001A43FB685A61C046BD4604B080BDC046DE
:10B7F00000FFFF0780B582B000AF78607B689B6870
:10B80000054A1340802252051A437B689A60C0465D
:10B81000BD4602B080BDC046E8FFFF6F80B582B074
:10B8200000AF78607B689A6880235B051A408023AC
:10B830005B059A4201D1012300E000231800BD46B8
:10B8400002B080BD80B582B000AF78607B689B6835
:10B85000044A134001221A437B689A60C046BD46E1
:10B8600002B080BDE8FFFF7F80B582B000AF786096
:10B870007B689B68044A134002221A437B689A60E3
:10B88000C046BD4602B080BDE8FFFF7F80B582B0F4
:10B8900000AF78607B689B6801221340012B01D1C7
:10B8A000012300E000231800BD4602B080BD80B532
:10B8B00082B000AF78607B689B6802221340022B45
:10B8C00001D1012300E000231800BD4602B080BD75
:10B8D00080B582B000AF78607B689B68044A1340F3
:10B8E00004221A437B689A60C046BD4602B080BD00
:10B8F000E8FFFF7F80B582B000AF78607B689B680F
:10B90000044A134010221A437B689A60C046BD4621
:10B9100002B080BDE8FFFF7F80B582B000AF7860E5
:10B920007B689B6804221340042B01D1012300E0B3
:10B9300000231800BD4602B080BD000080B588B06D
:10B9400000AF78601F23FB1800221A700023BB6130
:10B9500000237B610023FB607B68002B01D1012366
:10B960007FE17B689B6D002B0AD17B681800FAF79A
:10B9700001FE7B680022DA657B685422002199541D
:10B980007B681B681800FFF749FF031E15D17B6811
:10B990001B681800FFF72EFFB44B1B68B449180052
:10B9A000E4F7D8FB030001335B00FB6002E0FB68B7
:10B9B000013BFB60FB68002BF9D17B681B6818001A
:10B9C000FFF72CFF031E0FD17B689B6D10221A43DB
:10B9D0007B689A657B68DB6D01221A437B68DA65B8
:10B9E0001F23FB1801221A707B681B681800FFF7E1
:10B9F00093FF03003B617B689B6D1022134000D0D6
:10BA000022E13B69002B00D01EE17B689B6D994AC7
:10BA1000134002221A437B689A657B681B681800F2
:10BA2000FFF734FF031E00D0ADE07B689A687B68A7
:10BA30001B7E9B031A437B685B7EDB031A437B6898
:10BA40009B7E5B031A437B681B6B002B02D0802319
:10BA50005B0100E000231A437B68DB681A437B68C4
:10BA60001B69002B04DA7B681B695B005B0801E043
:10BA700080239B031A437B682C215B5C5B00134390
:10BA8000BA691343BB617B6820229B5C012B15D1F3
:10BA90007B689B7E002B05D1BB6980225202134339
:10BAA000BB610BE07B689B6D20221A437B689A6523
:10BAB0007B68DB6D01221A437B68DA657B685B6A11
:10BAC000002B0AD07B685A6AE0235B001A407B682F
:10BAD0009B6A1343BA691343BB617B681B68DB68CD
:10BAE000654A134019007B681B68BA690A43DA602B
:10BAF0007B685B689B0F9A077B68DB6C13437A69F2
:10BB000013437B617B683C229B5C012B11D17B68DA
:10BB10005B689B0F9A077B681B6C1A437B685B6CA6
:10BB20001A437B689B6C1A437B69134301221343BE
:10BB30007B617B681B681B69504A134019007B6856
:10BB40001B687A690A431A617B685A68C0231B061E
:10BB50009A4218D07B685A688023DB059A4212D03B
:10BB60007B685A6880231B069A420CD0444B1B68A2
:10BB7000444A134019007B685A68F0239B031A401B
:10BB80003F4B0A431A607B6818687B685B6B1A003E
:10BB90000021FFF78AFD7B6818687B689B6B3A4938
:10BBA0001A00FFF782FD7B681B69002B09D17B68B7
:10BBB0001B689A6A7B681B68102149420A439A6293
:10BBC00018E07B681A6980239B039A4212D17B6834
:10BBD0001B689B6A7B68DB69013B9B001C2213404E
:10BBE000102252429A4011007B681A6E7B681B68D3
:10BBF0000A439A627B681B6800211800FFF772FDF8
:10BC000002007B685B6B9A420BD17B680022DA658D
:10BC10007B689B6D0322934301221A437B689A65DC
:10BC20001CE07B689B6D1222934310221A437B68B1
:10BC30009A657B68DB6D01221A437B68DA651F23F6
:10BC4000FB1801221A7009E07B689B6D10221A43D1
:10BC50007B689A651F23FB1801221A701F23FB18AB
:10BC60001B781800BD4608B080BDC046DC0100202E
:10BC7000400D0300FDFEFFFF0102FEFF02FCFF1F5F
:10BC800008270140FFFFC3FF04FFFF07B0B584B0E2
:10BC900000AF78607B681B681800FFF73DFE031E4D
:10BCA00035D17B6854229B5C012B01D1022335E006
:10BCB0007B685422012199540F257C197B68180058
:10BCC00000F028FB030023707B191B78002B19D18F
:10BCD0007B689B6D134A1340802252001A437B6895
:10BCE0009A657B680022DA657B681B681C221A60F3
:10BCF0007B685422002199547B681B681800FFF769
:10BD0000E7FD08E07B6854220021995403E00F23EB
:10BD1000FB1802221A700F23FB181B781800BD466F
:10BD200004B0B0BDFEF0FFFFB0B584B000AF7860E6
:10BD30007B6854229B5C012B01D1022329E07B68A4
:10BD40005422012199540F257C197B68180000F0BA
:10BD50009FFA030023707B191B78002B12D17C19EA
:10BD60007B68180000F05CFB030023707B191B78D4
:10BD7000002B07D17B689B6D084A134001221A43B0
:10BD80007B689A657B685422002199540F23FB1825
:10BD90001B781800BD4604B0B0BDC046FEFEFFFFD4
:10BDA00080B584B000AF786039607B685B69082B30
:10BDB00002D10823FB600FE07B681B68DB6801226F
:10BDC000134007D07B689B6D20221A437B689A65DD
:10BDD000012372E00423FB60FFF700FC0300BB605B
:10BDE0001FE03B6801331CD0FFF7F8FB0200BB6883
:10BDF000D31A3A689A4202D33B68002B11D17B6870
:10BE00001B681B68FA6813400BD17B689B6D04228A
:10BE10001A437B689A657B68542200219954032356
:10BE20004BE07B681B681B68FA681340D9D07B68BD
:10BE30009B6D802292001A437B689A657B681B6821
:10BE40001800FFF766FC031E2ED07B689B7E002B3C
:10BE50002AD17B681B681B6808221340082B23D15A
:10BE60007B681B681800FFF757FD031E10D17B6825
:10BE70001B685A687B681B680C218A435A607B6880
:10BE80009B6D104A134001221A437B689A650BE0B0
:10BE90007B689B6D20221A437B689A657B68DB6D0B
:10BEA00001221A437B68DA657B681B7E002B03D175
:10BEB0007B681B680C221A6000231800BD4604B082
:10BEC00080BDC046FEFEFFFF80B582B000AF786047
:10BED0007B681B681B6C1800BD4602B080BD00006B
:10BEE00080B586B000AF786039601723FB18002258
:10BEF0001A700023FB607B6854229B5C012B01D1EC
:10BF00000223C0E17B685422012199547B681B689D
:10BF10001800FFF701FD031E00D0A3E13B685B683A
:10BF2000022B00D143E17B681A6980231B069A42E9
:10BF300004D07B681B69C14A934208D17B681A68A8
:10BF40003B681B6819001000FFF714FCC9E07B6810
:10BF50001A6E3B685B681F210B400F2199400B0054
:10BF6000DB43134019003B681B685B035B0B05D187
:10BF70003B681B689B0E1F22134098E03B681B68C0
:10BF80000122134000D091E03B681B68022213405D
:10BF900000D089E03B681B680422134000D081E098
:10BFA0003B681B680822134000D079E03B681B689F
:10BFB0001022134000D071E03B681B682022134020
:10BFC00000D069E03B681B684022134000D061E06C
:10BFD0003B681B688022134000D059E03B681A6818
:10BFE00080235B00134051D13B681A6880239B007B
:10BFF000134049D13B681A688023DB00134041D1CC
:10C000003B681A6880231B01134039D13B681A68CA
:10C0100080235B01134031D13B681A6880239B0168
:10C02000134029D13B681A688023DB01134021D1DA
:10C030003B681A6880231B02134019D13B681A68B9
:10C0400080235B02134011D13B681A6880239B0256
:10C05000134009D13B681A688023DB02134001D0EA
:10C06000122324E0002322E0112320E010231EE00D
:10C070000F231CE00E231AE00D2318E00C2316E01A
:10C080000B2314E00A2312E0092310E008230EE03A
:10C0900007230CE006230AE0052308E0042306E05A
:10C0A000032304E0022302E0012300E000233A68B6
:10C0B00052681F20024093400A001A437B681A66A8
:10C0C0003B685B689B085A1C7B68DB699A4208D80E
:10C0D0007B6818683B6859683B681B681A00FFF763
:10C0E00029FB7B6818683B6819683B689B681A00E5
:10C0F000FFF764FB3B681B68002B00DBBCE0504B88
:10C100001800FFF7C5FA03003B613B681B684D4A06
:10C11000934222D13A6980231B0413401DD13B690D
:10C12000802212041343464A19001000FFF79CFABC
:10C13000454B1B6845491800E4F70CF803005A1CEE
:10C1400013005B009B189B00FB6002E0FB68013B57
:10C15000FB60FB68002BF9D18EE03B681B683C4A12
:10C1600093420ED13A6980235B04134009D13B69A5
:10C17000802252041343324A19001000FFF774FA68
:10C180007AE03B681B68334A934200D074E03A6916
:10C190008023DB03134000D06EE03B698022D20392
:10C1A0001343274A19001000FFF75EFA64E07B682A
:10C1B0001A6980231B069A4204D07B681B691F4AB8
:10C1C000934207D17B681A683B681B68190010000E
:10C1D000FFF7E1FA3B681B68002B4DDA184B18009B
:10C1E000FFF756FA03003B613B681B68154A934210
:10C1F00008D13B69184A1340114A19001000FFF793
:10C2000033FA39E03B681B68114A934208D13B6915
:10C21000124A13400A4A19001000FFF725FA2BE0D2
:10C220003B681B680B4A934226D13B690C4A13407A
:10C23000034A19001000FFF717FA1DE00400008000
:10C2400008270140001000B0DC010020400D030071
:10C25000004000B8002000B4FFFF7FFFFFFFFFFE9B
:10C26000FFFFBFFF7B689B6D20221A437B689A65A6
:10C270001723FB1801221A707B685422002199545D
:10C280001723FB181B781800BD4606B080BDC046BA
:10C2900080B584B000AF78607B681B681800FFF73A
:10C2A0003BFB031E31D07B681B681800FFF7FFFAC9
:10C2B000031E04D17B681B681800FFF71BFBFFF708
:10C2C0008DF90300FB601AE0FFF788F90200FB68B4
:10C2D000D31A022B13D97B681B689B680422134076
:10C2E0000DD07B689B6D10221A437B689A657B6832
:10C2F000DB6D01221A437B68DA65012306E07B6867
:10C300001B689B6804221340DED100231800BD4641
:10C3100004B080BD80B584B000AF78600023BB60FE
:10C320007B681B681800FFF7B1FA031E00D069E0B4
:10C330007B681B689B68364A13400DD07B689B6DF9
:10C3400010221A437B689A657B68DB6D01221A43D1
:10C350007B68DA65012356E07B681B681800FFF7ED
:10C3600071FA2C4B1800FFF793F9020080231B048D
:10C3700013400FD0284B1B6828491800E3F7EAFE4A
:10C3800003000133BB6002E0BB68013BBB60BB68DC
:10C39000002BF9D17B685B7E012B33D0FFF71EF9B0
:10C3A0000300FB6027E07B681B681800FFF76EFA4C
:10C3B000031E04D17B681B681800FFF743FAFFF7E0
:10C3C0000DF90200FB68D31A022B14D97B681B6895
:10C3D0001B6801221340012B0DD07B689B6D10223E
:10C3E0001A437B689A657B68DB6D01221A437B6880
:10C3F000DA65012307E07B681B681B680122134094
:10C40000012BD0D100231800BD4604B080BDC0462A
:10C410001700008008270140DC010020400D0300C8
:10C4200080B584B000AF78607B681B681800FFF7A8
:10C430003EFA0300FB607B681B681800FFF726FAD2
:10C44000031E46D0FB68002B43D17B681B689B68AA
:10C4500005221340012B0DD17B681B681800FFF7E4
:10C4600003FA7B681B6803221A60FFF7B7F8030022
:10C47000BB6028E07B689B6D10221A437B689A653D
:10C480007B68DB6D01221A437B68DA65012321E0BA
:10C49000FFF7A4F80200BB68D31A022B13D97B68FC
:10C4A0001B689B68012213400DD07B689B6D102296
:10C4B0001A437B689A657B68DB6D01221A437B68AF
:10C4C000DA65012306E07B681B689B680122134044
:10C4D000DED100231800BD4604B080BD80B582B017
:10C4E00000AF0200FB1D1A70FB1D1B787F2B09D8C3
:10C4F000FB1D1B781A001F231A40044B0121914099
:10C500000A001A60C046BD4602B080BD00E100E0EE
:10C5100080B582B000AF0200FB1D1A70FB1D1B78B6
:10C520007F2B10D8FB1D1B781A001F2313400849CE
:10C5300001229A40130080228B50BFF34F8FC046D8
:10C54000BFF36F8FC046C046BD4602B080BDC04637
:10C5500000E100E090B583B000AF02003960FB1D40
:10C560001A70FB1D1B787F2B28D82F4AFB1D1B78C8
:10C570005BB29B08C0339B009B58FA1D12781100D8
:10C5800003220A40D200FF2191400A00D2431A4000
:10C5900011003B689B01FF221A40FB1D1B7818000D
:10C5A00003230340DB009A401F48FB1D1B785BB24E
:10C5B0009B080A43C0339B001A5031E01B4AFB1D05
:10C5C0001B7819000F230B40083B9B0806339B0088
:10C5D000D31804331B68FA1D1278110003220A4095
:10C5E000D200FF2191400A00D2431A4011003B685B
:10C5F0009B01FF221A40FB1D1B78180003230340F8
:10C60000DB009A400948FB1D1B781C000F232340C8
:10C61000083B9B080A4306339B00C31804331A6087
:10C62000C046BD4603B090BD00E100E000ED00E073
:10C6300080B582B000AF78607B685A1E80235B04AF
:10C640009A4201D3012310E00A4B7A68013A5A60FA
:10C6500001235B4203211800FFF77CFF054B0022FA
:10C660009A60044B07221A6000231800BD4602B0EE
:10C6700080BDC04610E000E080B584B000AFB96076
:10C680007A600F217B18021C1A70BA687B181B781D
:10C690005BB211001800FFF75DFFC046BD4604B055
:10C6A00080BD80B582B000AF0200FB1D1A70FB1D7B
:10C6B0001B785BB21800FFF711FFC046BD4602B001
:10C6C00080BD80B582B000AF0200FB1D1A70FB1D5B
:10C6D0001B785BB21800FFF71BFFC046BD4602B0D7
:10C6E00080BD80B582B000AF78607B681800FFF72E
:10C6F0009FFF03001800BD4602B080BD80B582B028
:10C7000000AF78607B68042B06D1084B1A68074B92
:10C7100004210A431A6005E0044B1A68034B042104
:10C720008A431A60C046BD4602B080BD10E000E0FA
:10C7300080B582B000AF78607B68002B01D1012307
:10C7400056E07B685B7FDBB2002B06D17B68002262
:10C750001A777B681800F7F71BFB7B6802225A7771
:10C760007B681B79002B0CD17B681B68224A5A61BD
:10C770007B681B689A687B681B6818218A439A60EB
:10C780000BE07B6899687B68DA687B68180000F0CA
:10C7900093F9031E01D001232AE07B685B79002B0B
:10C7A00005D17B681B68012252421A6104E07B6854
:10C7B0001B687A6812691A617B681B689B68602233
:10C7C000934319007B685A697B681B680A439A6027
:10C7D0007B681B689B688022934319007B689A6979
:10C7E0007B681B680A439A607B6801225A770023A2
:10C7F0001800BD4602B080BDB71DC10480B586B02B
:10C8000000AFF860B9607A6000233B61FB680222E8
:10C810005A77FB681B6A032B05D02DD8012B19D042
:10C82000022B20D028E000237B610AE07B699B007B
:10C83000BA68D218FB681B6812681A607B690133FA
:10C840007B617A697B689A42F0D3FB681B681B683E
:10C850003B6112E07A68B968FB68180000F064F880
:10C8600003003B6109E07A68B968FB68180000F0D2
:10C87000ECF803003B6100E0C046FB6801225A77F8
:10C880003B691800BD4606B080BD80B586B000AFDC
:10C89000F860B9607A6000233B61FB6802225A7736
:10C8A000FB681B689A68FB681B6801210A439A6051
:10C8B000FB681B6A032B05D02DD8012B19D0022B46
:10C8C00020D028E000237B610AE07B699B00BA68E6
:10C8D000D218FB681B6812681A607B6901337B61A0
:10C8E0007A697B689A42F0D3FB681B681B683B61DE
:10C8F00012E07A68B968FB68180000F015F80300C8
:10C900003B6109E07A68B968FB68180000F09DF89F
:10C9100003003B6100E0C046FB6801225A773B6997
:10C920001800BD4606B080BD80B588B000AFF86085
:10C93000B9607A600023FB6123E0FB699B00BA6861
:10C94000D3181B781A06FB699B000133B968CB1812
:10C950001B781B041A43FB699B000233B968CB1890
:10C960001B781B021A43FB699B000333B968CB1881
:10C970001B781900FB681B680A431A60FB690133C6
:10C98000FB617B689B08FA699A42D6D37B680322D5
:10C99000134053D07B6803221340012B07D1FB695E
:10C9A0009B00BA68D218FB681B6812781A707B6803
:10C9B00003221340022B19D1FB699B00BA68D318DC
:10C9C0001B781B021AB2FB699B000133B968CB18B4
:10C9D0001B781BB213431AB21A217B181A80FB680A
:10C9E0001B687B617B697A1812881A807B68032236
:10C9F0001340032B22D1FB699B00BA68D3181B7824
:10CA00001B021AB2FB699B000133B968CB181B7873
:10CA10001BB213431AB21A217B181A80FB681B68D9
:10CA20007B617B697A1812881A80FB699B0002334C
:10CA3000BA68D218FB681B6812781A70FB681B680A
:10CA40001B681800BD4608B080BD80B586B000AF39
:10CA5000F860B9607A6000237B6113E07B699B001A
:10CA6000BA68D3181B881A047B699B000233B96823
:10CA7000CB181B881900FB681B680A431A607B6986
:10CA800001337B617B685B087A699A42E6D37B68F5
:10CA90000122134009D0FB681B683B617B699B0046
:10CAA000BA68D3181A883B691A80FB681B681B6830
:10CAB0001800BD4606B080BD80B586B000AFF860F6
:10CAC000B9607A601723FB1800221A701F233B619C
:10CAD000C0463B695A1E3A61002B08D03B691F22B1
:10CAE0001340BA68DA40130001221340F1D07B688A
:10CAF000182B0FD07B68182B24D87B68102B11D0F3
:10CB00007B68102B1ED87B68002B20D07B68082BFD
:10CB100010D017E03B69062B1BD91723FB18012205
:10CB20001A7016E03B69072B15D91723FB18012251
:10CB30001A7010E03B690F2B0FD91723FB18012245
:10CB40001A700AE01723FB1801221A7006E0C0468B
:10CB500004E0C04602E0C04600E0C0461723FB18D0
:10CB60001B78002B0ED1FB681B68BA685A61FB6802
:10CB70001B689B68182293431900FB681B687A683E
:10CB80000A439A601723FB181B781800BD4606B0AD
:10CB900080BD000080B582B000AF78607B68002B5C
:10CBA00001D1012391E07B681B681A00494B9A422E
:10CBB00010D87B681B68484A9446634414211800C7
:10CBC000E3F7C8FA03009A007B685A647B68434A1B
:10CBD0001A640FE07B681B68414A94466344142141
:10CBE0001800E3F7B7FA03009A007B685A647B6881
:10CBF0003C4A1A647B682522022199547B681B6891
:10CC00001A687B681B6838490A401A607B681B6891
:10CC100019687B689A687B68DB681A437B681B69C4
:10CC20001A437B685B691A437B689B691A437B687C
:10CC3000DB691A437B681B6A1A437B681B680A43DB
:10CC40001A607B68180000F0E5F97B689A68802319
:10CC5000DB019A4202D17B6800225A607B685A68E5
:10CC60007B689B6C7F210A401A607B68DB6C7A686A
:10CC7000126D5A607B685B68002B11D07B685B6823
:10CC8000042B0DD87B68180000F00EFA7B685B6DF2
:10CC900000221A607B689B6D7A68D26D5A6008E04A
:10CCA0007B6800225A657B6800229A657B680022B7
:10CCB000DA657B680022DA637B68252201219954BA
:10CCC0007B6824220021995400231800BD4602B03D
:10CCD00080BDC04607040240F8FFFDBF00000240CF
:10CCE000F8FBFDBF000402400F80FFFF80B586B057
:10CCF00000AFF860B9607A603B601723FB18002230
:10CD00001A70FB6824229B5C012B01D102236FE087
:10CD1000FB68242201219954FB6825229B5CDBB22D
:10CD2000012B57D1FB68252202219954FB68002270
:10CD3000DA63FB681B681A68FB681B6801218A4379
:10CD40001A603B687A68B968F86800F027F9FB68F0
:10CD50001B6B002B08D0FB681B681A68FB681B68FC
:10CD60000E210A431A600FE0FB681B681A68FB6813
:10CD70001B6804218A431A60FB681B681A68FB68F9
:10CD80001B680A210A431A60FB689B6C1A6880239F
:10CD90005B02134008D0FB689B6C1A68FB689B6CB5
:10CDA000802149000A431A60FB685B6D002B08D0A4
:10CDB000FB685B6D1A68FB685B6D802149000A4364
:10CDC0001A60FB681B681A68FB681B6801210A432C
:10CDD0001A600AE0FB688022DA63FB6824220021E3
:10CDE00099541723FB1801221A701723FB181B787C
:10CDF0001800BD4606B080BD80B582B000AF786037
:10CE00007B68002B01D101234FE07B6825229B5CCE
:10CE1000DBB2022B08D07B680422DA637B68242211
:10CE200000219954012340E07B681B681A687B68E5
:10CE30001B680E218A431A607B689B6C1A687B68AA
:10CE40009B6C1C490A401A607B681B681A687B68E7
:10CE50001B6801218A431A607B685B6C1C221A40A4
:10CE60007B681B6C012191400A005A607B68DB6C77
:10CE70007A68126D5A607B685B6D002B0CD07B6802
:10CE80005B6D1A687B685B6D0A490A401A607B68B3
:10CE90009B6D7A68D26D5A607B6825220121995476
:10CEA0007B6824220021995400231800BD4602B05B
:10CEB00080BDC046FFFEFFFF80B584B000AF786044
:10CEC0000F217B1800221A707B6825229B5CDBB245
:10CED000022B06D07B680422DA637B1801221A70C9
:10CEE00048E07B681B681A687B681B680E218A43D0
:10CEF0001A607B681B681A687B681B6801218A437B
:10CF00001A607B689B6C1A687B689B6C1D490A40A1
:10CF10001A607B685B6C1C221A407B681B6C0121C9
:10CF200091400A005A607B68DB6C7A68126D5A6027
:10CF30007B685B6D002B0CD07B685B6D1A687B682F
:10CF40005B6D10490A401A607B689B6D7A68D26DF0
:10CF50005A607B682522012199547B682422002194
:10CF600099547B689B6B002B04D07B689B6B7A6821
:10CF7000100098470F23FB181B781800BD4604B01B
:10CF800080BDC046FFFEFFFF80B582B000AF786075
:10CF90007B68DB6B1800BD4602B080BD80B584B0F5
:10CFA00000AFF860B9607A603B60FB68DB6CFA68E0
:10CFB000126D5A60FB685B6D002B04D0FB689B6DA3
:10CFC000FA68D26D5A60FB685B6C1C221A40FB68E1
:10CFD0001B6C012191400A005A60FB681B683A688B
:10CFE0005A60FB689B68102B08D1FB681B687A6845
:10CFF0009A60FB681B68BA68DA6007E0FB681B6828
:10D00000BA689A60FB681B687A68DA60C046BD46F9
:10D0100004B080BD80B584B000AF78607B681B68C9
:10D020001A001D4B9A4214D87B685B6C9B089B00CE
:10D030001A4A9A187B689A647B681B681A00FF2357
:10D040001340083B14211800E3F784F80300FB6049
:10D0500014E07B685B6C9B089B00114A9A187B6804
:10D060009A647B681B681A00FF231340083B142155
:10D070001800E3F76FF803000733FB607B68094A89
:10D08000DA64FB681F22134001229A407B681A650C
:10D09000C046BD4604B080BD0704024000080240FF
:10D0A0001C0802408008024080B584B000AF786060
:10D0B0007B685B687F221340FB60FB680A4A9446EA
:10D0C00063449B001A007B685A657B68074A9A652F
:10D0D000FB68013B0322134001229A407B68DA651A
:10D0E000C046BD4604B080BD3F82001040090240EA
:10D0F000B0B586B000AFF860B9603A607B60214B94
:10D100001B78012B01D1022338E01E4B01221A703B
:10D110001C4B00225A6017257C19FA239B0018002B
:10D1200000F074F8030023707B191B78002B1FD1CB
:10D13000FB68012B06D13A687B68B968080000F0EB
:10D14000B3F805E03A68BB68110018000BF004FB67
:10D150001723FC18FA239B00180000F057F803006F
:10D160002370094B5A69FB68D943074B0A405A613F
:10D17000044B00221A701723FB181B781800BD46B9
:10D1800006B0B0BD40A301200020024080B582B0AF
:10D1900000AFFB1D00221A700B4B5B69002B0CDAF1
:10D1A000094B0A4A9A60084B094A9A60064B5B6928
:10D1B000002B02DAFB1D01221A70FB1D1B781800E0
:10D1C000BD4602B080BDC046002002402301674535
:10D1D000AB89EFCD80B582B000AFFB1D01221A7084
:10D1E000094B5A69084B802109060A435A61064BCC
:10D1F0005B69002B02DAFB1D00221A70FB1D1B78F5
:10D200001800BD4602B080BD0020024080B584B049
:10D2100000AF7860FEF7E2F902007B689B18FB60C4
:10D22000C0239B02BB6007E0FEF7D8F90200FB6851
:10D23000934201D803232AE0174B1B69BA681340B5
:10D24000F2D1154B1B69154A1340BB60124B144AAF
:10D250001A61BB68002B04D0124BBA685A600123D4
:10D2600015E0FEF7BBF902007B689B18FB6007E046
:10D27000FEF7B4F90200FB68934201D8032306E0ED
:10D28000054B1A698023DB021340F1D100231800FB
:10D29000BD4604B080BDC04600200240FAC3000075
:10D2A000FBC3080040A30120B0B584B000AFF86014
:10D2B0003A607B600B4B5A690A4B01210A435A6161
:10D2C000FB683A681A60BFF36F8FC0467B681C002A
:10D2D00000231D00FB68043322001A60C046BD46CF
:10D2E00004B0B0BD00200240B0B584B000AF78609B
:10D2F0003960334B1B78012B01D102235CE0304BAA
:10D3000001221A702E4B00225A600F257C19FA2335
:10D310009B001800FFF77AFF030023702C003B19D5
:10D320001B78002B42D17B681B68042B0DD17B68D6
:10D330005B68180000F048F83C19FA239B001800BD
:10D34000FFF764FF0300237030E03B680122524284
:10D350001A607B689B68BB601AE07B685B68BA6890
:10D360001100180000F044F80F257C19FA239B00E7
:10D370001800FFF74BFF030023707B191B78002B6D
:10D3800003D03B68BA681A600AE0BB680133BB602F
:10D390007B689A687B68DB68D318BA689A42DCD3EA
:10D3A000084B5A69074B02218A435A61044B0022F9
:10D3B0001A700F23FB181B781800BD4604B0B0BDCF
:10D3C00040A301200020024080B582B000AF786009
:10D3D000064B5A697B681A43044B802149020A4371
:10D3E0005A61C046BD4602B080BDC0460020024022
:10D3F00080B584B000AF786039600023FB60C04620
:10D40000594B1A6980239B021340F9D1564B1A6974
:10D41000554B01210A431A61534B1A69524B102193
:10D420000A431A61504B1A694F4B08210A431A618B
:10D430004D4B5A694C4B02210A435A614B4B1A68B7
:10D44000C0239B0413400ED0484B1A68C0239B0492
:10D450001A4080235B049A420FD1454B1A688023FF
:10D460009B03134009D1434B1B689B02424A134064
:10D47000802212059446634409E03E4B1B689B02E0
:10D480005B083E4A134080221205944663443A6882
:10D4900093420DD93B68F822120694466344DB0A96
:10D4A000FB60314B5A69304B35490A405A6133E0D1
:10D4B0002E4B1A68C0239B0413400ED02B4B1A68C6
:10D4C000C0239B041A4080235B049A420FD1284B4F
:10D4D0001A6880239B03134009D1264B1B689B02CB
:10D4E000254A1340802212059446634409E0214BEB
:10D4F0001B689B025B08214A134080221205944658
:10D5000063443A68D31ADB0AFB60174B5A69164B1F
:10D51000802189010A435A61134B5969FB68DB007A
:10D52000184A1A40104B0A435A610F4B5A690E4B66
:10D53000802149020A435A61C0460B4B1A69802375
:10D540009B021340F9D1084B5A69074B02218A43C9
:10D550005A61054B5A69044B920F92075A61C046B3
:10D56000BD4604B080BDC046002002400075FF1FCC
:10D5700020200240E075FF1F00FC0F0000FE0700A6
:10D58000FFDFFFFFF81F000080B586B000AF7860B6
:10D59000396000237B614DE13B681B6801217A699A
:10D5A00091400A001340FB60FB68002B00D13EE174
:10D5B0003B685B6803221340012B05D03B685B6826
:10D5C00003221340022B30D17B689B683B617B694F
:10D5D0005B0003229A401300DA433B6913403B612E
:10D5E0003B68DA687B695B009A4013003A69134331
:10D5F0003B617B683A699A607B685B683B610122AA
:10D600007B699A401300DA433B6913403B613B68F6
:10D610005B681B0901221A407B699A4013003A6932
:10D6200013433B617B683A695A603B685B6803223D
:10D630001340032B17D07B68DB683B617B695B0081
:10D6400003229A401300DA433B6913403B613B6875
:10D650009A687B695B009A4013003A6913433B6107
:10D660007B683A69DA603B685B6803221340022BEF
:10D6700023D17B69DA087B6808329200D3583B617A
:10D680007B69072213409B000F229A401300DA4364
:10D690003B6913403B613B681A697B6907210B407A
:10D6A0009B009A4013003A6913433B617B69DA0897
:10D6B0007B68083292003969D1507B681B683B61F6
:10D6C0007B695B0003229A401300DA433B691340F5
:10D6D0003B613B685B6803221A407B695B009A40B0
:10D6E00013003A6913433B617B683A691A603B68EF
:10D6F0005A68C0239B02134000D198E0534A7B69CB
:10D700009B0818339B009B583B617B6903221340A5
:10D71000DB000F229A401300DA433B6913403B6160
:10D720007A68A023DB059A4219D07B68484A934265
:10D7300013D07B68474A93420DD07B68464A934298
:10D7400007D07B68454A934201D1042308E00523B2
:10D7500006E0032304E0022302E0012300E00023AB
:10D760007A6903210A40D20093403A6913433B612E
:10D7700036497B699B0818339B003A695A50334BF2
:10D780001B683B61FB68DA433B6913403B613B68C4
:10D790005A6880235B03134003D03A69FB68134344
:10D7A0003B612A4B3A691A60284B5B683B61FB6816
:10D7B000DA433B6913403B613B685A6880239B0313
:10D7C000134003D03A69FB6813433B611F4B3A692E
:10D7D0005A601E4A8423D3583B61FB68DA433B6995
:10D7E00013403B613B685A6880239B02134003D07F
:10D7F0003A69FB6813433B61144984223B698B50AF
:10D80000124A8023D3583B61FB68DA433B691340DB
:10D810003B613B685A6880235B02134003D03A693E
:10D82000FB6813433B61094980223B698B507B694C
:10D8300001337B613B681A687B69DA40131E00D0B4
:10D84000AAE6C046C046BD4606B080BD00180240EC
:10D850000004005000080050000C00500010005060
:10D8600080B586B000AF7860396000237B61BAE094
:10D8700001227B699A403B6813403B613B69002B66
:10D8800000D1ADE05D4A7B699B0818339B009B5833
:10D89000FB607B6903221340DB000F229A40FB6888
:10D8A0001340FB607A68A023DB059A4219D07B689D
:10D8B000534A934213D07B68524A93420DD07B68FF
:10D8C000514A934207D07B68504A934201D10423C6
:10D8D00008E0052306E0032304E0022302E001231D
:10D8E00000E000237A6903210A40D2009340FA68DD
:10D8F0009A4236D1414A8023D3583A69D2433F49AC
:10D90000134080228B503D4A8423D3583A69D24336
:10D910003A49134084228B50384B5A683B69D943AB
:10D92000364B0A405A60354B1A683B69D943334B32
:10D930000A401A607B6903221340DB000F229A40E1
:10D940001300FB602D4A7B699B0818339B009A5893
:10D95000FB68D94329487B699B080A4018339B0020
:10D960001A507B681A687B695B00032199400B00A1
:10D970001A437B681A607B69DA087B680832920078
:10D98000D3587A6907210A4092000F2191400A007A
:10D99000D1437A69D20819407B6808329200D1508D
:10D9A0007B689B687A695200032191400A00D24348
:10D9B0001A407B689A607B685B6801217A699140B4
:10D9C0000A00D2431A407B685A607B68DB687A6938
:10D9D0005200032191400A00D2431A407B68DA606A
:10D9E0007B6901337B613A687B69DA40131E00D0A2
:10D9F0003EE7C046C046BD4606B080BD00180240A6
:10DA00000004005000080050000C005000100050AE
:10DA100080B584B000AF78600A00BB1C1A807B68B8
:10DA20001B69BA1C1288134004D00F23FB18012273
:10DA30001A7003E00F23FB1800221A700F23FB1843
:10DA40001B781800BD4604B080BD80B582B000AF21
:10DA5000786008001100BB1C021C1A807B1C0A1C89
:10DA60001A707B1C1B78002B04D0BB1C1A887B68A7
:10DA70009A6103E0BB1C1A887B689A62C046BD4667
:10DA800002B080BD80B584B000AF78600A00BB1CD6
:10DA90001A807B685B69FB60BB1C1B88FA681340BB
:10DAA0001A04FB68DB43B91C09880B401A437B68E6
:10DAB0009A61C046BD4604B080BD80B500AFC04687
:10DAC000BD4680BD80B500AF044B1A68034B802172
:10DAD00049000A431A60C046BD4680BD0070004040
:10DAE00080B584B000AF7860194B1B68194A1340A9
:10DAF0001900174B7A680A431A607A6880239B00E2
:10DB00009A421FD1144B1A6813005B009B185B00EC
:10DB100012491800E2F71EFB03000133FB6008E026
:10DB2000FB68002B03D0FB68013BFB6001E0032393
:10DB300009E0074B5A698023DB001A408023DB0091
:10DB40009A42EDD000231800BD4604B080BDC04607
:10DB500000700040FFF9FFFFDC01002040420F0091
:10DB600080B500AF034B9A68E023DB011340180037
:10DB7000BD4680BD0010024080B588B000AF78601F
:10DB80007B68002B02D1012300F050FB7B681B68EF
:10DB90000122134000D17CE0C34B9B683822134024
:10DBA000BB61C14BDB68032213407B61BB69102B57
:10DBB00002D17B69032B02D0BB69082B0BD1BA4B76
:10DBC0001A6880239B02134062D07B685B68002B3D
:10DBD0005ED101232AE37B685A6880235B029A4264
:10DBE00007D1B14B1A68B04B802149020A431A6031
:10DBF00020E07B685A68A023DB029A420ED1AA4B30
:10DC00001A68A94B8021C9020A431A60A64B1A68F8
:10DC1000A54B802149020A431A600BE0A24B1A6807
:10DC2000A14BA2490A401A609F4B1A689E4BA0491B
:10DC30000A401A607B685B68002B14D0FDF7CEFCAD
:10DC400003003B6108E0FDF7C9FC02003B69D31A01
:10DC5000642B01D90323E9E2934B1A6880239B02CA
:10DC60001340F0D015E0FDF7B9FC03003B6108E07C
:10DC7000FDF7B4FC02003B69D31A642B01D90323DE
:10DC8000D4E2894B1A6880239B021340F0D100E054
:10DC9000C0467B681B680222134000D199E0824B8A
:10DCA0009B6838221340BB617F4BDB680322134023
:10DCB0007B61BB69102B02D17B69022B02D0BB694F
:10DCC000002B35D1784B1A688023DB00134005D038
:10DCD0007B68DB68002B01D10123A7E2724B5B68F4
:10DCE000744A134019007B685B691A026E4B0A4341
:10DCF0005A60BB69002B12D16B4B1B686E4A1340F4
:10DD000019007B681A69684B0A431A60664B1B68E6
:10DD1000DB0A07221340694ADA40694B1A60694BF3
:10DD20001B681800FDF7FEFB031E51D001237DE2A6
:10DD30007B68DB68002B30D05B4B1B685E4A13406E
:10DD400019007B681A69584B0A431A60564B1A68C7
:10DD5000554B802149000A431A60FDF73FFC030040
:10DD60003B6108E0FDF73AFC02003B69D31A022B45
:10DD700001D903235AE24C4B1A688023DB0013407D
:10DD8000F0D0494B5B684B4A134019007B685B69D4
:10DD90001A02454B0A435A601BE0434B1A68424B38
:10DDA00049490A401A60FDF719FC03003B6108E08D
:10DDB000FDF714FC02003B69D31A022B01D903239F
:10DDC00034E2394B1A688023DB001340F0D100E0C5
:10DDD000C0467B681B680822134047D0324B9B68C3
:10DDE00038221340182B0AD12F4B1B6E02221340EE
:10DDF0003CD07B689B69002B38D1012316E27B68FD
:10DE00009B69002B19D0284B1A6E274B01210A431E
:10DE10001A66FDF7E3FB03003B6108E0FDF7DEFB5C
:10DE200002003B69D31A022B01D90323FEE11E4BEA
:10DE30001B6E02221340F1D018E01B4B1A6E1A4BD6
:10DE400001218A431A66FDF7C9FB03003B6108E024
:10DE5000FDF7C4FB02003B69D31A022B01D903234F
:10DE6000E4E1114B1B6E02221340F1D17B681B6869
:10DE70000422134000D1C7E01F23FB1800221A70B0
:10DE8000094B9B6838221340202B1FD1064BDB6DBA
:10DE90000222134000D1B7E07B689B68002B00D0C2
:10DEA000B2E00123C2E1C04600100240FFFFFEFFC6
:10DEB000FFFFFBFFFF80FFFFFFC7FFFF0024F40011
:10DEC000DC010020F0010020FFFEFFFFB54BDA6B04
:10DED00080235B05134001D1012300E00023002BC8
:10DEE00011D0B04BDA6BAF4B802149050A43DA639E
:10DEF000AC4BDA6B80235B051340FB60FB681F2390
:10DF0000FB1801221A70A84B1A6880235B0013408B
:10DF10001AD1A54B1A68A44B802149000A431A6004
:10DF2000FDF75CFB03003B6108E0FDF757FB0200D7
:10DF30003B69D31A022B01D9032377E19A4B1A6864
:10DF400080235B001340F0D07B689B68012B06D1D7
:10DF5000944BDA6D934B01210A43DA651CE07B6830
:10DF60009B68052B0CD18F4BDA6D8E4B04210A4335
:10DF7000DA658C4BDA6D8B4B01210A43DA650BE0D5
:10DF8000884BDA6D874B01218A43DA65854BDA6D60
:10DF9000844B04218A43DA657B689B68002B14D08C
:10DFA000FDF71CFB03003B6109E0FDF717FB0200D6
:10DFB0003B69D31A7D4A934201D9032336E1794B59
:10DFC000DB6D02221340F0D013E0FDF707FB0300E6
:10DFD0003B6109E0FDF702FB02003B69D31A734A7B
:10DFE000934201D9032321E16E4BDB6D02221340E2
:10DFF000F0D11F23FB181B78012B05D1694BDA6B7D
:10E00000684B6B490A40DA637B681B682022134027
:10E0100039D07B68DB69002B1BD0624B1A68614BDF
:10E020008021C9030A431A60FDF7D8FA03003B6157
:10E0300008E0FDF7D3FA02003B69D31A022B01D99D
:10E040000323F3E0574B1A6880231B041340F0D0DE
:10E0500019E0544B1A68534B56490A401A60FDF7B1
:10E06000BDFA03003B6108E0FDF7B8FA02003B6926
:10E07000D31A022B01D90323D8E04A4B1A68802314
:10E080001B041340F0D17B681B6A002B00D1CCE04D
:10E09000444B9B6838221340102B00D17BE07B68F7
:10E0A0001B6A022B56D13F4B1A683E4B42490A402D
:10E0B0001A60FDF793FA03003B6108E0FDF78EFA62
:10E0C00002003B69D31A022B01D90323AEE0354B82
:10E0D0001A6880239B041340F0D1324BDB68374A27
:10E0E000134019007B685A6A7B689B6A1A437B68F5
:10E0F000DB6A1B021A437B681B6B1A437B685B6BF2
:10E100001A437B689B6B1A43264B0A43DA60254B04
:10E110001A68244B802149040A431A60214BDA68AB
:10E12000204B802149050A43DA60FDF757FA0300C6
:10E130003B6108E0FDF752FA02003B69D31A022B5B
:10E1400001D9032372E0174B1A6880239B04134004
:10E15000F0D06AE0134B1A68124B17490A401A6054
:10E16000FDF73CFA03003B6108E0FDF737FA0200D7
:10E170003B69D31A022B01D9032357E0094B1A68D4
:10E1800080239B041340F0D1064BDA68054B0C4901
:10E190000A40DA6049E07B681B6A012B12D1012337
:10E1A00044E0C046001002400070004088130000A8
:10E1B000FFFFFFEFFFFFBFFFFFFFFFFE8C80C111DE
:10E1C000FCFFFEEE1B4BDB687B617B6903221A4080
:10E1D0007B685B6A9A4226D17B6970221A407B6811
:10E1E0009B6A9A421FD17A69FE23DB011A407B6841
:10E1F000DB6A1B029A4216D17A69F8239B031A4004
:10E200007B681B6B9A420ED17A69E0231B051A408A
:10E210007B685B6B9A4206D17B695B0F5A077B6810
:10E220009B6B9A4201D0012300E000231800BD46F9
:10E2300008B080BD0010024080B584B000AF7860A7
:10E2400039607B68002B01D10123E9E0764B1B6824
:10E25000072213403A689A421ED9734B1B68072263
:10E2600093431900704B3A680A431A60FDF7B6F9F8
:10E270000300FB6009E0FDF7B1F90200FB68D31A67
:10E280006A4A934201D90323CAE0674B1B680722FD
:10E2900013403A689A42EED17B681B680222134011
:10E2A00015D07B681B680422134006D0604B9A6827
:10E2B0005F4BE021C9010A439A605D4B9B685D4A50
:10E2C000134019007B689A68594B0A439A607B682F
:10E2D0001B680122134057D07B685B68012B07D174
:10E2E000534B1A6880239B0213402BD1012397E0E4
:10E2F0007B685B68022B07D14D4B1A6880239B0417
:10E3000013401FD101238BE07B685B68002B07D192
:10E31000474B1A688023DB00134013D101237FE0B1
:10E320007B685B68032B06D1414B1B6E02221340B6
:10E3300008D1012374E03E4BDB6D0222134001D172
:10E3400001236DE03A4B9B680722934319007B68D9
:10E350005A68374B0A439A60FDF740F90300FB60A7
:10E3600009E0FDF73BF90200FB68D31A2F4A9342FC
:10E3700001D9032354E02E4B9B6838221A407B6856
:10E380005B68DB009A42ECD1274B1B6807221340E5
:10E390003A689A421ED2244B1B6807229343190005
:10E3A000214B3A680A431A60FDF718F90300FB6035
:10E3B00009E0FDF713F90200FB68D31A1B4A9342E8
:10E3C00001D903232CE0184B1B68072213403A683D
:10E3D0009A42EED17B681B680422134009D0144B8B
:10E3E0009B68154A134019007B68DA68104B0A4392
:10E3F0009A6000F029F801000D4B9B681B0A0F2260
:10E400001A400E4B9200D3581F2213400A00DA40E4
:10E410000B4B1A600B4B1B681800FDF783F80300C9
:10E420001800BD4604B080BD0020024088130000E3
:10E4300000100240FFF0FFFFFF8FFFFFF8B502085A
:10E44000DC010020F001002080B586B000AF3C4B1D
:10E450009B68382213400FD1394B1B68DB0A072217
:10E46000134001229A4013003B6039683548E1F7B8
:10E4700071FE03003B615DE0314B9B683822134025
:10E48000082B02D1304B3B6154E02D4B9B68382266
:10E490001340102B38D12A4BDB6803221340FB605A
:10E4A000274BDB681B09072213400133BB60FB6865
:10E4B000032B0DD1B9682448E1F74CFE0300190085
:10E4C0001F4BDB681B0A7F2213404B437B610DE02F
:10E4D000B9681C48E1F73EFE03001900184BDB68E1
:10E4E0001B0A7F2213404B437B61C046144BDB6801
:10E4F0005B0F0722134001337B6079687869E1F78D
:10E5000029FE03003B6115E00D4B9B683822134048
:10E51000202B03D180231B023B610BE0084B9B683F
:10E5200038221340182B03D1FA23DB013B6101E0B1
:10E5300000233B613B691800BD4606B080BDC04664
:10E54000001002400024F40000127A0080B500AFF1
:10E55000024B1B681800BD4680BDC046DC01002090
:10E56000B0B500AFFFF7F2FF0400FFF7F9FA0300C0
:10E570001A0B054B9200D3581F221340DC40230096
:10E580001800BD46B0BDC04638B6020880B586B09A
:10E5900000AF78601323FB1800221A701223FB18B7
:10E5A00000221A707B681A6880239B02134000D1F6
:10E5B000ADE011203B1800221A70474BDA6B802324
:10E5C0005B05134010D1444BDA6B434B8021490566
:10E5D0000A43DA63404BDA6B80235B051340BB6070
:10E5E000BB683B1801221A703C4B1A683B4B8021D8
:10E5F00049000A431A60FCF7F1FF0300FB600BE0DF
:10E60000FCF7ECFF0200FB68D31A022B04D913239A
:10E61000FB1803221A7005E0304B1A6880235B0058
:10E620001340EDD01323FB181B78002B5ED12A4B2F
:10E63000DA6DC0239B0013407B617B69002B19D0EE
:10E640007B681B6C7A699A4214D0234BDB6D244A99
:10E6500013407B61204BDA6D1F4B802149020A4336
:10E66000DA651D4BDA6D1C4B1E490A40DA651A4B00
:10E670007A69DA657B690122134016D0FCF7AEFF98
:10E680000300FB600CE0FCF7A9FF0200FB68D31A53
:10E69000154A934204D91323FB1803221A7004E08D
:10E6A0000D4BDB6D02221340EDD01323FB181B78BA
:10E6B000002B0AD1084BDB6D094A134019007B6817
:10E6C0001A6C054B0A43DA6516E01223FB18132275
:10E6D000BA1812781A700FE0001002400070004063
:10E6E000FFFCFFFFFFFFFEFF881300001223FB1853
:10E6F0001322BA1812781A701123FB181B78012BF9
:10E7000005D1B64BDA6BB54BB5490A40DA637B6885
:10E710001B680122134009D0B04B5B6D0322934369
:10E7200019007B685A68AD4B0A435A657B681B68C1
:10E730000222134009D0A94B5B6D0C2293431900B0
:10E740007B689A68A54B0A435A657B681B6804225C
:10E75000134009D0A14B5B6D3022934319007B68B5
:10E76000DA689E4B0A435A657B681B681022134087
:10E7700009D09A4B5B6D9B4A134019007B681A695C
:10E78000964B0A435A657B681A6880235B011340E5
:10E7900009D0924B5B6D944A134019007B685A690B
:10E7A0008E4B0A435A657B681A6880239B0013408E
:10E7B00009D08A4B5B6D8D4A134019007B689A6AB9
:10E7C000864B0A435A657B681A688023DB00134036
:10E7D00009D0824B5B6D864A134019007B68DA6A68
:10E7E0007E4B0A435A657B681B682022134009D080
:10E7F0007A4B5B6D7F4A134019007B689A69774BAF
:10E800000A435A657B681B684022134009D0734B4A
:10E810005B6D794A134019007B68DA696F4B0A43D4
:10E820005A657B681A688023DB01134015D06B4B57
:10E830005B6D9B0099087B681A6B684B0A435A65AD
:10E840007B681A6B8023DB059A4206D1634BDA683A
:10E85000624B802149020A43DA607B681A68802390
:10E860001B03134009D05D4B5B6D4022934319009D
:10E870007B685A6B594B0A435A657B681A68802338
:10E880009B03134016D0554B5B6D5C4A1340190037
:10E890007B689A6B514B0A435A657B689A6B80235D
:10E8A000DB039A4206D14D4BDA684C4B8021490478
:10E8B0000A43DA607B681A688023DB03134016D0B2
:10E8C000464B5B6D4E4A134019007B68DA6B434B35
:10E8D0000A435A657B68DA6B80235B049A4206D14F
:10E8E0003E4BDA683D4B802149040A43DA607B687D
:10E8F0001A6880231B01134014D0384B9B6D0322F0
:10E90000934319007B681A6A344B0A439A657B6803
:10E910001B6A012B06D1314BDA68304B802149024A
:10E920000A43DA607B681A6880239B01134014D085
:10E930002A4B9B6D0C22934319007B685A6A274B24
:10E940000A439A657B685B6A042B06D1234BDA681D
:10E95000224B802149020A43DA607B681A688023CF
:10E960005B04134016D01D4B9B6D224A13401900C7
:10E970007B685A6C194B0A439A657B685A6C8023F2
:10E980009B019A4206D1154BDA68144B8021490449
:10E990000A43DA607B681A6880239B04134016D010
:10E9A0000E4B9B6D104A134019007B689A6C0B4B01
:10E9B0000A439A657B689A6C80235B009A4206D171
:10E9C000064BDA68054B802149040A43DA601223BA
:10E9D000FB181B781800BD4606B080BD0010024031
:10E9E000FFFFFFEFFFF3FFFFFFFCFFFFFFFFF3FF62
:10E9F000FFFFCFFFFFCFFFFFFF3FFFFFFFFFBFFF87
:10EA0000FFFFFFFEB0B584B000AF78600F23FB18A6
:10EA100001221A707B68002B00D18CE07B682922D0
:10EA20009B5CDBB2002B0BD17B6828220021995420
:10EA30007B68882212025A607B68180000F084F814
:10EA40007B682922022199547B681B68DB681022AD
:10EA50001340102B62D07B681B68CA225A627B6805
:10EA60001B6853225A620F257C197B68180000F03E
:10EA70007EFA0300237028003B181B78002B2CD152
:10EA80007B681B689A697B681B682E490A409A61FB
:10EA90007B681B6899697B689A687B685B691A4325
:10EAA0007B68DB691A437B681B680A439A617B6851
:10EAB0001B687A6812691A617B681B6819697B6830
:10EAC000DB681A047B681B680A431A613C187B6880
:10EAD000180000F08FFA030023700F23FB181B7837
:10EAE000002B16D17B681B689A697B681B68D20073
:10EAF000D2089A617B681B6899697B685A6A7B684F
:10EB00001B6A1A437B689B691A437B681B680A432C
:10EB10009A617B681B68FF225A6203E00F23FB188F
:10EB200000221A700F23FB181B78002B03D17B687F
:10EB30002922012199540F23FB181B781800BD4688
:10EB400004B0B0BDBFFF8FFB80B582B000AF78606E
:10EB5000C046BD4602B080BDB0B586B000AFF8601B
:10EB6000B9607A60FB6828229B5C012B01D10223EB
:10EB700092E0FB68282201219954FB682922022196
:10EB80009954FB681B68CA225A62FB681B685322AF
:10EB90005A6213257C19FB68180000F0E8F903009D
:10EBA00023707B191B78002B62D17B68002B25D149
:10EBB000FB681B689B694022134002D1BB6800229E
:10EBC000DA70BB681B78180000F058FA03001C04C8
:10EBD000BB685B78180000F051FA03001B021C436D
:10EBE000BB689B78180000F049FA030022001A4322
:10EBF000BB68DB789B0513437B6117E0FB681B68F0
:10EC00009B694022134002D1BB680022DA70BB68C6
:10EC10001B781A04BB685B781B021343BA689278AE
:10EC20001A43BB68DB789B0513437B61FB681B6859
:10EC30007A691B490A401A60FB681B689A69FB687D
:10EC40001B6818490A409A61FB681B689969BB6890
:10EC5000DA68BB681B691A43FB681B680A439A6140
:10EC60001323FC18FB68180000F0C4F9030023709C
:10EC7000FB681B68FF225A621323FB181B78002BCA
:10EC800003D1FB68292201219954FB682822002125
:10EC900099541323FB181B781800BD4606B0B0BD6D
:10ECA0007F7F7F00FFFFFBFF80B586B000AFF8607D
:10ECB000B9607A60FB681B689A68BB685A60FB6839
:10ECC0001B681B695B045A0CBB689A60FB681B6875
:10ECD0001B68224A13407B617B691B0CDBB23F221D
:10ECE0001340DAB2BB681A707B691B0ADBB27F2261
:10ECF0001340DAB2BB685A707B69DBB27F221340E3
:10ED0000DAB2BB689A707B699B0DDBB201221340BB
:10ED1000DAB2BB68DA707B68002B1AD1BB681B784B
:10ED2000180000F0D3F903001A00BB681A70BB6822
:10ED30005B78180000F0CAF903001A00BB685A702B
:10ED4000BB689B78180000F0C1F903001A00BB688B
:10ED50009A7000231800BD4606B080BD7F7F7F00FB
:10ED6000B0B586B000AFF860B9607A60FB68282261
:10ED70009B5C012B01D102237EE0FB68282201214C
:10ED80009954FB682922022199547B68002B0ED1EB
:10ED9000BB685B781A001023134008D0BB685B780F
:10EDA00010229343DBB20A33DAB2BB685A707B6835
:10EDB000002B1CD1BB68DB78180000F05FF9030062
:10EDC0001C04BB685B78180000F058F903001B02B4
:10EDD0001C43BB689B78180000F050F90300220028
:10EDE0001A43BB681B785B0313437B610EE0BB686F
:10EDF000DB781A04BB685B781B021343BA6892780D
:10EE00001A43BB681B785B0313437B61FB681B6879
:10EE1000CA225A62FB681B6853225A6213257C1966
:10EE2000FB68180000F0A3F80300237028003B18CB
:10EE30001B78002B0CD1FB681B687A6910490A40CB
:10EE40005A603C18FB68180000F0D4F803002370E7
:10EE5000FB681B68FF225A621323FB181B78002BE8
:10EE600003D1FB68292201219954FB682822002143
:10EE700099541323FB181B781800BD4606B0B0BD8B
:10EE80003FFFFF0080B586B000AFF860B9607A60E0
:10EE9000FB681B685B68214A13407B617B691B0C24
:10EEA000DAB2BB68DA707B691B0ADBB21F2213403F
:10EEB000DAB2BB685A707B69DBB23F221340DAB228
:10EEC000BB689A707B695B0BDBB207221340DAB236
:10EED000BB681A707B68002B1AD1BB68DB781800FE
:10EEE00000F0F4F803001A00BB68DA70BB685B78C6
:10EEF000180000F0EBF803001A00BB685A70BB68FA
:10EF00009B78180000F0E2F803001A00BB689A70C2
:10EF100000231800BD4606B080BDC0463FFFFF007D
:10EF200080B584B000AF78607B681B68DA687B6866
:10EF30001B68A0218A43DA60FCF750FB0300FB60EA
:10EF40000AE0FCF74BFB0200FB68D21AFA239B0095
:10EF50009A4201D9032306E07B681B68DB68202204
:10EF60001340EED000231800BD4604B080BD80B52C
:10EF700084B000AF78600F23FB1800221A707B6802
:10EF80001B68DB68402213402CD17B681B68DA6861
:10EF90007B681B6880210A43DA60FCF71FFB0300D3
:10EFA000BB6014E0FCF71AFB0200BB68D21A0F200A
:10EFB0003B18391809781970FA239B009A4206D930
:10EFC0003B1803221A707B682922032199547B681D
:10EFD0001B68DB684022134004D10F23FB181B7809
:10EFE000032BDFD10F23FB181B781800BD4604B09C
:10EFF00080BD000090B585B000AF78600F243B194C
:10F0000000221A701C4BDA681B4B80218A43DA609D
:10F01000194B9B69202213400DD17B681800FFF724
:10F020007FFF031E21D07B682922032199543B19BD
:10F0300003221A7019E0104B9A690F4B20218A4362
:10F040009A617B681800FFF76BFF031E07D07B688F
:10F050002922032199540F23FB1803221A70064B0F
:10F060009A69054B20210A439A610F23FB181B78EC
:10F070001800BD4605B090BD0028004080B584B0A2
:10F0800000AF0200FB1D1A700023FB600B23FB186E
:10F09000FA1D12781A7008E0FB680133FB600B223E
:10F0A000BB18BA1812780A3A1A700B217B181B7811
:10F0B000092BF1D8FB68DBB21B01DAB27B181B7895
:10F0C0001343DBB21800BD4604B080BD80B584B0E8
:10F0D00000AF0200FB1D1A70FB1D1B781B09DBB281
:10F0E0001A0013009B009B185B00FB60FB68DAB200
:10F0F000FB1D1B780F210B40DBB2D318DBB21800CD
:10F10000BD4604B080BD80B586B000AFF860B96080
:10F110007A60FB681B681A00FB685B68D3187B6128
:10F120007B690133FF333B61BB689B003A69D318AD
:10F130003B613B697A681A60C046BD4606B080BD37
:10F1400080B584B000AF786039607B681B681A00B6
:10F150007B685B68D318FB60FB680133FF33BB60DF
:10F160003B689B00BA68D318BB60BB681B6818007B
:10F17000BD4604B080BD80B582B000AF78607B68CA
:10F18000002B01D101234AE07B683D229B5CDBB26E
:10F19000002B07D17B683C22002199547B68180022
:10F1A00000F041F87B683D22022199547B681A687F
:10F1B0007B6804331900100000F098F87B6848223F
:10F1C000012199547B683E22012199547B683F229A
:10F1D000012199547B684022012199547B68412286
:10F1E000012199547B684222012199547B68432272
:10F1F000012199547B684422012199547B6845225E
:10F20000012199547B684622012199547B68472249
:10F21000012199547B683D22012199540023180053
:10F22000BD4602B080BD80B582B000AF7860C046F8
:10F23000BD4602B080BD000080B584B000AF7860EC
:10F240007B683D229B5CDBB2012B01D001233FE0B8
:10F250007B683D22022199547B681B681E4A9342B9
:10F2600014D07B681A688023DB059A420ED07B6835
:10F270001B681A4A934209D07B681B68184A93425C
:10F2800004D07B681B68174A934216D17B681B68C1
:10F290009B68154A1340FB60FB68062B16D0FA6882
:10F2A00080235B029A4211D07B681B681A687B68D6
:10F2B0001B6801210A431A6008E07B681B681A6812
:10F2C0007B681B6801210A431A6000E0C0460023E6
:10F2D0001800BD4604B080BD002C01400004004071
:10F2E00000080040004001400700010080B584B0E4
:10F2F00000AF786039607B681B68FB607B68384AC8
:10F3000093420CD07A688023DB059A4207D07B6851
:10F31000344A934203D07B68334A934208D1FB6856
:10F3200070229343FB603B685B68FA681343FB60A1
:10F330007B682B4A93421CD07A688023DB059A4273
:10F3400017D07B68274A934213D07B68264A9342A2
:10F350000FD07B68254A93420BD07B68244A9342A6
:10F3600007D07B68234A934203D07B68224A9342AA
:10F3700008D1FB68214A1340FB603B68DB68FA68F0
:10F380001343FB60FB68802293431A003B685B6970
:10F390001343FB607B68FA681A603B689A687B6875
:10F3A000DA623B681A687B689A627B680C4A93420F
:10F3B0000BD07B680E4A934207D07B680D4A93427C
:10F3C00003D07B680C4A934203D13B681A697B687F
:10F3D0001A637B6801225A61C046BD4604B080BDF5
:10F3E000002C0140000400400008004000200040C4
:10F3F000004001400044014000480140FFFCFFFF85
:10F4000080B582B000AF78607B68002B01D101230A
:10F4100046E07B6888229B58002B07D17B688422BA
:10F42000002199547B681800F8F7B4F97B688822AA
:10F43000242199507B681B681A687B681B6801212E
:10F440008A431A607B68180000F056FE0300012B07
:10F4500001D1012324E07B689B6A002B03D07B68E9
:10F46000180001F09FF97B681B685A687B681B686D
:10F470000D490A405A607B681B689A687B681B6864
:10F480002A218A439A607B681B681A687B681B681C
:10F4900001210A431A607B68180001F037FA030063
:10F4A0001800BD4602B080BDFFB7FFFF80B582B037
:10F4B00000AF78607B68002B01D1012332E07B68CC
:10F4C0008822242199507B681B681A687B681B6816
:10F4D00001218A431A607B681B6800221A607B68DE
:10F4E0001B6800225A607B681B6800229A607B6858
:10F4F000180000F01BF87B689022002199507B686F
:10F500008822002199507B688C22002199507B68C9
:10F510000022DA667B6800221A677B688422002159
:10F52000995400231800BD4602B080BD80B582B05A
:10F5300000AF7860C046BD4602B080BD80B58AB0DD
:10F5400002AFF860B9603B60BB1D1A80FB6888227F
:10F550009B58202B00D088E0BB68002B03D0BB1D3C
:10F560001B88002B01D1012380E0FB689A6880236F
:10F570005B019A4209D1FB681B69002B05D1BB686E
:10F580000122134001D0012370E0FB68902200218A
:10F590009950FB68882221219950FCF71FF803003D
:10F5A0007B61FB68BA1D542112885A52FB68BA1D50
:10F5B000562112885A52FB689A6880235B019A424E
:10F5C00008D1FB681B69002B04D10023FB61BB68D9
:10F5D000BB6103E0BB68FB610023BB612CE07A697F
:10F5E000F8683B68009313000022802101F0DCF9E9
:10F5F000031E01D0032339E0FB69002B0BD1BB694B
:10F600001B881A00FB681B68D205D20D9A62BB6981
:10F610000233BB6107E0FB691A78FB681B689A62DA
:10F62000FB690133FB61FB6856229B5A9BB2013B8D
:10F6300099B2FB6856229952FB6856229B5A9BB29C
:10F64000002BCCD17A69F8683B6800931300002244
:10F65000402101F0A9F9031E01D0032306E0FB6855
:10F66000882220219950002300E002231800BD4683
:10F6700008B080BD80B58CB000AFF860B960BB1D2C
:10F680001A80FB6888229B58202B00D08DE0BB6835
:10F69000002B03D0BB1D1B88002B01D1012385E06B
:10F6A000FB689A6880235B019A4209D1FB681B6959
:10F6B000002B05D1BB680122134001D0012375E066
:10F6C000FB68BA681A65FB68BA1D542112885A5241
:10F6D000FB68BA1D562112885A52FB6800229A67AD
:10F6E000FB68902200219950FB68882221219950C3
:10F6F000FB685A6E80239B059A422AD1FB689A6860
:10F7000080235B019A4207D1FB681B69002B03D160
:10F71000FB68284A9A6702E0FB68274A9A67EFF37A
:10F720001083FB61FB69BB6201233B623B6A83F38D
:10F730001088C046FB681B689A68FB681B688021BC
:10F7400009040A439A60BB6A7B627B6A83F3108870
:10F7500029E0FB689A6880235B019A4207D1FB6825
:10F760001B69002B03D1FB68144A9A6702E0FB680F
:10F77000134A9A67EFF310833B613B69FB620123F5
:10F780007B617B6983F31088C046FB681B681A683D
:10F79000FB681B6880210A431A60FB6ABB61BB6976
:10F7A00083F31088C046002300E002231800BD4602
:10F7B0000CB080BD9D140208B1130208F3120208B8
:10F7C0003F12020880B588B000AFF860B960BB1D79
:10F7D0001A80FB688C229B58202B4FD1BB68002BD2
:10F7E00003D0BB1D1B88002B01D1012347E0FB6820
:10F7F0009A6880235B019A4209D1FB681B69002B40
:10F8000005D1BB680122134001D0012337E0FB681A
:10F810000022DA66FB681B681B4A934225D0FB680E
:10F820001B681A4A934220D0FB681B685A688023E1
:10F830001B04134019D0EFF310833B613B69FB615C
:10F8400001237B617B6983F31088C046FB681B68DA
:10F850001A68FB681B688021C9040A431A60FB69A7
:10F86000BB61BB6983F31088C046BB1D1A88B968A9
:10F87000FB68180001F060F9030000E002231800A3
:10F88000BD4608B080BDC0460080004000840040F6
:10F8900080B588B000AFF860B960BB1D1A80FB6806
:10F8A0008C229B58202B4FD1BB68002B03D0BB1D53
:10F8B0001B88002B01D1012347E0FB689A68802355
:10F8C0005B019A4209D1FB681B69002B05D1BB681B
:10F8D0000122134001D0012337E0FB680022DA66E1
:10F8E000FB681B681B4A934225D0FB681B681A4AB9
:10F8F000934220D0FB681B685A6880231B04134086
:10F9000019D0EFF310833B613B69FB6101237B61FD
:10F910007B6983F31088C046FB681B681A68FB6824
:10F920001B688021C9040A431A60FB69BB61BB697B
:10F9300083F31088C046BB1D1A88B968FB6818009D
:10F9400001F01EFA030000E002231800BD4608B0D3
:10F9500080BDC046008000400084004080B58CB06F
:10F9600000AF78607B6888229B58FB627B688C22A2
:10F970009B58BB627B681B689B6880221340802B6E
:10F9800038D1FB6A212B35D1EFF310837B617B6982
:10F990007B620123BB61BB6983F31088C0467B682F
:10F9A0001B689A687B681B6880218A439A607B6A1F
:10F9B000FB61FB6983F31088C0467B68DB6F002B1B
:10F9C00014D07B68DB6F1800FDF716FA031E0DD00C
:10F9D0007B68DB6F1800FDF7D7FA0300202B05D1F9
:10F9E0007B68902210219950032347E07B68180020
:10F9F00001F06CFA7B681B689B6840221340402B27
:10FA00003BD1BB6A222B38D1EFF31083BB60BB68BC
:10FA10003B620123FB60FB6883F31088C0467B6870
:10FA20001B689A687B681B6840218A439A603B6A1E
:10FA30003B613B6983F31088C0467B6880229B58FA
:10FA4000002B16D07B6880229B581800FDF7D4F954
:10FA5000031E0ED07B6880229B581800FDF794FA95
:10FA60000300202B05D17B6890221021995003239D
:10FA700004E07B68180001F069FA00231800BD4615
:10FA80000CB080BDB0B5AAB000AF78607B681B68D1
:10FA9000DB69A422B9180B607B681B681B68A02077
:10FAA00039180B607B681B689B689C2439190B60B4
:10FAB0001100BB181B68A24A13409822BD182B6086
:10FAC000BB181B68002B1AD17B181B68202213401F
:10FAD00015D03B181B682022134005D13B191A682A
:10FAE00080235B0513400AD07B685B6F002B00D13D
:10FAF000DCE27B685B6F7A6810009847D6E2982357
:10FB0000FB181B68002B00D122E19C23FB181B680B
:10FB10008C4A134006D1A023FB181B688A4A134065
:10FB200000D115E1A423FB181B680122134012D059
:10FB3000A023FB181A6880235B0013400BD07B685E
:10FB40001B6801221A627B6890229B5801221A438B
:10FB50007B6890215A50A423FB181B680222134093
:10FB600011D09C23FB181B68012213400BD07B682B
:10FB70001B6802221A627B6890229B5804221A4357
:10FB80007B6890215A50A423FB181B680422134061
:10FB900011D09C23FB181B68012213400BD07B68FB
:10FBA0001B6804221A627B6890229B5802221A4327
:10FBB0007B6890215A50A423FB181B68082213402D
:10FBC00017D0A023FB181B682022134005D19C23CB
:10FBD000FB181B685B4A13400BD07B681B6808222C
:10FBE0001A627B6890229B5808221A437B689021F6
:10FBF0005A50A423FB181A6880231B01134013D00A
:10FC0000A023FB181A688023DB0413400CD07B6808
:10FC10001B68802212011A627B6890229B58202266
:10FC20001A437B6890215A507B6890229B58002B86
:10FC300000D13DE2A423FB181B682022134015D0FD
:10FC4000A023FB181B682022134006D19C23FB181D
:10FC50001A6880235B05134008D07B685B6F002B1C
:10FC600004D07B685B6F7A68100098477B689022AD
:10FC70009B5894217A1813607B681B689B6840220C
:10FC80001340402B04D07B181B68282213404CD013
:10FC90007B68180001F05AF97B681B689B6840225A
:10FCA0001340402B3CD1EFF310833B663B6E90201A
:10FCB0003A18136001237B667B6E83F31088C0467D
:10FCC0007B681B689A687B681B6840218A439A603E
:10FCD0003B181B68BB66BB6E83F31088C0467B680D
:10FCE00080229B58002B16D07B6880229B58174A95
:10FCF0009A637B6880229B581800FDF7DDF8031E8D
:10FD00001CD07B6880229B589B6B7A68802152585C
:10FD10001000984712E07B681800F7F719F90DE01A
:10FD20007B681800F7F714F908E07B681800F7F70C
:10FD30000FF97B68902200219950B9E1C046B7E1E4
:10FD40000F08000001000010200100041112020839
:10FD50007B68DB6E012B00D03EE1A423FB181B68FF
:10FD60001022134000D137E1A023FB181B6810229A
:10FD7000134000D130E17B681B6810221A627B6857
:10FD80001B689B6840221340402B00D0A4E07B6896
:10FD900080229B581B685A687E217B181A807B182A
:10FDA0001B88002B00D185E17B685C229B5A7A1866
:10FDB00012889A4200D37DE17B687A185E2112880E
:10FDC0005A527B6880229B581B681B682022134074
:10FDD00070D1EFF310833B633B6BBB6701237B6305
:10FDE0007B6B83F31088C0467B681B681A687B684E
:10FDF0001B68B4490A401A60BB6FBB63BB6B83F3DB
:10FE00001088C046EFF31083FB63FB6B7B67012315
:10FE10003B643B6C83F31088C0467B681B689A6820
:10FE20007B681B6801218A439A607B6F7B647B6CD3
:10FE300083F31088C046EFF31083BB64BB6C3B6751
:10FE40000123FB64FB6C83F31088C0467B681B684E
:10FE50009A687B681B6840218A439A603B6F3B65C8
:10FE60003B6D83F31088C0467B688C22202199501B
:10FE70007B680022DA66EFF310837B657B6DFB669F
:10FE80000123BB65BB6D83F31088C0467B681B688C
:10FE90001A687B681B6810218A431A60FB6EFB6539
:10FEA000FB6D83F31088C0467B6880229B58180046
:10FEB000FCF7A2FF7B6802221A677B685C229A5AD1
:10FEC0007B685E215B5A9BB2D31A9AB27B681100A1
:10FED000180000F005F9EDE07B685C22995A7B6818
:10FEE0005E229B5A9AB28E203B188A1A1A807B682F
:10FEF0005E229B5A9BB2002B00D1DDE03B181B8891
:10FF0000002B00D1D8E0EFF31083FB60FB6888245E
:10FF10003A19136001233B613B6983F31088C046A3
:10FF20007B681B681A687B681B6867490A401A600F
:10FF30003B191B687B617B6983F31088C046EFF334
:10FF40001083BB61BB6984243A1913600123FB61F0
:10FF5000FB6983F31088C0467B681B689A687B68DE
:10FF60001B685A490A409A603B191B683B623B6A0E
:10FF700083F31088C0467B688C22202199507B68CF
:10FF80000022DA667B6800225A67EFF310837B62F7
:10FF90007B6A80243A1913600123BB62BB6A83F336
:10FFA0001088C0467B681B681A687B681B68102134
:10FFB0008A431A603B191B68FB62FB6A83F3108853
:10FFC000C0467B6802221A673B181A887B681100BA
:10FFD000180000F085F86FE0A423FB181A6880234E
:10FFE0005B03134010D09C23FB181A688023DB03AB
:10FFF000134009D07B681B68802252031A627B6819
:020000040802F0
:10000000180001F051FF5AE0A423FB181B6880225E
:10001000134016D0A023FB181B688022134006D182
:100020009C23FB181A6880231B04134009D07B68AB
:100030009B6F002B42D07B689B6F7A6810009847BB
:100040003CE0A423FB181B68402213400AD0A023E5
:10005000FB181B684022134004D07B68180001F095
:1000600097FA2CE0A423FB181A6880231B04134082
:100070000BD0A023FB181A688023DB05134004D0A3
:100080007B68180001F020FF19E0A423FB181A6810
:1000900080235B04134012D0A023FB181B68002BA5
:1000A0000DDA7B68180001F007FF08E0C04606E0A3
:1000B000C04604E0C04602E0C04600E0C046BD467F
:1000C0002AB0B0BDFFFEFFFFDFFEFFFFFEFFFFEF28
:1000D00080B582B000AF7860C046BD4602B080BD3A
:1000E00080B582B000AF78600A00BB1C1A80C046A1
:1000F000BD4602B080BD0000B0B590B000AF7862E0
:100100001A2320229B18DB1900221A707B6A9A6836
:100110007B6A1B691A437B6A5B691A437B6ADB69EA
:100120001343FB637B6A1B681B68C14A13401900B9
:100130007B6A1A68FB6B0B4313607B6A1B685B6806
:10014000BC4A134018007B6AD9687B6A1A680300AE
:100150000B4353607B6A9B69FB637B6A1B68B64AEF
:10016000934209D07B6A1B68B44A934204D07B6AED
:100170001B6AFA6B1343FB637B6A1B689B68B04A7C
:10018000134019007B6A1A68FB6B0B4393607B6A10
:100190001B68DB6A0F22934318007B6A596A7B6AEB
:1001A0001A6803000B43D3627B6A1B68A54A93421B
:1001B00031D1A54B5B6D03221340032B1DD023D8F7
:1001C000022B0CD020D8002B02D0012B0ED01BE02C
:1001D0001B2320229B18DB1900221A7054E11B23D9
:1001E00020229B18DB1902221A704DE11B232022CA
:1001F0009B18DB1904221A7046E11B2320229B184E
:10020000DB1908221A703FE11B2320229B18DB19FF
:1002100010221A7038E17B6A1B688C4A934231D1F4
:10022000894B5B6D0C2213400C2B1DD023D8082B5F
:100230000CD020D8002B02D0042B0ED01BE01B23A7
:1002400020229B18DB1900221A701DE11B2320229B
:100250009B18DB1902221A7016E11B2320229B181F
:10026000DB1904221A700FE11B2320229B18DB19D3
:1002700008221A7008E11B2320229B18DB19102288
:100280001A7001E17B6A1B68714A934231D16E4B4F
:100290005B6D30221340302B1DD023D8202B0CD087
:1002A00020D8002B02D0102B0ED01BE01B232022C5
:1002B0009B18DB1900221A70E6E01B2320229B18F2
:1002C000DB1902221A70DFE01B2320229B18DB19A6
:1002D00004221A70D8E01B2320229B18DB19082265
:1002E0001A70D1E01B2320229B18DB1910221A70F0
:1002F000CAE07B6A1B68574A934206D11B2320221F
:100300009B18DB1900221A70BEE07B6A1B68524AF8
:10031000934206D11B2320229B18DB1900221A705E
:10032000B2E07B6A1B684D4A934206D11B23202210
:100330009B18DB1900221A70A6E07B6A1B683E4AF4
:1003400093423ED1404B5A6DC0231B011340C02243
:100350001201934227D0C022120193422AD8802250
:100360001201934211D080221201934222D8002B15
:1003700004D08022D20093420ED01BE01B23202207
:100380009B18DB1900221A707EE01B2320229B1889
:10039000DB1902221A7077E01B2320229B18DB193D
:1003A00004221A7070E01B2320229B18DB190822FC
:1003B0001A7069E01B2320229B18DB1910221A7087
:1003C00062E07B6A1B681D4A934257D11E4B5A6DEF
:1003D000C0239B001340C0229200934240D0C02211
:1003E0009200934243D880229200934211D08022FF
:1003F000920093423BD8002B04D0802252009342BB
:100400000ED034E01B2320229B18DB1900221A7027
:100410003AE01B2320229B18DB1902221A7033E0DA
:100420001B2320229B18DB1904221A702CE0C046E3
:10043000F369FFCFFFCFFFFF008000400084004042
:10044000FFF4FF110038014000100240004400405A
:1004500000480040004C004000500040003C01407B
:100460001B2320229B18DB1908221A700CE01B2387
:1004700020229B18DB1910221A7005E01B23202272
:100480009B18DB1910221A707B6A1B68C14A9342C1
:1004900005D07B6A1B68C04A934200D093E01B23BF
:1004A00020229B18DB191B78082B15D018DC042B95
:1004B0000DD015DC002B02D0022B05D010E0FEF78A
:1004C0004FF803007B6314E0B44B7B6311E0FDF74E
:1004D000BBFF03007B630CE080231B027B6308E00F
:1004E00000237B631A2320229B18DB1901221A7038
:1004F000C0467B6B002B00D135E17B6A5A6AA84B62
:100500005200D35A1900786BDFF724FE0300BB6258
:100510007B6A5A6813005B009B18BA6A9A4205D33B
:100520007B6A5B681B03BA6A9A4206D91A232022A7
:100530009B18DB1901221A7044E07B6BBB6100231E
:10054000FB617B6A5A6A964B5200D35A3B61002387
:100550007B613A697B69B869F969DFF7F3FF0200EB
:100560000B00110E1D020D4314027B6A5B685B08D1
:10057000BB600023FB60B868F968001969417B6AB9
:100580005B683B6000237B603A687B68DFF7DAFFDB
:1005900002000B0013003B633A6BC0239B009A429E
:1005A00009D33A6B80235B039A4204D27B6A1B68AF
:1005B0003A6BDA6006E01A2320229B18DB1901222D
:1005C0001A70D0E0CFE07B6ADA6980231B029A427E
:1005D00000D070E01B2320229B18DB191B78082B0E
:1005E00015D018DC042B0DD015DC002B02D0022B0B
:1005F00005D010E0FDF7B4FF03007B6314E0674B08
:100600007B6311E0FDF720FF03007B630CE0802398
:100610001B027B6308E000237B631A2320229B18C4
:10062000DB1901221A70C0467B6B002B00D19AE0C7
:100630007B6A5A6A5A4B5200D35A1900786BDFF71B
:1006400089FD03005A007B6A5B685B08D2187B6AED
:100650005B6819001000DFF77DFD03003B633B6B17
:100660000F2B21D93A6B80235B029A421CD23B6B41
:100670009AB20E2020240319DB190F218A431A8015
:100680003B6B5B089BB20722134099B20319DB193D
:100690000219D21912880A431A807B6A1B68021950
:1006A000D2191288DA605EE01A2320229B18DB1927
:1006B00001221A7057E01B2320229B18DB191B789C
:1006C000082B15D018DC042B0DD015DC002B02D024
:1006D000022B05D010E0FDF743FF03007B6314E01D
:1006E0002E4B7B6311E0FDF7AFFE03007B630CE054
:1006F00080231B027B6308E000237B631A232022F4
:100700009B18DB1901221A70C0467B6B002B2AD084
:100710007B6A5A6A224B5200D35A1900786BDFF772
:1007200019FD03001A007B6A5B685B08D2187B6ABC
:100730005B6819001000DFF70DFD03003B633B6BA6
:100740000F2B0AD93A6B80235B029A4205D23B6B8E
:100750009AB27B6A1B68DA6005E01A2320229B1894
:10076000DB1901221A707B6A6A22012199527B6A85
:100770006822012199527B6A00225A677B6A002213
:100780009A671A2320229B18DB191B781800BD4694
:1007900010B0B0BD00800040008400400024F40090
:1007A00050B8020880B582B000AF78607B689B6A61
:1007B000012213400BD07B681B685B684A4A1340D8
:1007C00019007B68DA6A7B681B680A435A607B6899
:1007D0009B6A022213400BD07B681B685B68434A0C
:1007E000134019007B681A6B7B681B680A435A60C8
:1007F0007B689B6A042213400BD07B681B685B6894
:100800003B4A134019007B685A6B7B681B680A439C
:100810005A607B689B6A082213400BD07B681B6878
:100820005B68344A134019007B689A6B7B681B68CD
:100830000A435A607B689B6A102213400BD07B6886
:100840001B689B682C4A134019007B68DA6B7B6835
:100850001B680A439A607B689B6A202213400BD076
:100860007B681B689B68254A134019007B681A6CDB
:100870007B681B680A439A607B689B6A402213402E
:100880001DD07B681B685B681D4A134019007B689C
:100890005A6C7B681B680A435A607B685A6C8023D9
:1008A0005B039A420BD17B681B685B68154A134057
:1008B00019007B689A6C7B681B680A435A607B68E6
:1008C0009B6A802213400BD07B681B685B680E4AD2
:1008D000134019007B68DA6C7B681B680A435A6016
:1008E000C046BD4602B080BDFFFFFDFFFFFFFEFF1B
:1008F000FFFFFBFFFF7FFFFFFFEFFFFFFFDFFFFFBC
:10090000FFFFEFFFFFFF9FFFFFFFF7FF80B586B000
:1009100002AF78607B68902200219950FAF75EFE62
:100920000300FB607B681B681B6808221340082BD0
:100930000CD1FB688022910378681A4A0092002249
:1009400000F032F8031E01D0032326E07B681B6809
:100950001B6804221340042B0CD1FB688022D103B6
:100960007868104A0092002200F01EF8031E01D0A1
:10097000032312E07B688822202199507B688C2217
:10098000202199507B680022DA667B6800221A6772
:100990007B6884220021995400231800BD4604B0CE
:1009A00080BDC046FFFFFF0180B594B000AFF86086
:1009B000B9603B60FB1D1A70A7E0BB6D013300D12D
:1009C000A3E0FAF70BFE02003B68D31ABA6D9A4215
:1009D00002D3BB6D002B3FD1EFF31083BB62BB6A28
:1009E0007B640123FB62FB6A83F31088C046FB68CB
:1009F0001B681A68FB681B684E490A401A607B6CCA
:100A00003B633B6B83F31088C046EFF310837B633B
:100A10007B6B3B640123BB63BB6B83F31088C046D5
:100A2000FB681B689A68FB681B6801218A439A600F
:100A30003B6CFB63FB6B83F31088C046FB6888222A
:100A400020219950FB688C2220219950FB68842238
:100A500000219954032369E0FB681B681B6804228A
:100A6000134052D0FB681B68DA6980231B011A40CF
:100A700080231B019A4248D1FB681B688022120127
:100A80001A62EFF310833B613B69FB6401237B61D6
:100A90007B6983F31088C046FB681B681A68FB6893
:100AA0001B6824490A401A60FB6CBB61BB6983F375
:100AB0001088C046EFF31083FB61FB69BB64012320
:100AC0003B623B6A83F31088C046FB681B689A68E8
:100AD000FB681B6801218A439A60BB6C7B627B6A5E
:100AE00083F31088C046FB68882220219950FB6858
:100AF0008C2220219950FB68902220219950FB687C
:100B0000842200219954032310E0FB681B68DB69F1
:100B1000BA681340BA68D31A5A425341DBB21A007A
:100B2000FB1D1B789A4200D147E700231800BD4601
:100B300014B080BD5FFEFFFF80B598B000AFF860D5
:100B4000B960BB1D1A80FB68BA689A65FB68BA1D5C
:100B50005C2112885A52FB68BA1D5E2112885A52D3
:100B6000FB6800225A67FB689A6880235B019A42FF
:100B70000DD1FB681B69002B04D1FB6860227B4907
:100B800099522EE0FB686022FF21995229E0FB6810
:100B90009B68002B0DD1FB681B69002B04D1FB68FF
:100BA0006022FF2199521CE0FB6860227F2199524C
:100BB00017E0FB689A6880235B059A420DD1FB68B9
:100BC0001B69002B04D1FB6860227F21995208E049
:100BD000FB6860223F21995203E0FB6860220021FC
:100BE0009952FB68902200219950FB688C222221A7
:100BF0009950EFF310833B643B6CFB6501237B64EE
:100C00007B6C83F31088C046FB681B689A68FB689E
:100C10001B6801210A439A60FB6DBB64BB6C83F3C4
:100C20001088C046FB685A6E80239B059A4250D1BB
:100C3000FB6868229B5ABA1D12889A4249D3FB6806
:100C40009A6880235B019A4207D1FB681B69002BDD
:100C500003D1FB68464A5A6702E0FB68454A5A6777
:100C6000FB681B69002B19D0EFF310837B637B6B50
:100C7000BB650123BB63BB6B83F31088C046FB6875
:100C80001B681A68FB681B68802149000A431A60C8
:100C9000BB6DFB63FB6B83F31088C046EFF31083DF
:100CA000BB62BB6A7B650123FB62FB6A83F310882E
:100CB000C046FB681B689A68FB681B688021490571
:100CC0000A439A607B6D3B633B6B83F31088C0469D
:100CD00047E0FB689A6880235B019A4207D1FB6872
:100CE0001B69002B03D1FB68234A5A6702E0FB68AB
:100CF000224A5A67FB681B69002B19D0EFF3108357
:100D0000FB61FB69FB6401233B623B6A83F3108850
:100D1000C046FB681B681A68FB681B689021490085
:100D20000A431A60FB6C7B627B6A83F3108818E0CD
:100D3000EFF310833B613B693B6501237B617B697A
:100D400083F31088C046FB681B681A68FB681B6841
:100D500020210A431A603B6DBB61BB6983F3108895
:100D6000C04600231800BD4618B080BDFF0100003A
:100D7000BD1B0208D11802085D170208E915020818
:100D800080B590B000AFF860B960BB1D1A80FB68F9
:100D9000BA689A65FB68BA1D5C2112885A52FB68D2
:100DA000902200219950FB688C2222219950FB68E7
:100DB00080229B58002B2DD0FB6880229B58404AF4
:100DC000DA62FB6880229B583E4A1A63FB688022E5
:100DD0009B583D4A5A63FB6880229B5800229A63C5
:100DE000FB6880229858FB681B6824331900FB6855
:100DF0009B6D1A00BB1D1B88FBF778FF031E09D0F3
:100E0000FB68902210219950FB688C222021995078
:100E1000012350E0FB681B69002B19D0EFF310830E
:100E2000BB62BB6AFB630123FB62FB6A83F310882E
:100E3000C046FB681B681A68FB681B688021490074
:100E40000A431A60FB6B3B633B6B83F31088C0461D
:100E5000EFF310833B613B69BB6301237B617B69DB
:100E600083F31088C046FB681B689A68FB681B68A0
:100E700001210A439A60BB6BBB61BB6983F3108895
:100E8000C046EFF31083FB61FB697B6301233B6288
:100E90003B6A83F31088C046FB681B689A68FB684E
:100EA0001B6840210A439A607B6B7B627B6A83F3F9
:100EB0001088C04600231800BD4610B080BDC04653
:100EC00019100208491102088B11020880B58AB076
:100ED00000AF7860EFF31083BB60BB687B620123D7
:100EE000FB60FB6883F31088C0467B681B681A6848
:100EF0007B681B68C0218A431A607B6A3B613B693F
:100F000083F31088C046EFF310837B617B693B62FB
:100F10000123BB61BB6983F31088C0467B681B68F3
:100F20009A687B681B6808490A409A603B6AFB61C3
:100F3000FB6983F31088C0467B6888222021995082
:100F4000C046BD460AB080BDFFFF7FFF80B58EB0B2
:100F500000AF7860EFF310837B617B697B630123D3
:100F6000BB61BB6983F31088C0467B681B681A6845
:100F70007B681B6826490A401A607B6BFB61FB6932
:100F800083F31088C046EFF310833B623B6A3B63F8
:100F900001237B627B6A83F31088C0467B681B68F1
:100FA0009A687B681B681B490A409A603B6BBB626E
:100FB000BB6A83F31088C0467B68DB6E012B18D1B7
:100FC000EFF31083BB60BB68FB620123FB60FB682F
:100FD00083F31088C0467B681B681A687B681B68AF
:100FE00010218A431A60FB6A3B613B6983F31088D6
:100FF000C0467B688C22202199507B680022DA66EB
:101000007B6800225A67C046BD460EB080BDC04610
:10101000DFFEFFFFFEFFFFEF80B594B000AF78600A
:101020007B689B6AFB647B681B681B6820221340FB
:101030006FD1FB6C5E2200219952EFF31083BB61EC
:10104000BB69BB640123FB61FB6983F31088C04665
:10105000FB6C1B681A68FB6C1B683A490A401A60F3
:10106000BB6C3B623B6A83F31088C046EFF310838E
:101070007B627B6A7B640123BB62BB6A83F310885B
:10108000C046FB6C1B689A68FB6C1B6801218A4395
:101090009A607B6CFB62FB6A83F31088C046EFF3B7
:1010A00010833B633B6B3B6401237B637B6B83F36C
:1010B0001088C046FB6C1B689A68FB6C1B6840215B
:1010C0008A439A603B6CBB63BB6B83F31088C0465A
:1010D000FB6C8C2220219950FB6CDB6E012B18D10C
:1010E000EFF31083FB60FB68FB6301233B613B690B
:1010F00083F31088C046FB6C1B681A68FB6C1B6886
:1011000010218A431A60FB6B7B617B6983F3108833
:10111000C046FB6C00221A67FB6CDB6E012B08D10A
:10112000FB6C5C229A5AFB6C11001800FEF7D8FF8A
:1011300003E0FB6C1800F5F775FFC046BD4614B020
:1011400080BDC046FFFEFFFF80B584B000AF786071
:101150007B689B6AFB60FB6801221A67FB68DB6E99
:10116000012B0AD1FB685C229B5A5B089AB2FB6890
:1011700011001800FEF7B4FF03E0FB681800FEF74B
:10118000A7FFC046BD4604B080BD80B586B000AFA5
:1011900078607B689B6A7B617B6988229B583B6196
:1011A0007B698C229B58FB607B691B689B68802253
:1011B0001340802B0AD13B69212B07D17B69562232
:1011C000002199527B691800FFF780FE7B691B683C
:1011D0009B6840221340402B0AD1FB68222B07D189
:1011E0007B695E22002199527B691800FFF7AEFEF1
:1011F0007B6990229B5810221A437B6990215A5098
:101200007B691800F5F7A4FEC046BD4606B080BD58
:1012100080B584B000AF78607B689B6AFB60FB6838
:101220005E2200219952FB68562200219952FB68E8
:101230001800F5F78DFEC046BD4604B080BD80B5F0
:101240008AB000AF78607B6888229B58212B4CD1F4
:101250007B6856229B5A9BB2002B32D1EFF310834E
:10126000BB60BB687B620123FB60FB6883F3108873
:10127000C0467B681B681A687B681B6880218A43AC
:101280001A607B6A3B613B6983F31088C046EFF3C9
:1012900010837B617B693B620123BB61BB6983F384
:1012A0001088C0467B681B681A687B681B684021F1
:1012B0000A431A603B6AFB61FB6983F31088C046EE
:1012C00013E07B681B6D1A787B681B689A627B68E9
:1012D0001B6D5A1C7B681A657B6856229B5A9BB211
:1012E000013B99B27B6856229952C046BD460AB06E
:1012F00080BD80B58CB000AF78607B6888229B5839
:10130000212B51D17B6856229B5A9BB2002B32D1A4
:10131000EFF31083FB60FB68BB6201233B613B6919
:1013200083F31088C0467B681B681A687B681B685B
:1013300080218A431A60BB6A7B617B6983F31088D2
:10134000C046EFF31083BB61BB697B620123FB6185
:10135000FB6983F31088C0467B681B681A687B684A
:101360001B6840210A431A607B6A3B623B6A83F335
:101370001088C04618E07B681B6DFB62FB6A1B8807
:101380001A007B681B68D205D20D9A627B681B6DC0
:101390009A1C7B681A657B6856229B5A9BB2013B5C
:1013A00099B27B6856229952C046BD460CB080BDAA
:1013B00080B58CB000AF78607B6888229B58212B69
:1013C00065D12E23FB187A686A21525A1A8059E097
:1013D0007B6856229B5A9BB2002B33D1EFF31083CC
:1013E000FB60FB68BB6201233B613B6983F31088B0
:1013F000C0467B681B689A687B681B6826490A4060
:101400009A60BB6A7B617B6983F31088C046EFF307
:101410001083BB61BB697B620123FB61FB6983F3C2
:101420001088C0467B681B681A687B681B6840216F
:101430000A431A607B6A3B623B6A83F31088C046AA
:10144000C04624E07B681B68DB698022134013D010
:101450007B681B6D1A787B681B689A627B681B6DC2
:101460005A1C7B681A657B6856229B5A9BB2013BCB
:1014700099B27B68562299522E217B181A887B18C4
:10148000013A1A802E23FB181B88002BA0D1C046DE
:10149000BD460CB080BDC046FFFF7FFF80B58CB05D
:1014A00000AF78607B6888229B58212B6AD12E235D
:1014B000FB187A686A21525A1A805EE07B685622CD
:1014C0009B5A9BB2002B33D1EFF31083BB60BB68F8
:1014D0007B620123FB60FB6883F31088C0467B6856
:1014E0001B689A687B681B6828490A409A607B6A77
:1014F0003B613B6983F31088C046EFF310837B6147
:101500007B693B620123BB61BB6983F31088C046E2
:101510007B681B681A687B681B6840210A431A6055
:101520003B6AFB61FB6983F31088C046C04629E033
:101530007B681B68DB698022134018D07B681B6DB9
:10154000BB62BB6A1B881A007B681B68D205D20D80
:101550009A627B681B6D9A1C7B681A657B685622B1
:101560009B5A9BB2013B99B27B68562299522E211D
:101570007B181A887B18013A1A802E23FB181B88C7
:10158000002B9BD1C046BD460CB080BDFFFF7FFF46
:1015900080B586B000AF7860EFF31083BB60BB68A6
:1015A0007B610123FB60FB6883F31088C0467B6886
:1015B0001B681A687B681B6840218A431A607B6934
:1015C0003B613B6983F31088C0467B6888222021F9
:1015D00099507B6800229A677B681800F5F794FCA5
:1015E000C046BD4606B080BD80B590B000AF786003
:1015F0003E203B187A686021525A1A807B688C2200
:101600009B58222B00D09AE07B681B685A6A3C21C9
:101610007B181A807B181B88DAB23B181B88D9B25A
:101620007B689B6D0A40D2B21A707B689B6D5A1C16
:101630007B689A657B685E229B5A9BB2013B99B29C
:101640007B685E2299527B685E229B5A9BB2002B7C
:1016500000D07CE0EFF31083BB61BB69BB63012367
:10166000FB61FB6983F31088C0467B681B681A68BE
:101670007B681B6838490A401A60BB6B3B623B6A57
:1016800083F31088C046EFF310837B627B6A7B6331
:101690000123BB62BB6A83F31088C0467B681B686A
:1016A0009A687B681B6801218A439A607B6BFB62A6
:1016B000FB6A83F31088C0467B688C2220219950F6
:1016C0007B6800225A677B6800221A677B68DB6EA2
:1016D000012B2FD17B680022DA66EFF31083FB60C9
:1016E000FB683B6301233B613B6983F31088C04681
:1016F0007B681B681A687B681B6810218A431A6024
:101700003B6B7B617B6983F31088C0467B681B68F9
:10171000DB6910221340102B03D17B681B68102259
:101720001A627B685C229A5A7B6811001800FEF7E7
:10173000D7FC0CE07B681800F5F774FC07E07B68C9
:101740001B689A697B681B6808210A439A61C04636
:10175000BD4610B080BDC046DFFEFFFF80B590B033
:1017600000AF78603E203B187A686021525A1A8098
:101770007B688C229B58222B00D09AE07B681B68E8
:101780005A6A3C217B181A807B689B6DBB637B186F
:101790003A181B88128813409AB2BB6B1A807B6878
:1017A0009B6D9A1C7B689A657B685E229B5A9BB2F4
:1017B000013B99B27B685E2299527B685E229B5AFC
:1017C0009BB2002B00D07CE0EFF310837B617B6940
:1017D0007B630123BB61BB6983F31088C0467B68D0
:1017E0001B681A687B681B6838490A401A607B6B63
:1017F000FB61FB6983F31088C046EFF310833B6203
:101800003B6A3B6301237B627B6A83F31088C0469B
:101810007B681B689A687B681B6801218A439A6011
:101820003B6BBB62BB6A83F31088C0467B688C222B
:10183000202199507B6800225A677B6800221A6732
:101840007B68DB6E012B2FD17B680022DA66EFF319
:101850001083BB60BB68FB620123FB60FB6883F302
:101860001088C0467B681B681A687B681B6810215B
:101870008A431A60FB6A3B613B6983F31088C04668
:101880007B681B68DB6910221340102B03D17B6837
:101890001B6810221A627B685C229A5A7B681100CE
:1018A0001800FEF71DFC0CE07B681800F5F7BAFB8A
:1018B00007E07B681B689A697B681B6808210A43FC
:1018C0009A61C046BD4610B080BDC046DFFEFFFF36
:1018D00080B59CB000AF78606A23FB187A686021FD
:1018E000525A1A807B681B68DB69FB667B681B6841
:1018F0001B687B667B681B689B683B667B688C22E9
:101900009B58222B00D044E15E23FB187A686821A3
:10191000525A1A80EBE07B681B685A6A5C217B187C
:101920001A807B181B88DAB26A23FB181B88D9B28D
:101930007B689B6D0A40D2B21A707B689B6D5A1C03
:101940007B689A657B685E229B5A9BB2013B99B289
:101950007B685E2299527B681B68DB69FB66FB6EC5
:101960000722134049D0FB6E0122134010D07A6E3B
:1019700080235B0013400BD07B681B6801221A6236
:101980007B6890229B5801221A437B6890215A5011
:10199000FB6E022213400FD03B6E012213400BD08E
:1019A0007B681B6802221A627B6890229B58042283
:1019B0001A437B6890215A50FB6E042213400FD0CB
:1019C0003B6E012213400BD07B681B6804221A6215
:1019D0007B6890229B5802221A437B6890215A50C0
:1019E0007B6890229B58002B07D07B681800F5F786
:1019F000AFFA7B689022002199507B685E229B5A47
:101A00009BB2002B73D1EFF31083FB62FB6ABB65C3
:101A100001233B633B6B83F31088C0467B681B68E4
:101A20001A687B681B6861490A401A60BB6D7B635A
:101A30007B6B83F31088C046EFF31083BB63BB6BF3
:101A40007B650123FB63FB6B83F31088C0467B68D7
:101A50001B689A687B681B6855490A409A607B6DD1
:101A60003B643B6C83F31088C0467B688C2220214A
:101A700099507B6800225A677B6800221A677B684E
:101A8000DB6E012B2FD17B680022DA66EFF3108327
:101A90003B623B6A3B6501237B627B6A83F3108870
:101AA000C0467B681B681A687B681B6810218A43E4
:101AB0001A603B6DBB62BB6A83F31088C0467B68CB
:101AC0001B68DB6910221340102B03D17B681B6855
:101AD00010221A627B685C229A5A7B6811001800F7
:101AE000FEF7FEFA03E07B681800F5F79BFA5E2329
:101AF000FB181B88002B04D0FB6E2022134000D063
:101B000009E74E203B187A685E21525A1A8001007C
:101B10007B181B88002B44D07B6868229B5A7A185C
:101B200012889A423DD2EFF31083BB60BB68BB645E
:101B30000123FB60FB6883F31088C0467B681B6849
:101B40009A687B681B681B490A409A60BB6C3B61C2
:101B50003B6983F31088C0467B68174A5A67EFF3E6
:101B600010837B617B697B640123BB61BB6983F369
:101B70001088C0467B681B681A687B681B68202138
:101B80000A431A607B6CFB61FB6983F31088C046D3
:101B900007E07B681B689A697B681B6808210A4319
:101BA0009A61C046BD461CB080BDC046FFFEFFFF27
:101BB000FEFFFFEFFFFFFFEFE915020880B59EB0C3
:101BC00000AF78607223FB187A686021525A1A803D
:101BD0007B681B68DB697B677B681B681B68FB662F
:101BE0007B681B689B68BB667B688C229B58222B9A
:101BF00000D044E16623FB187A686821525A1A80A3
:101C0000EBE07B681B685A6A64217B181A807B684A
:101C10009B6D3B667B187222BA181B881288134092
:101C20009AB23B6E1A807B689B6D9A1C7B689A65A2
:101C30007B685E229B5A9BB2013B99B27B685E2215
:101C400099527B681B68DB697B677B6F07221340B7
:101C500049D07B6F0122134010D0FA6E80235B00C5
:101C600013400BD07B681B6801221A627B689022AC
:101C70009B5801221A437B6890215A507B6F0222A5
:101C800013400FD0BB6E012213400BD07B681B6842
:101C900002221A627B6890229B5804221A437B68B6
:101CA00090215A507B6F042213400FD0BB6E01224B
:101CB00013400BD07B681B6804221A627B68902259
:101CC0009B5802221A437B6890215A507B689022CD
:101CD0009B58002B07D07B681800F5F739F97B6813
:101CE0009022002199507B685E229B5A9BB2002B68
:101CF00073D1EFF310833B633B6BFB6501237B6385
:101D00007B6B83F31088C0467B681B681A687B680E
:101D10001B6861490A401A60FB6DBB63BB6B83F3B0
:101D20001088C046EFF31083FB63FB6BBB65012398
:101D30003B643B6C83F31088C0467B681B689A68E1
:101D40007B681B6855490A409A60BB6D7B647B6C5D
:101D500083F31088C0467B688C22202199507B68D1
:101D600000225A677B6800221A677B68DB6E012BB2
:101D70002FD17B680022DA66EFF310837B627B6AE7
:101D80007B650123BB62BB6A83F31088C0467B6816
:101D90001B681A687B681B6810218A431A607B6D78
:101DA000FB62FB6A83F31088C0467B681B68DB69B3
:101DB00010221340102B03D17B681B6810221A627B
:101DC0007B685C229A5A7B6811001800FEF788F93C
:101DD00003E07B681800F5F725F96623FB181B88DC
:101DE000002B04D07B6F2022134000D009E7522043
:101DF0003B187A685E21525A1A8001007B181B88B2
:101E0000002B44D07B6868229B5A7A1812889A4229
:101E10003DD2EFF31083FB60FB68FB6401233B6161
:101E20003B6983F31088C0467B681B689A687B68AF
:101E30001B681B490A409A60FB6C7B617B6983F3DA
:101E40001088C0467B68174A5A67EFF31083BB615E
:101E5000BB69BB640123FB61FB6983F31088C04647
:101E60007B681B681A687B681B6820210A431A601C
:101E7000BB6C3B623B6A83F31088C04607E07B681B
:101E80001B689A697B681B6808210A439A61C046EF
:101E9000BD461EB080BDC046FFFEFFFFFEFFFFEF48
:101EA000FFFFFFEF5D17020880B582B000AF7860DA
:101EB000C046BD4602B080BD80B582B000AF78603C
:101EC000C046BD4602B080BD80B582B000AF78602C
:101ED000C046BD4602B080BD80B584B000AF78601A
:101EE0007B6884229B5C012B01D1022327E07B6865
:101EF0008422012199547B688822242199507B688F
:101F00001B681B68FB607B681B681A687B681B6822
:101F100001218A431A60FB680B4A1340FB607B680F
:101F200000225A667B681B68FA681A607B68882200
:101F3000202199507B6884220021995400231800A5
:101F4000BD4604B080BDC046FFFFFFDF80B584B052
:101F500000AF786039607B6884229B5C012B01D1E3
:101F600002232EE07B688422012199547B68882219
:101F7000242199507B681B681B68FB607B681B6889
:101F80001A687B681B6801218A431A607B681B689A
:101F90009B68DB00D9087B681B683A680A439A6033
:101FA0007B68180000F054F87B681B68FA681A60B8
:101FB0007B688822202199507B68842200219954D3
:101FC00000231800BD4604B080BD000080B584B079
:101FD00000AF786039607B6884229B5C012B01D163
:101FE00002232FE07B688422012199547B68882298
:101FF000242199507B681B681B68FB607B681B6809
:102000001A687B681B6801218A431A607B681B6819
:102010009B680E4A134019007B681B683A680A43A4
:102020009A607B68180000F013F87B681B68FA68F8
:102030001A607B688822202199507B6884220021C5
:10204000995400231800BD4604B080BDFFFFFFF186
:10205000F0B585B000AF78607B685B6E002B08D16F
:102060007B686A22012199527B686822012199527A
:1020700043E00F26BB1908221A700E203B180822D5
:102080001A707B681B689B685B0EDAB20D243B19E3
:1020900007210A401A707B681B689B685B0FDAB2E5
:1020A0000C257B1907210A401A703B181B787A19F6
:1020B000127814498A5C5A4310007B191B78124A23
:1020C000D35C1900DEF7D0F8030099B27B686A226E
:1020D0009952BB191B783A1912780A498A5C5A43FB
:1020E00010003B191B78084AD35C1900DEF7BCF8D6
:1020F000030099B27B6868229952C046BD4605B07C
:10210000F0BDC04670B8020878B8020880B500AFCC
:10211000E2F7EAFAFEE780B582B000AF7860FEE74A
:1021200010B5002101F032FA10BD10B50A220021CD
:1021300001F0C0FA10BD10B50A22002101F0BAFA70
:1021400010BD000010B5034B0100186800F00EF838
:1021500010BDC046A008002010B5034B0100186850
:1021600001F0CEFD10BDC046A0080020F0B50D0066
:1021700087B00B350190162D08D90722954306D557
:102180000C23019A1360002007B0F0BD1025A9426E
:10219000F6D8019800F0FEF9FC23BE4E5B009D428C
:1021A00019D22A000832B218110054680839EB0815
:1021B0008C4203D1D4680233A24222D00322636846
:1021C000A1689343E268E318CA60916001225968EC
:1021D0000A435A602AE03F236A0A03D0042A2BD814
:1021E000AB09383303229446D9008919CC688C4254
:1021F00006D0604662688243571B0F2F34DD013BD7
:1022000001333469A4498C4255D00320626882436B
:10221000501B0F2836DD012367191D4303436560FA
:1022200077613761F960B9607B60A050019800F078
:10223000B9F920000830A7E7142A02D813005B334D
:10224000D0E7542A02D82B0B6E33CBE7AA235B00CE
:102250009A4202D8EB0B7733C4E790497E238A4237
:10226000C0D8AB0C7C33BDE7E068002F08DBA36867
:10227000D86083600123A21851680B435360D5E7EF
:102280000400B4E7716131610028F3DA71688C46AB
:10229000802189008A4200D38CE0D10850090122B4
:1022A0008240604602437260CA0092199168E260FF
:1022B000A1609460CC600122764899108A40416800
:1022C000914228D30A4205D10324A3435200043388
:1022D0000A42FBD06F490491D90041188C460F0087
:1022E0000293FC68BC4200D09BE0032402990837AB
:1022F000013102912142F4D103210B4200D0B7E019
:10230000436893434360049B52005968914202D34F
:10231000002A00D0BBE00322836802935B689343EA
:102320000393AB4203D3591B0F2900DD23E1029B2A
:10233000039A08209E185A4B1F6801F057FC594B0E
:1023400010371B687F190490013303D07B1E1B18C4
:1023500047421F403900019801F0F4FB0400431C80
:1023600000D1DEE0864204D94A4B029A9A4200D05C
:10237000D7E04D4A1368FB181360049A013AA6424D
:1023800000D097E0164200D094E0424B9A68039B3D
:10239000DF1901233B435360434B444A1B681168D8
:1023A0008B4200D91360424A11688B4200D8B8E0D2
:1023B0001360B6E0500A042811D891093831CF00D3
:1023C000BF19B868874225D1012289108A40614629
:1023D0000A437260E760A060BC60C4606BE71428C9
:1023E00002D801005B31EAE7542802D8110B6E31A4
:1023F000E5E7AA214900884202D8D10B7731DEE710
:10240000264F7E21B842DAD8910C7C31D7E780681C
:10241000874204D003264168B1439142F7D8C76888
:10242000D8E703266168B1430391E668491B0F2989
:1024300010DD0122631915436560A5680A43EE604B
:10244000B5604361036114485A60D8609860039B8B
:10245000E150EBE6002909DB039BE11801234A6800
:1024600013434B60A368DE60B360DFE6340039E7F6
:10247000082149428C4461468968013B614500D18D
:102480003AE740E7043352000A42FBD024E7029BBC
:10249000FAE7C046F80100200002002054050000C1
:1024A0008CA30120000600205CA3012084A301204E
:1024B00088A3012034490868013040D10C6007210D
:1024C000260000230E400C4202D008339B1BE41868
:1024D000E1190591059F04991740CB18DF1B1740A0
:1024E0003900019801F02EFB431C07D1371E0598D7
:1024F00004D030000027059B08381818234A001B19
:102500001368C019DB1913600122214B0299104393
:102510009C606060994200D13EE7039B0F2B13D86B
:10252000626003221A4B9B685B689343591BAB4262
:1025300001D30F291FDC019800F034F823E613497A
:10254000A61BF6180E60BAE70721039B0C3B8B43D2
:10255000029949680A4002991A434A60CA1805213B
:10256000516091600F2B00D816E70299019808314D
:1025700001F0C6FB10E70122130005482B438468D5
:1025800063606319836023E6000600205CA30120DA
:10259000F801002010B5024801F026FB10BDC0462E
:1025A000D1A4012010B5024801F01FFB10BDC046A8
:1025B000D1A40120094B10B51C68094A9834206841
:1025C0006168084BDDF7DEFF0122002380185941C6
:1025D000206061604800400810BDC046A00800208F
:1025E0002D7F954C2DF4515810B5034B0A00010076
:1025F000186800F003F810BDA0080020F0B587B0FF
:102600000C1E0190059206D11100FFF7AFFD0700E7
:10261000380007B0F0BD0198FFF7BCFF2300083B6E
:102620005F680493059B0B33162B08D9072293434D
:10263000009306D50C23019A00271360E8E71023C6
:102640000093009B059A9342F4D3049B3A000293B3
:1026500003239A43009B0392934200DC69E1049BAD
:10266000B8489B18826894465A689C4506D0012554
:102670001100A94359184968294244D103218A43CA
:1026800003998E1800999C4517D11031B1423CDC5A
:10269000009A01219446B61A2200049B0E4363441B
:1026A0008360083A5E60536801980B4061460B43B3
:1026B0005360FFF777FF2700AAE7B14225DCDA680D
:1026C0009B68DA609360009B029AF41A029B92194D
:1026D0005868012318400F2C00D82CE1009D029966
:1026E00028434919029D1C4368604C6050680831BA
:1026F00003435360019801F003FB0198FFF752FF79
:10270000029F083784E700221300FF0700D5C6E0C8
:102710002100032008390D6804994D1B6968814325
:1027200003980F18002B00D184E0D6199C4548D19E
:10273000009B1033B3427DDCAA68EB682F00D360A6
:102740009A600200043A0837242A35D83B00132A3D
:1027500008D92368AB606368EB601B2A1AD82B008A
:102760000834103322681A6062685A60A2689A605E
:10277000009B744AEB189360009AB61A0122164324
:102780005E606B681340009A13436B600198FFF71B
:1027900009FF3DE7A3682B61E3686B61242A03D03E
:1027A0002B0010341833DDE72369AB612B0062691D
:1027B0002033EA611834D5E72100380001F0EAF847
:1027C000D6E7009AB24235DC2800DA689B68083008
:1027D000DA609360AA68EB68D3609A60039A043A5F
:1027E000242A23D8132A07D92368AB606368EB60D7
:1027F0001B2A09D8083408302368036063684360E3
:10280000A368836002955EE7A3682B61E3686B6150
:10281000242A03D0280010341830EDE7280023695B
:102820002030AB6163691834EB61E5E7210001F00A
:10283000B1F8E7E7009BBB4231DC2800AA68EB68EF
:102840000830D3609A60039A043A242A23D8132AC2
:1028500007D92368AB606368EB601B2A09D808348A
:1028600008302368036063684360A36883603E00A8
:10287000C8E7A3682B61E3686B61242A03D02800B2
:1028800010341830EDE7280023692030AB6163690C
:102890001834EB61E5E7210001F07CF8E7E70599E2
:1028A0000198FFF763FC071E00D16FE723000122A8
:1028B000083B5B689343049AD3180200083A93429A
:1028C00005D15E6803239E43039BF618FBE6039A3B
:1028D000043A242A29D803002100132A08D923689E
:1028E0000360636843601B2A0DD803000831083376
:1028F0000A681A604A685A608A689A6021000198DA
:1029000001F0FEF942E7A3688360E368C360242A0C
:1029100003D0030010311033EAE723691831036153
:102920000300626918334261E2E7210001F032F8E6
:10293000E4E7039EC7E6029906434E6051680B43E5
:102940005360DAE6F801002070B516000D0002F0C1
:102950002DF9002E0DD06B236A00520D9B1A002B0F
:1029600007DD0024034A1B059D182B002200DFF71A
:1029700005FC70BD0000F03FF0B5A1B01992002237
:1029800000260027049007911C921B910A782B2A9D
:1029900055D041D80D2A3BD8082A3BD8002A44D02C
:1029A00000220F9200211B9D09912A78302A00D025
:1029B00085E06A7820318A43582A00D075E0029376
:1029C0000F9B974A01931CAB009304981DAB1BA966
:1029D00001F0B2FA0F2302001A40040005921842D7
:1029E00005D0062A2DD16B1C1B9300230F93199B36
:1029F000002B02D01B9B199A13600F9B002B1BD03E
:102A0000802332001B06FB181000190021B0F0BD16
:102A1000202AC5D10131B8E72D2AC1D12C3A0F9215
:102A20004A1C1B924A78002ABCD1079B1B930023A7
:102A30000F93199B002BDDD132003B00E4E700220D
:102A4000EDE71C9A002A07D035211EA802F09FF955
:102A50001C99049801F09CFD05981D9B01380428E1
:102A600006D8DDF763FB12031C1E12001E9E1F9F7B
:102A7000E40502D580231B061F436A4B3B42B6D1B7
:102A800001F086F822230360B1E767491F9A1E9E72
:102A90000A4066495B181B051A431700E8E7614FB7
:102AA000E6E70126624F7642E2E71B9B5A1C1B9227
:102AB0005B78302BF9D0002B99D0012309930025A6
:102AC0000A221B9B0D95109308951B9804782300F0
:102AD000303BD9B2092927D90122564900F090FF8D
:102AE000002831D0002023008446089A0C900592DB
:102AF0002022190091430A0000210691452A00D0A6
:102B0000C2E0059B099A034313438B428DD01B9B64
:102B1000079301331B93079B5B782B2B71D00C0021
:102B20002D2B74D101246DE00899082909DC0D9939
:102B300051435B180D93089B0130013308931B90A0
:102B4000C3E755435D19F6E71B9B5A1C1B92089A75
:102B50005B78002A3AD00C9005921A00303A092A84
:102B600012D901229446C3E71B9B01305A1C1B92C9
:102B70005B78302BF8D01A00313A082A3CD80C90F8
:102B800000201B9A059010921A00411C303A302BFD
:102B900016D00C9B5B180C93059B0A219C46844421
:102BA000634515D10599059B013109181B1805913D
:102BB000082B19DC0A230D994B430021D3180D93E0
:102BC0001B9B08005A1C1B925B78C6E70898D0E74D
:102BD0005C1C082B04DC0D9B4B430D932300DFE7AB
:102BE000102CFBDC4D43F9E7059B0021102BE7DCA3
:102BF0000A235D435519E3E700220C920592013246
:102C0000B0E70024079B02331B93079B9B781A00B5
:102C1000303A092A14D9079A1B92002233E0C046A1
:102C200044B902080000F07FFFFFEFFF330400000B
:102C3000FFFFFF7F40B902081B9B5A1C1B925B7869
:102C4000302BF9D0002206921A00313A082A1BD8FC
:102C5000303B0E931B9B06931B9B591C1B915B786F
:102C60001A00303A092A3AD9069A8A1AB2490691C4
:102C7000082A04DC0E9A06928A4200DD0691002C96
:102C800002D0069A52420692059A002A4DD1099A1C
:102C9000104300D0ABE66246002A00D0C5E6692B9F
:102CA00027D023DC492B24D04E2B00D0BDE6A349EE
:102CB0001BA801F077FB002800D1B6E61B9B1B7810
:102CC000282B2CD19E491EAA1BA801F07FFB0528AA
:102CD00025D11F9B9B4A1E9E1A43170087E60A2296
:102CE0000E994A43D218303A0E92B5E76E2BDED0D9
:102CF0009BE695491BA801F055FB002800D194E6FE
:102D00001B9B9249013B1BA81B9301F04BFB002826
:102D100002D11B9B01331B9300268A4F67E68C4828
:102D200000F080FF06000F0061E6069B0C9A9B1ADC
:102D30000993089B002B01D1059B0893059C102C3F
:102D400000DD10240D98E0F7E1F8059B06000F0068
:102D5000092B15DD22007F4B093AD2009B181A6817
:102D60005B68DFF70BFA060028000F00E0F7CEF8EB
:102D700002000B0030003900DEF7A6FA06000F0053
:102D8000059B0F2B39DC099B002B00D12FE624DD9E
:102D9000162B09DC6F49DB00C91832000868496846
:102DA0003B00DFF7EBF9BDE72523059A9B1A099A4B
:102DB000934222DB0F24059B664DE41AE10069185B
:102DC0003200086849683B00DFF7D8F9099B1C1BF3
:102DD000E4002D192A686B68E3E7099B16330CDBC6
:102DE00006990C9A5B4B521AD2009B1830001A6855
:102DF0005B683900DEF7C8FD94E7059B1C1B099B47
:102E0000E418002C72DD0F222300134014420AD074
:102E10005049DB00C9183200086849683B00DFF7F9
:102E2000ADF906000F000F239C434AD02633FF3331
:102E30009C4222DD0023059306930D9308932223E1
:102E40000026049A3F4F13600D9BB34200D1CEE59C
:102E50001C99049801F09CFB0899049801F098FBD8
:102E60000699049801F094FB0D99049801F090FBE9
:102E70000599049801F08CFBB9E500233000390076
:102E8000354D24110793012C1EDC002B01D00600C8
:102E90000F00324B079AFF182F4BD2009D1828685D
:102EA000696832003B00DFF769F9264B2C4A0600BF
:102EB0000B409342BED82B4A934213D901262A4F86
:102EC00076420023079388E00122144204D02A6846
:102ED0006B68DFF753F90123079A641001320792F8
:102EE0000835D0E7D4239B04CF18EAE7002CE8D0BC
:102EF00064420F2322001A401C420AD0154BD20014
:102F00009B1830001A685B683900DEF73DFD06004B
:102F10000F002411D5D01F2C28DD00230593069324
:102F20000D9308932223049A002613600D9B00271B
:102F3000002B8DD15BE5C0461F4E000079BC020816
:102F400058B902080000F07F71BC0208FFBC0208FB
:102F5000FBBC020898BB020870BB02080000B0FC72
:102F60000000A07C0000907CFFFFEF7F1023220078
:102F70001A4007921C4201D05A330793300039009F
:102F80000023C44D0122144204D02A686B68DFF785
:102F9000F5F8012364100835002CF3D1002B01D083
:102FA00006000F00079B002B0FD06B237A00520DF9
:102FB00039009B1A002B08DD1F2B00DC21E10026C5
:102FC000342B00DC16E1DC27BF0400220023300094
:102FD0003900DDF745FA00289FD10D9B089A009330
:102FE0001099059B049801F021FB0D90002800D159
:102FF00020E7099B0699DA170C9B5B1A1A40099B7C
:103000001592DB43099ADB171A40002318920593A7
:1030100006930D9B0498596801F092FA08900028D5
:1030200000D10CE70D9B0C3019001A690C310232EB
:10303000920000F0EEFD1EAB01931DAB0093320039
:103040003B0004981096119701F018FE1C90002880
:1030500000D1F4E60121049801F07CFB06900028E1
:1030600000D1ECE61D9B189A159DD41A002B01DBAC
:10307000189C5D1907991E9A5B1A36219B188A1AAB
:10308000854901208C460021013B14911290634533
:1030900007DA6146C91A521A1F2900DDB6E08840D6
:1030A0001290AB180C93A418079B0C9A1C192B00B8
:1030B000954200DD1300A34200DD2300002B04DD58
:1030C0000C9AE41AD21A0C92ED1A159B002B17DDFC
:1030D0001A000699049801F005FC0690002800D11A
:1030E000ADE601001C9A049801F04CFB0E900028FC
:1030F00000D1A4E61C99049801F04AFA0E9B1C9397
:103100000C9B002B00DD87E0099B002B08DD189A43
:103110000899049801F0E6FB0890002800D18EE69B
:10312000002C08DD22000899049801F01DFC08908D
:10313000002800D183E6002D08DD2A0006990498B6
:1031400001F012FC0690002800D178E6089A1C993C
:10315000049801F093FC0590002800D16FE600224E
:10316000C3680699C2600C9301F06CFC00285DDA1C
:103170000C9B334300D088E03B0300D085E0D6228F
:10318000464BD2043B4093427FD9059B5B69002BA1
:1031900003D1059B1B69012B77DD0599012204985A
:1031A00001F0E2FB0699059001F04CFC00286CDD73
:1031B00007993B00394A002900D194E01100D6203C
:1031C0003940C004814200DD8DE0DC239B0499423C
:1031D00000DCA7E630003900314B0022DEF7CEFFDD
:1031E0002E4B06000F000B4200D031E62223049A3A
:1031F00013602DE64B239A1A4C3B934019400F0065
:10320000E3E6012252429A401640DEE62549CB1AF7
:1032100001009940149143E70C9A1C99049801F01D
:10322000A3FB1C90002800D06EE708E60E9700284C
:1032300077D10C9A3B031B0B002A39D01A4A9342D0
:1032400039D10121079B494232000800002B0BD0E5
:10325000D424124B08003B40E404A34204D86C3051
:103260001B0DC31A99400800824224D10F4B0E99BE
:10327000994202D1013200D1E1E5084B0E9A0026B5
:103280001A401300802252039F18079B002BA1D1E4
:10329000DEE5C04670B9020802FCFFFF0000F07FC7
:1032A00000005039E2FBFFFFFFFF0F00FFFFEF7F41
:1032B000334300D17CE7149B002B1DD00E9B149A46
:1032C0001342E2D00C9B30003900079A002B17D034
:1032D000FFF73AFB02000B0010981199DDF7F4FF9D
:1032E00006000F00D1E701261340984A76429B184A
:1032F000974A1A431700C8E7129B3342C5D0E1E74B
:10330000FFF722FB02000B0010981199DFF7F8F984
:103310000022002306000F00DDF7A2F80028B4D039
:1033200000E60699059801F009FD80230022DB05DF
:1033300004000D00DDF7A4F800286DD00C9B002BD5
:1033400000D07EE0002E58D10E9B1B0300D07FE002
:103350000022200029007F4BDDF788F8002858D193
:103360002000290000227C4BDEF708FF04000D003E
:1033700080231B060A94EB180B930A9A0B9B12925C
:103380001393764A0E9B13401493149A744B9A42EB
:1033900000D091E0734A0E9B944663441F003000B6
:1033A000190001F003FC0A9A0B9BDEF7E7FE3200DE
:1033B0003B00DDF789FF694A6B4B06000A409A42E1
:1033C00049D9119A694B9A4203D1109B013300D11C
:1033D00035E50126654F76421C99049801F0D8F82E
:1033E0000899049801F0D4F80699049801F0D0F8EF
:1033F0000599049801F0CCF80BE6012E03D10E9B41
:10340000002B00D18EE50023594C0A930B940C9CA1
:103410001CE00C9C504DABE70022200029004E4BD5
:10342000DEF7ACFE0C9A04000B000D00002A04D15C
:10343000802212060A908B189EE702000A920B93D4
:103440009BE70023434C0A930B940024414D94E7DF
:103450000023474CF7E7D4239B04CF18079B0E9714
:10346000002BB9D13D4B149A3B409A42B4D1200075
:103470002900DDF7EBF8DDF725F902000B0020004D
:103480002900DFF73DF93B030C9A1B0B3343134331
:1034900004000D00374A002B54D0374BDCF7E6FF11
:1034A000002800D0D4E420002900344A2A4BDCF75D
:1034B000F1FF002890D0CBE4079B002B2BD0D42326
:1034C000149ADB049A4226D8200029002C4A2D4B5E
:1034D000DCF7D6FF002817D020002900DDF798F888
:1034E000002800D10130DFF711FD0C9A04000B0019
:1034F0000D00002A22D1802212068B1816901793F5
:10350000169A179B12921393D622139BD2049B18E0
:10351000149A9B1A139310981199129E139F01F0FD
:1035200045FB02000B0030003900DEF727FE109A41
:10353000119BDDF7C9FE06000F008FE7020016920F
:103540001793DDE7104BDCF791FFB2E70000F0FFC7
:10355000FFFF0F000000F03F0000E03F0000F07FA1
:103560000000E07F0000B0FCFFFF9F7CFFFFEF7FCB
:103570000000F0BF9535A094FFFFDF3F35E5AF3584
:103580000000C0FFFFFFDF41FFFFCF3F10B5044C3D
:103590000A000100034B2068FFF7EEF910BDC0469A
:1035A000A008002014060020F0B587B01E0005908A
:1035B00001910292012B48D00B00242E45D83B4AA2
:1035C000082194461A00604614780133005D1D00FE
:1035D00007000F400842F5D12D2C3DD101271C7862
:1035E000951C002E5ED0102E09D1302C07D1202240
:1035F0002B789343582B50D110266C7802352C4BE6
:103600003100FB1818000393DCF72AFE0022049116
:1036100001218446100049422300303B092B03D985
:10362000113B192B1DD80A339E421EDD541C09D0B4
:103630000A00844506D302D1049C9C4202DB01228D
:10364000704318182C780135E6E700F0A1FA16232C
:103650000360002007B0F0BD2B2CC2D11C78951C54
:10366000BFE72300613B192BDDD9531C09D122236D
:10367000059A03981360029B002BEBD06B1E0193FD
:1036800007E0002F00D04042029B002BE2D0002A2E
:10369000F4D1029B019A1A60DCE73024002EAED1EF
:1036A0000836ACE7302CA2D00A26A8E799B9020860
:1036B000FFFFFF7F10B5044C13000A0001002068D3
:1036C000FFF772FF10BDC046A0080020002310B510
:1036D000040003604360836081814366C2810361AB
:1036E00043618361190008225C3000F066F90B4BDE
:1036F000E46123620A4B63620A4BA3620A4BE362F2
:103700000A4B9C4205D00A4B9C4202D0094B9C427A
:1037100003D12000583000F065FA10BDFD380208D2
:10372000253902085D3902088939020890A3012071
:10373000F8A3012060A4012010B5034A03490448FE
:1037400000F06CF810BDC04608060020B562020803
:103750008007002041680B4B10B50400994201D04E
:1037600002F0A8FDA168084B994202D0200002F0A7
:10377000A1FDE168054B994202D0200002F09AFDBC
:1037800010BDC04690A30120F8A3012060A4012031
:1037900010B5094B094A04211A6009480022FFF7B5
:1037A00095FF012209210748FFF790FF022212210D
:1037B0000548FFF78BFF10BDC8A401203937020868
:1037C00090A30120F8A3012060A4012010B50248B5
:1037D00000F00AFA10BDC046D2A4012010B502487C
:1037E00000F003FA10BDC046D2A4012010B50400B9
:1037F000FFF7ECFF636B002B02D0FFF7EFFF10BD6C
:10380000044B6363044B1B68002BF6D1FFF7C0FF2A
:10381000F3E7C04655370208C8A40120F7B51400E5
:10382000002600900191A5686768013F04D52468CF
:10383000002CF8D13000FEBDAB89012B08D90E2237
:10384000AB5E013304D029000098019B98470643E2
:103850006835EAE70CB430B5174B0C001D689DB015
:10386000002908DA8B2301202B6040421DB030BCB8
:1038700008BC02B0184782236A469B00938200234B
:1038800002900690994200D04B1E049307930123A7
:103890006A465B42D382280021AB209A02A9019399
:1038A00001F0C6FA431C01DA8B232B60002CDDD01B
:1038B0000022029B1A70D9E7A00800200EB400B5C0
:1038C0000B499CB01DAB02900690079104910948EA
:1038D000094904CB0591006802A9019301F0A8FAF7
:1038E0000022029B1A701CB008BC03B01847C046E7
:1038F000FFFFFF7FA00800200802FFFF70B50C004B
:103900000E25495F00F00AF9002803DB236D1B1820
:10391000236570BDA389024A1340A381F9E7C0461D
:10392000FFEFFFFFF8B51F008B8905000C001600A4
:10393000DB0505D50E23C95E0022022300F0DAF86C
:10394000A389054A28001340A38132000E23E15EBB
:103950003B0000F009F9F8BDFFEFFFFF70B50C0068
:103960000E25495F00F0C6F8A389421C03D1054A21
:103970001340A38170BD802252011343A3812065AF
:10398000F8E7C046FFEFFFFF10B50E23C95E00F059
:103990009FF810BD10B5884202D98B18984203D306
:1039A000002307E08B5C8354013AFBD210BDCC5C52
:1039B000C45401339A42FAD1F8E7030082189342C3
:1039C00000D1704719700133F9E7020010B5137880
:1039D00014000132002BFAD1CA5CE2540133002AF0
:1039E000FAD110BDC9B20378002B04D08B4200D1AC
:1039F00070470130F7E74B42594149420840F7E729
:103A000030B50500101E0BD00024013A2B5D085D77
:103A1000834204D1A24202D00134002BF6D1181AFD
:103A200030BD030030B51D00002A06D00C78013AE5
:103A300001332C700131002CF5D100219A189342EA
:103A400000D130BD19700133F9E70000034B10B508
:103A50001A680123503200F003F810BDA0080020BE
:103A6000F0B5002802D11068002813D0040020000F
:103A70000E00057801343778002F04D1002D0FD1C6
:103A80002800156006E00136BD42F4D1002BEED1CE
:103A900014600370F0BD2F000FE00133002E04D13D
:103AA000230001341D7827000B001E78B542F4D1A5
:103AB000002DF0D00023013C23701760EAE70000DE
:103AC0009422024B5200985C7047C04614060020B6
:103AD000002370B5064D040008002B6004F0DCFDE7
:103AE000431C03D12B68002B00D0236070BDC0465F
:103AF000CCA4012070B50400080011001A000023B6
:103B0000054D2B6004F0F0FD431C03D12B68002B06
:103B100000D0236070BDC046CCA4012070B5040065
:103B2000080011001A000023054D2B6004F0E4FD8D
:103B3000431C03D12B68002B00D0236070BDC0460E
:103B4000CCA40120002370B5064D040008002B60B2
:103B500004F0DAFD431C03D12B68002B00D0236056
:103B600070BDC046CCA4012070B50400080011004F
:103B70001A000023054D2B6004F0D6FD431C03D131
:103B80002B68002B00D0236070BDC046CCA4012060
:103B9000014B18687047C046A008002070B5002689
:103BA0000C4C0D4D641BA410A64209D1002604F054
:103BB000C5FD0A4C0A4D641BA410A64205D170BD78
:103BC000B300EB5898470136EEE7B300EB5898473F
:103BD0000136F2E78CBD02088CBD020894BD0208D4
:103BE0008CBD02087047704770477047802310B53E
:103BF000082804D0FFF7CCFF16230360173B1800FA
:103C000010BD03000A7801311A700133002AF9D17E
:103C10007047002310B59A4200D110BDCC5CC4544B
:103C20000133F8E7002001497047C0460000F87FE3
:103C3000034B10B5002B02D0024800F005F810BD70
:103C400000000000F5640208002310B501001A000E
:103C5000180002F0A1FC10BDF7B5040008200D000B
:103C6000FFF7C4FF06002000FEF794FC0322214F5B
:103C70003100BB685B689343581B1138801901936E
:103C8000DCF768FA451E7543AE4204DD2000FEF7FE
:103C900089FC0020FEBD00212000FFF753FFBB6818
:103CA000019A9B189842F1D120006942FFF74AFF20
:103CB000013010D100212000FFF744FFBA68811ABB
:103CC0000F29E3DD0C4D0D4B2D68401B18600123BF
:103CD0000B435360DAE70126019BBA685B1B334351
:103CE0005360064A200013685B1B1360FEF75AFC02
:103CF0003000CFE7F8010020000600205CA301207F
:103D0000F7B50D1E01902DD0FEF744FC01232900CC
:103D10009C4608394F6862463B0064469343C81886
:103D20004568023295434A4A2740966886421AD12E
:103D30005B19002F06D10868091A8D681B18C8681E
:103D4000E86085600120184348609160414A12682C
:103D50009A4204D8404B01981968FFF77DFF0198FB
:103D6000FEF720FCF7BD00264560B74209D10F6879
:103D70003A4CC91BDB198F68A7422CD0CC68FC6079
:103D8000A76047197C6801273C420BD15B19856805
:103D9000002E22D1314CA5421FD13E00516111614C
:103DA000CD608D600125280018434860CB50002E5F
:103DB000D5D180208000834213D2D8085B099D4072
:103DC00053681D43C3009B1855609A68CB608A6096
:103DD0009960D160C3E76646D3E7C068E860856054
:103DE000E0E75D0A042D12D898093830C600B618ED
:103DF000B5680327AE4225D1012380108340506867
:103E000003435360CE608D60B160E960A7E7142D75
:103E100002D828005B30E9E7542D02D8180B6E3029
:103E2000E4E7AA204000854202D8D80B7730DDE7CE
:103E30000B4E7E20B542D9D8980C7C30D6E7AD68C1
:103E4000AE4203D06A68BA439A42F8D8EE68D9E71E
:103E5000F8010020040600208CA3012000020020AD
:103E6000540500000200F0B504694B1185B014320E
:103E700002934D111300AC4232DD1F260F004B118F
:103E80009B00A500D3183740551900930197314284
:103E90000DD1160019008D4236D800990023033940
:103EA0008D4202D3029BE41AA300D31818E020210C
:103EB000019E019F891B009E039102CE9446F9400A
:103EC000B54216D8009E00230136B54203D3029BAB
:103ED000E31A9B00043BD3181960002900D0043377
:103EE000991A89100161934201D10023436105B001
:103EF000F0BD3768039B9F400F43614680C18C46ED
:103F0000019B02CED940DBE780C980C6C3E702002F
:103F1000303A0300092A02D8203BD8B27047020089
:103F2000613A052A01D8473BF7E71A00413A0020D9
:103F3000052AF3D8273BF0E7F0B589B007930223B1
:103F400001920A685B4203900691961C9B1A9A198B
:103F500000960592009A013610783028F7D0FFF7C6
:103F6000D6FF00231D00029398421DD10122A649CD
:103F70000098FFF745FD0700A84269D1009B340077
:103F80005878FFF7C4FF01230293A8422FD0009670
:103F9000009B1878302809D0FFF7B9FF4242424110
:103FA0000123350002920593009C04E0009B01333D
:103FB0000093EDE701342078FFF7A9FF071EF9D140
:103FC000012220009049FFF71BFD00280DD1002D94
:103FD00006D1013425002078FFF799FF002802D18F
:103FE0002D1BAF0003E00134F5E7002DF8D12022AE
:103FF000237826009343502B1DD163782B2B2CD094
:104000002D2B2ED00023661C04933078FFF77FFF02
:10401000431EDBB2182B2BD8103805007078FFF741
:1040200076FF431EDBB20136182B1CD9049B002BF4
:1040300000D06D427F19069B1E60029B002B19D099
:104040000026059BB34200D10636300009B0F0BD12
:1040500001230027009C0293C9E700230493A61CB8
:10406000D3E70123FAE70A235D432D18103DD5E776
:104070002600E0E7009B0299E31A013B072B0ADCCC
:10408000039800F05DFA051E08D12A00E4215F4B79
:104090005F4802F0C1FA01315B10EFE7030014330F
:1040A0000293059300231E000493009BA3423FD379
:1040B000059C029B40C4E41AA41030002C6100F05F
:1040C00001FB019B64011B68261A00939E4251DD8F
:1040D000F61A3100280000F07BFE041E16D00124E1
:1040E0001F232000721E13409840030051110298B4
:1040F00089000958194209D0A24206DD2800B11EE4
:1041000000F066FE0234002800D1022431002800AD
:10411000FFF7A8FEBF19019B9B68BB423ADA290052
:10412000039800F035FA00230E9AA32613608CE75B
:10413000013C23782E2B12D0049B202B04D1059B0D
:1041400040C30026059304962078FFF7E0FE0F2376
:104150001840049B9840043306430493A5E7009B52
:10416000A342E9D8012220002749FFF749FC002893
:10417000E2D19AE7009B00249E42CCDA9E1B2900E4
:104180003200039800F0F0FB030014330500BF1B5E
:104190000293C0E7019B5E68BE4270DD009BF61B88
:1041A000B34237DC019BDB68022B24D0032B26D0E3
:1041B000012B17D1009BB34214D1012B0BD1019BD2
:1041C000079A5B68622613600123029A2B611360D1
:1041D0000E9B1D6039E700992800013900F0F8FDB9
:1041E0000028ECD12900039800F0D2F900230E9AA0
:1041F0005026136029E70F9B002BF3D1DFE70F9BBD
:10420000002BDCD1EEE7C04640B90208A1BA020893
:10421000B2BA0208771E002C2FD1002F04D039002B
:10422000280000F0D5FD04001F237A111F401E3B1B
:10423000BB400299920052581A4201D002231C43FB
:10424000009B31009B1B022628000093FFF70AFE0B
:10425000019B5F68002C41D0019BDB68022B10D0D2
:10426000032B12D0012B06D1A20704D5029A1268A3
:1042700014431C420CD110232FE00124D4E7012663
:10428000E8E701230F9A9B1A0F930F9B002BF2D0A4
:104290002B69002002939B0004932B00049A143393
:1042A00099181A68541C1ED001321A602B0014335E
:1042B000022E41D1019A00991268013A8A420BD12B
:1042C0001F220098491102400120040094408900F7
:1042D000CB58234200D0012620231E430E9B1D6095
:1042E000079B1F60B1E601C39942DAD8AB68029A16
:1042F0009A4218DB69680398013100F021F9041E25
:1043000004D1220084211C4B1C48C2E629002A69E2
:104310000C31023292000C30FFF77BFC290003982D
:1043200000F036F925002B695A1C2A61012204335A
:104330009B00EB185A60B9E72A6902998A4209DDA5
:1043400001212800FFF78EFD019B01379B68BB42CE
:10435000C1DAE4E61F22009C0099012614401142B4
:10436000BAD0049A9B18043B186800F0ABF92023DC
:104370001B1B9842E4DBAFE7A1BA0208B2BA0208FD
:10438000082370B520259A1A9200AD1A4368046874
:104390001E00AE40D3403443046043600430884282
:1043A000F4D370BD30B503680C780133002C02D112
:1043B0000360012030BD1A781500413D192D00D849
:1043C00020320131A242EFD00020F3E7F0B50B68B4
:1043D0008BB0019201995A1192008A180292190029
:1043E0001F22114008900691134202D0029B043311
:1043F0000293029B00251F1F3E003C00089B3D606E
:104400001B68079505930395059B01330993059B4D
:104410005B780493002B28D00498FFF778FD0028E0
:1044200054D1049B202B19D8039B079A934212DD89
:10443000B44206D2072D04DC2A0031002000FFF729
:104440009FFF019B08259C4205D9261F00253400AB
:10445000039B35600793099B0593D5E7049B292BA4
:1044600059D1059B089A02331360039B002B52D04D
:10447000B44206D2072D04DC2A0031002000FFF7E9
:104480007FFF019B9C4235D91A00230002CB02C258
:104490009F42FBD2029B621CD91E0423914205D38A
:1044A000029B043B1B1B9B0801339B00019AD31802
:1044B000002204C39F42FCD23B68002B04D1019B25
:1044C0009F4226D101233B60052025E0039B013557
:1044D00001330393082D06DD019B9C42BBD90023C9
:1044E0000125043C23600F22236810401B01034375
:1044F0002360B0E7069B002BDED02023069A0299AA
:104500009B1A01225242DA4004390B6813400B60B7
:10451000D2E7043FD0E704200BB0F0BD82B0002901
:1045200000D101A9101E06D0002B06D013780B6015
:104530001078431E984102B0704702204042FAE7CB
:10454000436C70B506000C00002B12D0736CA200F7
:104550009B181868002815D101210D00A5406A1D7F
:104560003000920002F076F8002809D0446085609F
:104570000AE02122042102F06DF870640028E5D1E0
:10458000002070BD02681A6000230361C360F8E771
:10459000002906D04A68436C92009B181A680A608A
:1045A00019607047F7B50E0001900C001D00002047
:1045B0000F6914363368013099B251431B0C5343D1
:1045C00049190D0C5B191D0C89B21B045B1808C638
:1045D0008742EFDC002D22D0A368BB4219DC616862
:1045E00001980131FFF7ACFF061E05D13200BA2158
:1045F0000C4B0D4802F010F8210022690C310232F8
:1046000092000C30FFF705FB21000198FFF7C0FF77
:1046100034003B1D9B00E3185D607B1C2361200080
:10462000FEBDC046A1BA020812BB0208F7B50600DB
:1046300018000C000830092101931500DBF714FE67
:104640000123002183420ADB3000FFF779FF011EBE
:1046500008D10A00194B1A48D33101F0DDFF5B0085
:104660000131EFE7089B436101230361092D18DD48
:10467000230009331F00009364193B780A2230009D
:10468000303BFFF78FFF01370100A742F5D12C0027
:10469000009B083C1C192F00019B9F4204DB080073
:1046A000FEBD09250A34F6E7631BDB5D0A223000F4
:1046B000303BFFF777FF01370100EDE7A1BA0208B1
:1046C00012BB02080300020C0020824201D11B042D
:1046D00010301A0E01D108301B021A0F01D104301C
:1046E0001B019A0F01D102309B00002B03DB01302C
:1046F0005B0000D4202070470368010007221800E7
:10470000104013420DD0063A0020134205D102306A
:10471000034203D0D34010000B6070479B080B602E
:10472000FBE79AB2002A01D110201B0CDAB2002A52
:1047300001D108301B0A1A0701D104301B099A075E
:1047400001D102309B08DA07E9D401305B08E6D1D9
:104750002020E2E710B50C000121FFF7F1FE002850
:1047600007D14621054C0200054B2000FF3101F026
:1047700053FF01234461036110BDC04612BB020810
:10478000A1BA0208F0B515000A692B690C008BB0BC
:104790009A4201DA2C000D0027692E696168BB1965
:1047A0000393A368BA19934200DA0131FFF7C8FEF8
:1047B0000290002806D1B121484B4948029A49008D
:1047C00001F02AFF029B002214339C46BB199B0078
:1047D00063440493634604998B422AD32300BF00A9
:1047E000143314350893B600DB190593AB190993FC
:1047F000042306932300059A153301959A4205D3A5
:10480000131B153B9B0801339B000693019B099AE0
:10481000934210D3039B002B05DD049B043B0493C0
:104820001B68002B56D0029B039A18001A610BB02C
:10483000F0BD04C3CFE7019B186880B200281ED0EA
:1048400067460025089E02CE3B6807938BB2434320
:104850001A006B469B8BD3185B190D0C4543079AC6
:10486000110C69181A0C8A189BB2150C12041A4301
:10487000059B04C7B342E6D86346069A9D50019B48
:104880001868000C20D063462500614600271B688D
:1048900014352A680E6892B24243360C9219D21926
:1048A00016049BB21E430E6040CD4B68360C464347
:1048B0009BB2120CF3189B18059A1F0C0431AA42E4
:1048C000E7D8624606995350019B043301930423B1
:1048D0009C449BE7039B013B03939BE7A1BA02081F
:1048E00012BB0208F7B50323150007000E001A409B
:1048F0001D4208D01A49013A920052580023310053
:10490000FFF750FE0600AD1027D03C6C002C07D1FD
:1049100038001449FFF71EFF0023040038640360C9
:1049200001231D420AD0310022003800FFF72AFF80
:10493000310001903800FFF72BFE019E6D100CD066
:104940002068002807D1220021003800FFF71AFF55
:104950000023206003600400E2E73000FEBDC04693
:1049600060BC020871020000F0B50C00170023695A
:10497000551187B0EB180293013301934968A3687E
:104980000490019A934210DB0498FFF7D9FD0023AD
:10499000020006001900143298420CD1DF313200B7
:1049A000264B2748FF3101F037FE01315B00E8E775
:1049B000980011500133AB42FADBEB43DB171D408B
:1049C0001F2123003800AD005519226914339200CD
:1049D000084084469A180F422AD00131091A0591DD
:1049E0000021039567461868B8400843039901C140
:1049F0000391059802CBC1409A42F3D820001530AC
:104A00000423824204D3131B153B9B0801339B00F4
:104A1000E950002902D0029B02330193019B0498C4
:104A2000013B21003361FFF7B3FD300007B0F0BD5B
:104A300002CB02C59A42FBD8F0E7C046A1BA0208F1
:104A400012BB020830B50B6904690200E01A9C42EF
:104A50000ED114329B0014311400C918D218043A34
:104A6000043915680B689D4203D001209D4203D391
:104A700030BD9442F3D3FBE74042F9E7F0B50E00B6
:104A800007001100300087B01400FFF7DBFF051EA0
:104A900010D101003800FFF753FD021E04D13F4B37
:104AA0003F48404901F0B8FD012345610361100012
:104AB00007B0F0BD01230193002804DB230034007C
:104AC0001E000023019338006168FFF739FD021EC4
:104AD00003D1324B32483449E4E7019B0027C360DD
:104AE000206914348300E3182100019434000293F8
:104AF000336914349B00E3180393130014339C466A
:104B000005930491049B02CC20CB0493ABB2DF1934
:104B10008BB2FB1A090C2D0C6D1A191469189BB273
:104B20000F1409041943634602C39C46039BA34226
:104B3000E8D83100039C153104238C4204D3A31B15
:104B4000153B9B0801339B000199CD1805992E0058
:104B5000CB189C4602998E4210D3029EE91E002477
:104B60008E4204D331000331491B89088C001B1984
:104B7000043B196800290FD0106198E702CE8CB26F
:104B8000E4190F0C21147918A4B20F14090421435D
:104B9000644602C4A446DDE70138E9E7A1BA020889
:104BA00012BB0208370200004502000000200B4B38
:104BB00019400B4BC918814206DC49420B15132BD7
:104BC00003DC8021090319417047143B01201E2B8F
:104BD00002DC80200006D8400021F5E70000F07FCD
:104BE0000000C0FCF7B50600036914369B00F318FB
:104BF0001D1F2C680F0020000193FFF763FD20228A
:104C0000121A3A6003001C4A0A2815DC0B212700FF
:104C1000091ACF403A438C4611000022AE4202D21C
:104C2000019A083A126815339C4063462700DA401F
:104C30001743380003B0F0BD0027AE4202D2019DF9
:104C4000083D2F680B2149428C469C440B2B10D009
:104C5000614620238C405B1A3900D9400C43224323
:104C600011000022B54201D9043D2A686446A740DC
:104C7000DDE722431100DCE70000F03FF7B501213A
:104C800014001D00089FFFF75BFC061E05D13200D3
:104C9000244B2548254901F0BFFC2B036D001B0B5D
:104CA0006D0D25D10193002C28D068460094FFF7A4
:104CB00023FD019B009900281ED020221C00121AFF
:104CC00094402200C3400A4372610193019CB46185
:104CD000631E9C4101343461002D17D03524144BE0
:104CE000ED182D183D60099B241A1C603000FEBD94
:104CF000802252031343D5E77161E7E701A8FFF76C
:104D0000FBFC019B012473612030E4E7094BC018D0
:104D1000094B3860E3189B00F3185869FFF7D2FC81
:104D20006401E0E7A1BA020812BB02080F03000009
:104D3000CDFBFFFFCEFBFFFFFFFFFF3FF0B587B0CE
:104D40000F0004A90600FFF74DFF00900191009CA1
:104D5000019D380005A9FFF745FF02900391029AD3
:104D6000039B30693969049E401A05994001711A04
:104D700041180805002907DD019945182000290080
:104D8000DCF702FE07B0F0BD03990B1AF6E770B529
:104D900014000500013913694911013189001434E7
:104DA0009B004118E318A3420DD8140011340025CC
:104DB0009C4203D89B1A113B9B089D00002340197D
:104DC000814203D870BD40CC40C5ECE708C0F7E78E
:104DD0000200006910B514324B11984213DB0CDD50
:104DE0001F2408002040214207D099008C58210040
:104DF000C140814001208C4204D19B00D3189342D2
:104E000003D8002010BD0300F7E7043B1968002910
:104E1000F5D00120F6E70300081E05D0FF2A04D9CB
:104E20008A2201201A604042704701200A70FBE785
:104E3000F0B5D9B01C000B9108920A9001F056FB16
:104E4000036818001C93DBF769F90B9B16909B898C
:104E50001B0617D50B9B1B69002B13D140210A9809
:104E6000FDF784F90B9B18601861002807D10C230B
:104E70000A9A13600D3B1793179859B0F0BD402361
:104E80000B9A5361002300222E932D930E9300233F
:104E90001492159300232FAF2C971F931E931293F8
:104EA0001B931D931793089D2B78002B02D0252B65
:104EB00000D091E0089BEE1A9D4216D03B602E9BDD
:104EC0007E609B192E932D9B083701332D93072B62
:104ED00008DD0B990A982CAA02F09EFA002800D04F
:104EE000CFE12FAF179B9B1917932B78002B01D184
:104EF00001F09EF91B2200231EA9521813700122F3
:104F00001E0052420135099218936B1C13932B78A3
:104F10000F930F9820385A2801D900F020FEDBF7B4
:104F20000FF978001E061E0682001E061E061E06CB
:104F30005D001E061E0684008C001E068A0091007D
:104F40001E06B200B400B400B400B400B400B40053
:104F5000B400B400B4001E061E061E061E061E0681
:104F60001E061E063B011E06E000F4003B013B014D
:104F70003B011E061E061E061E06C7001E061E0656
:104F8000C7041E061E061E060A051E062A051E0664
:104F90001E065C051E061E061E061E061E061E06B4
:104FA0001E061E063B011E06E000F6003B013B010B
:104FB0003B01C900F600DC001E06D5001E06A70452
:104FC000C904FA04DC001E060A0580002C051E0632
:104FD0001E067C051E068000013565E70A9801F073
:104FE00085FA436818001D93DBF798F81B900A9820
:104FF00001F07CFA836812931B9B002B11D0129B4B
:10500000002B0ED01B78002B0BD08023DB001E431F
:1050100007E01B231EAA9B181A78002A01D1203210
:105020001A70139D71E70123F1E708CC1893002B48
:10503000F7DA5B4218930423E9E71B231EAA9B18A7
:105040002B22EDE7139A139B127801330F922A2A31
:1050500010D0002209920F9A1393303A092A00D9EE
:1050600057E70A20099941438A1809921A780133AF
:105070000F92F0E704CC0992002A02DA0122524290
:1050800009921393CDE78023C1E70022139B189266
:105090000A21189A4A430F9930398A1818921A002F
:1050A000127801330F92303A1393092AF0D930E77E
:1050B0000823ACE7139B1B78682B05D1139B0133A6
:1050C000139380239B00A2E74023A0E7139B1B7848
:1050D0006C2B04D1139B01331393202397E71023E8
:1050E00095E7210004C93FAB0D911B211A700022E6
:1050F0001EA809180A700C92013209920022089326
:105100001500199210921192F1E110231E43B3067B
:1051100031D5072307349C43220018CA069307940D
:105120000D92079A0123002A0BDA069C079D0022A4
:105130006142AA41069107921B221EA952182D21F5
:1051400011700799069A0A430999013101D101F0BA
:105150007BF8802134008C43002A01D001F079F8DB
:10516000099A002A01D100F0EFFC012B01D001F0D7
:1051700074F800F079FC220008CA0D92F20603D5FB
:105180000693DB170793CCE7720601D51BB2F7E74E
:10519000B205F5D55BB2F3E7072307349C43220041
:1051A00018CA0D92012214931594159B149D5C004E
:1051B0006408280021003E4B5242DDF723FE002800
:1051C00026D1012228002100394B5242DBF758F941
:1051D00000281DD11498159900220023DBF746F909
:1051E000002804D01B231EAA9B182D221A70314BB5
:1051F00008930F9B472B01DD2F4B089380239E4381
:1052000000230C93033309930023199300F078FCD7
:10521000149A159B10001900DDF7F4FD00280ED03C
:10522000159B002B04DA1B231EAA9B182D221A7033
:10523000224B08930F9B472BE0DD214BDDE720231A
:105240000F9A9A431092412A23D130220F9925AB0D
:105250001A704832612900D0203A5A7002231E4346
:10526000099B632B2EDD0A98591CFCF77FFF0890E1
:10527000002800D016E20B9B9A89402313430B9A17
:1052800093810B9B9B895B0600D4F5E501235B4270
:10529000F1E5099B0C90013300D106E2109B472BEE
:1052A00014D1099B002B11D1013309930EE0C046A4
:1052B000FFFFEF7F6CBC020870BC020874BC0208E0
:1052C00078BC020800230C933FAB089380235B005B
:1052D00033431A93159B149D002B00DBE7E18022DA
:1052E0001206944663440E932D232293109B412B68
:1052F00000D0F5E1280026AA0E9901F01BF9FF2342
:1053000000229B05DCF73AFF0022002304000D0079
:10531000DBF7A6F8002801D001232693DA4B199376
:105320000F9B612B01D0D94B1993089B0E93099BBE
:10533000013B11930022D64B20002900DCF71EFF11
:105340000D000400DDF77CFD2190DDF7AFFD0200CC
:105350000B0020002900DDF7D3F90E9B0D001A0089
:10536000013221990E922392199A0400525C1A700C
:10537000119B209301330AD0119B0022013B119312
:10538000200000232900DBF76BF80028D2D0002290
:1053900020002900BF4BDBF77DF800280CD100224C
:1053A00020002900BB4BDBF75BF8002800D191E11E
:1053B000219BDB0700D48DE130200E9B2A93199BA3
:1053C000DB7B2A9A013A2A921178994200D171E145
:1053D0004B1CDBB2392901D1199B9B7A1370239B9B
:1053E000089A269D9B1A0E93109B472B00D0C4E170
:1053F000EB1C03DB099BAB4200DBE6E10F9B023BAE
:105400000F933C226B460F999B186C1E1C3A002090
:105410001B7826949143412902D10F33DBB201302E
:1054200028A90B702B23002C02DA01240233641B01
:105430004B70092C00DCBAE137230A251EAA9B1801
:105440001093109B200009932900013B1093DAF779
:10545000F1FF109B30311970200029001194DAF708
:1054600003FF119B0400632BEBDC2A22099B1EA87F
:10547000991E121837200B0030340C701EAC001926
:10548000834200D28EE10023814204D81EAA393320
:105490009B18099A9B1A2A221EA95218D31828AAC7
:1054A0009B1A1E931E9A0E9B9446634409930E9B6F
:1054B000012B01DCF30704D5169A099B944663443B
:1054C00009938022744B520033401A4300231D007D
:1054D0001A9210931193229B1A9E1993002B06D0B7
:1054E0001B231EAA9B182D221A7000231993199BA7
:1054F000099A1A93934200DA1A921B231EAA9B1848
:105500001B785A1E93411A9AD3181A933200022319
:105510001A4020921E4202D01A9B02331A9384230F
:1055200032001A4021921E421FD1189B1A9A9C1ACF
:10553000002C1ADD39002D9B58482E9A0133083172
:105540003860102C00DD1CE37C60A4180F002E9442
:105550002D93072B09DD0B990A982CAA01F05CFF0B
:10556000002801D000F043FE2FAF1B221EA95218C5
:1055700011782E9B002914D03A6001229B182E939B
:105580002D9B7A609B182D930837072B09DD0B990B
:105590000A982CAA01F040FF002801D000F027FE55
:1055A0002FAF209A2E9B002A15D025AA3A600222FE
:1055B0009B182E932D9B7A6001332D930837072B70
:1055C00009DD0B990A982CAA01F026FF002801D0CA
:1055D00000F00DFE2FAF219B802B1FD1189B1A9A34
:1055E0009C1A002C1ADD39002D9B2D482E9A013370
:1055F00008313860102C00DDD6E27C60A4180F0062
:105600002E942D93072B09DD0B990A982CAA01F0F3
:1056100003FF002801D000F0EAFD2FAF199B099A83
:105620009C1A002C1ADD39002D9B1D482E9A01333F
:1056300008313860102C00DDC9E2A2187C602E927F
:105640000F002D93072B09DD0B990A982CAA01F066
:10565000E3FE002801D000F0CAFD2FAF2E9B199366
:10566000F30500D5CEE2099A089B94463B60099B5E
:105670007B60199B63442E932D9B01332D93072B45
:1056800000DDA3E3083701E37CBC02088DBC0208FF
:10569000000030400000E03FFFFBFFFFA0BC02081D
:1056A000B0BC0208089B0C9310E60623FDE50E93A0
:1056B00000231AE6107084E618700133CA1AFBD56D
:1056C000209A0023013201DB209B01330E9AD3186C
:1056D000239384E60E9A209930200E9B5118EDE713
:1056E000109A0323099C462A06D01400453C6242C6
:1056F0005441099A013B14192AAA049227AA039239
:1057000026AA029200932A000E9B0A98019401F0A7
:105710007FF8109B0890472B03D1F30701D42A9BF5
:105720005EE6089B1B191193109B462B12D1089B18
:105730001B78302B0AD10022002328000E99DAF7BB
:105740008FFE002802D101231B1B2693119A269B52
:10575000D31811930022002328000E99DAF780FE57
:10576000002801D0119B2A9330222A9B119999423B
:10577000D5D9591C2A911A70F7E7109B462B00D0F7
:105780003FE601223300099913400B43002D2CDD25
:10579000002B46D00A00169BEB18D31809936623FA
:1057A0000F9330E01C7801331470013268E62A222E
:1057B0001EABD218002804D130232B228B701EABD5
:1057C000D2183034531C147069E60E9BAB4212DDC4
:1057D000169A0E9B94466344099367230F93002DFA
:1057E00011DC099B5B1B01330CE0002B1BD0169BCB
:1057F000099A0133D1E7672309950F93F30702D57F
:10580000169BEB18099380233200DB001A4011929B
:10581000002210921E4200D15DE6954225DC1192D5
:1058200059E60995BBE7662309920F93EBE7AB4274
:105830000EDAED1A129B5B78002B12D0119B01330C
:105840001193129B01331293129B1B78FF2BEED105
:10585000109A119B9B181B9A5343099A9B18099302
:1058600039E6109B01331093EEE7109B1193EBE7A1
:10587000231D0D93B30609D52368179A1A60D21712
:105880005A60139B0D9C0893FFF70DFBF30603D59D
:105890002368179A1A60F4E7730603D52368179AEA
:1058A0001A80EEE7B605F3D52368179A1A70E8E771
:1058B00010231E432023300018401E420FD0193BF6
:1058C00007349C43220018CA069307940D92C94BD3
:1058D0001E4000231B221EA95218002130E4220082
:1058E00008CA31000D9210221140164202D00693D0
:1058F0000790ECE7402230001040164203D09BB2E4
:1059000006930791E3E7802231009200114016428E
:10591000F6D0DBB2EBE7230004CBB749069225AA09
:105920001180B64A0D9300231F9278220793023309
:105930001E430F92CEE7230004CB00240D931B23BC
:1059400008921EAA9B181C70099B01330ED02100DF
:10595000099A089800F0E2FD0C90A04200D10DE1F8
:10596000089A831A099323000C944EE40898DAF7F6
:10597000D5FB0990F7E710231E4320233000184081
:105980001E4209D0193B07349C43220018CA0693D3
:1059900007940D9201239DE7230004CB31000D9362
:1059A000102319401E4203D0069207900F3B91E747
:1059B0004023300018401E4203D093B20693079153
:1059C000E8E7802331009B0019401E4203D0D3B288
:1059D00006930790DEE70692F1E7894B30001F93AC
:1059E000202318401E421AD0193B07349C43220042
:1059F00018CA069307940D92F3070AD5069B079AD7
:105A0000134306D0302225AB1A700F9A5A70022326
:105A10001E43784B1E4002235CE7784BDEE72300F1
:105A200004CB31000D93102319401E4202D0069280
:105A30000790E1E74023300018401E4203D093B2A4
:105A400006930791D8E7802331009B0019401E423E
:105A500002D0D3B20693EBE70692F2E7079B002B46
:105A60000AD1069B092B07D8E7231EAA9B18069A82
:105A700030321A7000F018FC80260023F6000E93D6
:105A800058AD26400A22069807990023DAF75AFDF6
:105A90006B1E303208931A700E9B0C9001331091DC
:105AA0000E93002E1DD0129B0E9A1B789A4218D18D
:105AB000FF2A16D0079B002B02D1069B092B10D979
:105AC000089B1B9A1D999B1A18000893FDF7A9FFC4
:105AD0000022129B0E925B785A1E9341129AD318A1
:105AE0001293079B002B0FD1069B092B0CD8099B07
:105AF000089A199358AB9B1A0993002326000C931C
:105B00001D0010931193F2E40C9B089D0693109BCB
:105B10000793B7E70F2058AB0893089B1F9A013BE8
:105B20000893069B0340D35C089A1370079B1907E0
:105B3000069B1A09079B11431B0907930B00079A41
:105B400006911343E9D1D2E758AA0892002BCED18F
:105B5000F607CCD51EAAE7339B18302289E70F9BA6
:105B6000002B00D164E30F9A1B213FAB1A70002277
:105B70001EA809180A700D94FFF7BDFA0C9BFFF7D9
:105B800044FB1020121878602E922D93072B08DD0D
:105B90000B990A982CAA01F03FFC002800D026E3BC
:105BA0002FA90F00103CC5E41020121878602E9227
:105BB0002D93072B08DD0B990A982CAA01F02CFCD9
:105BC000002800D013E32FA90F00103C0BE5102094
:105BD000121878602E922D93072B08DD0B990A98E6
:105BE0002CAA01F019FC002800D000E32FA90F0017
:105BF000103C18E5FFFBFFFF307800007CBC02087A
:105C00008DBC02080F9B652B00DC41E214981599AE
:105C100000220023DAF724FC002877D0CA4B3B602F
:105C200001237B60199B083701332E932D9B013391
:105C30002D93072B08DD0B990A982CAA01F0ECFB99
:105C4000002800D0D3E22FAF269B0E9A934201DBAF
:105C5000F3071BD51C9B169A3B60169B7B602E9B03
:105C600008379B182E932D9B01332D93072B08DDAE
:105C70000B990A982CAA01F0CFFB002800D0B6E2BD
:105C80002FAF0E9B10255C1E002C2EDC760700D556
:105C900090E2189B1A9A934200DA1300179AD318CD
:105CA00017932E9B002B07D00B990A982CAA01F072
:105CB000B3FB002800D09AE200232D930C9B002B0D
:105CC00000D0B0E22FAFDCE510327D602E922D9334
:105CD000072B08DD0B990A982CAA01F09DFB0028E0
:105CE00000D084E22FA90F00103C39002D9B97486B
:105CF0002E9A013308313860102CE5DC7C60A41842
:105D00002E940F002D93072BC0DD5FE0269B002B08
:105D100078DC8D4B3B6001237B60199B0837013396
:105D20002E932D9B01332D93072B08DD0B990A9899
:105D30002CAA01F071FB002800D058E22FAF0E9979
:105D4000269B2E9A0B43012131400B439ED01C9B76
:105D50003B60169B7B609A182D9B2E9201332D93EE
:105D60000837072B08DD0B990A982CAA01F054FB81
:105D7000002800D03BE22FAF269C002C19DA380017
:105D8000102564422D99714A2E9B0131083702601B
:105D9000102C25DC4460E4182E942D91072908DD91
:105DA0000B990A982CAA01F037FB002800D01EE2BC
:105DB0002FAF089B2E9A3B600E9BD2182E922D9AE5
:105DC0007B6001322D92072A00DC5BE40B990A9874
:105DD0002CAA01F021FB002800D008E22FAF55E7E4
:105DE000103345602E932D91072908DD0B990A98F1
:105DF0002CAA01F011FB002800D0F8E12FAF3800E9
:105E0000103CBFE70E9B2C009D4200DD1C00002CC7
:105E100014DD089B7C603B60199B0837E3182E93C8
:105E20002D9B01332D93072B08DD0B990A982CAA83
:105E300001F0F2FA002800D0D9E12FAFE343DB17DD
:105E40001C402C1B002C18DD39002D9B3F482E9A3E
:105E5000013308313860102C7ADC7C60A4180F0004
:105E60002E942D93072B08DD0B990A982CAA01F08C
:105E7000D3FA002800D0BAE12FAF089B5D19730553
:105E80000BD5119B002B76D1109B002B76D1089B54
:105E90000E9A9B189D4200D91D00269B0E9A934294
:105EA00001DBF30716D51C9B169A3B60169B7B60A3
:105EB0002E9B08379B182E932D9B01332D93072B78
:105EC00008DD0B990A982CAA01F0A6FA002800D048
:105ED0008DE12FAF0E9A089B9446269C63445B1B72
:105EE000141B9C4200DD1C002E9B002C12DDE318CD
:105EF0002E932D9B3D6001337C602D930837072B3B
:105F000008DD0B990A982CAA01F086FA002800D027
:105F10006DE12FAF0E9A269B1025D31AE243D217BC
:105F200014401C1B002C00DCB0E639002D9B0748F8
:105F30002E9A013308313860102C00DD96E01219DA
:105F40007C602E92DDE6C0469EBC0208B0BC020812
:105F50001020121878602E922D93072B08DD0B99D4
:105F60000A982CAA01F058FA002800D03FE12FA986
:105F70000F00103C68E7109B002B5DD0109B013B8D
:105F800010931D9B1B9A3B601B9B7B602E9B0837CD
:105F90009B182E932D9B01332D93072B08DD0B9916
:105FA0000A982CAA01F038FA002800D01FE12FAF80
:105FB000089B0E9A9C18129B641B1B789C4200DD68
:105FC0001C002E9B002C12DDE3182E932D9B3D60B0
:105FD00001337C602D930837072B08DD0B990A9855
:105FE0002CAA01F019FA002800D000E12FAF129B73
:105FF0001A78E343DB171C40141B002C18DD390012
:106000002D9BAA482E9A013308313860102C1ADCD7
:1060100012197C602E920F002D93072B08DD0B992F
:106020000A982CAA01F0F8F9002800D0DFE02FAF81
:10603000129B1B78ED1824E7129B013B1293119BD6
:10604000013B11939DE71020121878602E922D933A
:10605000072B08DD0B990A982CAA01F0DDF900281E
:1060600000D0C4E02FA90F00103CC8E710327D60BB
:106070002E922D93072B08DD0B990A982CAA01F07C
:10608000CBF9002800D0B2E02FA90F00103C4CE75C
:106090003C0019992D9B0E9A013101330834012AD5
:1060A00003DC0122164200D17FE0089A2E913A606B
:1060B00001222D937A60072B08DD0B990A982CAAF0
:1060C00001F0AAF9002800D091E02FAC1C9B169A91
:1060D0002360169B63602E9B08349B182E932D9B88
:1060E00001332D93072B07DD0B990A982CAA01F099
:1060F00093F900287BD12FAC2D9B00221498159981
:1061000009930E9B2E9F5D1E0023DAF7A9F9002844
:1061100026D1089B099A01330E9923607B1E013218
:106120005B1865602E932D920834072A07DD0B99C2
:106130000A982CAA01F070F9002858D12FAC28AB8E
:1061400023601E9B1E9A63602E9B9B182E932D9B93
:1061500001332D93072B00DD38E60834270095E541
:106160001027002DEBDD21002D9B50482E9A013386
:1061700008312060102D07DC65600C00AD182E95ED
:106180002D93072BDBDDD2E7103267602E922D9323
:10619000072B07DD0B990A982CAA01F03DF900287E
:1061A00025D12FA90C00103DDDE708982E9105C7D9
:1061B0002D93E6E7189B1A9A10259C1A002C00DCF8
:1061C00067E52D9B3A492E9A01333960102C19DC72
:1061D0007C60A4182E942D93072B00DC59E50B99B5
:1061E0000A982CAA01F018F9002800D151E50C9B5F
:1061F000002B01D1FFF745F819000A98FDF780FD43
:10620000FFF73FF810327D602E922D930837072B51
:1062100007DD0B990A982CAA01F0FEF80028E6D1B8
:106220002FAF103CCDE70C990A98FDF769FD49E5C1
:106230002E9B002B01D1FFF724F80B990A982CAA6A
:1062400001F0EAF8FFF71DF83400002A01D1FEF74B
:106250008CFF012B01D1FFF701FC022B00D159E487
:10626000072558AB0893089A1300013B0893069B37
:1062700008992B4030330B7007994E070699C808D0
:1062800007990643C908079131000798069601430C
:10629000E9D1E10700D42AE4302B00D127E43021F2
:1062A000089B013B1970931E089320E4B0BC0208C0
:1062B000A0BC020870B505000C1E02D100263000FB
:1062C00070BD002804D0436B002B01D1FDF78EFA7E
:1062D000636EDB0705D4A3899B0502D4A06DFDF78F
:1062E00083FC0C22A35E002B09D1626E01331600E1
:1062F0001E401A42E2D1A06DFDF777FCDFE72100D6
:10630000280000F037F8E36A0600002B06D02800CA
:10631000E1699847002801DA01267642A3891B0625
:1063200003D528002169FDF7EBFC216B002908D07B
:1063300023004033994202D02800FDF7E1FC0023FE
:106340002363616C002904D02800FDF7D9FC0023E9
:106350006364FDF73BFA0023A381636EDB0702D47D
:10636000A06DFDF742FCA06DFDF73DFCFDF736FA90
:10637000A5E70000F7B50C23CA5E0C00050091B23A
:10638000130764D480231B0113436268A381002A8E
:1063900004DCE26B002A01DC0020FEBDA76A002FAE
:1063A000FAD0002280202E682A601A004001E1699C
:1063B0000240034238D0206DA3895B0706D563688D
:1063C000C01A236B002B01D0E36BC01A020000231C
:1063D0002800A76AE169B847A289431C06D1296849
:1063E0001D2930D82C4B0B41DB072CD42B4B1340F1
:1063F0000022626022691BB2A3812260DB0405D502
:10640000431C02D12B68002B00D12065216B2E602C
:106410000029C1D023004033994202D02800FDF763
:106420006FFC00202063B8E701232800B847431C15
:10643000C2D12B68002BBFD01D2B01D0162B01D150
:106440002E60A9E7A28940231343A381A5E726690B
:10645000002EA1D027682660BB1B0193002389076B
:1064600000D16369A360019B002B00DC94E7636AA1
:1064700032001F002800019BE169B847002806DCB4
:1064800040230120A28940421343A38185E7019B59
:1064900036181B1A0193E6E7FEFFBFDFFFF7FFFF89
:1064A00070B505000C00002804D0436B002B01D10F
:1064B000FDF79CF90C22A35E1E1E15D0626ED2075A
:1064C00004D49B0502D4A06DFDF78EFB21002800AB
:1064D000FFF750FF636E0600DB0705D4A3899B0519
:1064E00002D4A06DFDF781FB300070BD00487047FD
:1064F0000407002070B5074C074D641BA410002C46
:1065000002D102F021F970BD013CA300EB5898477D
:10651000F5E7C04698BD020894BD0208C9B28218CA
:10652000904201D10020704703788B42FBD00130AC
:10653000F6E7000070B5140000252560104D4B00F3
:106540000A005B08AB421ADC1D00054317D00D4D55
:10655000294209D100220C4BDBF710FE36250A0038
:106560004B006D425B082560084D1B155B192568C3
:10657000EB182360064B1A40064B1343190070BDFD
:10658000FFFFEF7F0000F07F0000504302FCFFFFA1
:10659000FFFF0F800000E03FF7B51C4F0400386894
:1065A000160001930091FDF71FFB194A1368002B99
:1065B00001D1184B13605A6838681F2A04DDFDF7B3
:1065C00014FB01204042FEBD002C14D0910059184C
:1065D0000F0088373E6001271E0097408536FF3642
:1065E0007568FC313D437560019DCD60022C02D180
:1065F000B1683943B160511C596002320099920070
:10660000D150FDF7F2FA0020DDE7C046A4080020D3
:10661000D4A40120D8A401207FB514001A00094B8E
:1066200005001B680E00D868074B002C01D1074BF2
:106630001C000749019302942B00009600F0DCFE39
:1066400001F0DDFEA0080020C0BC0208FBBC02086F
:10665000CDBC0208F8B500240B0C160CA34233D1B4
:10666000A64221D18BB291B25943FBF77FFD051EA3
:1066700033D00300083B5A6803239A43043A242A80
:1066800032D80300132A0AD90460446008331B2A55
:1066900005D98460C460242A21D00300103300226D
:1066A0001A605A609A6018E0331C0D1C89B292B2CD
:1066B0004A43ADB299B26943130CC9180B0C07D108
:1066C000090492B21143D0E7002E01D1151CEDE769
:1066D000FDF75EFA0C23002503602800F8BD0300D7
:1066E000046118334461DAE70021FDF766F9F4E745
:1066F000F0B502690B6989B00700049100209A4245
:1067000069DB013B9C0001930B00143306931B19BA
:1067100005933B00143303931C19059B26681D68E1
:10672000300001352900D9F715FD0290AE4229D37A
:10673000069B00269C46039D0696624608CA28686A
:106740009446029A99B251431B0C534389190A0C7F
:106750009B1807931E0C069B82B2D2186B4689B217
:106760009B8B521A010CC91A1314CB18191492B22C
:106770001B04134308C5059B06916345DDD22368BE
:10678000002B30D038000499FEF75CF9002821DB9B
:1067900038000026029B049C013302931430143409
:1067A000036802CC9DB2AD198AB2AA1A090C1B0C5F
:1067B0005B1A11145B181E1492B21B04134308C019
:1067C000059BA342ECD2019B039A9B00D3181A6845
:1067D000002A15D0029809B0F0BD2368002B06D11D
:1067E000019B013B0193039B043CA342F5D3019B16
:1067F0003B61C7E71A68002A06D1019A013A019263
:10680000039A043B9A42F5D3019B3B61E2E7000007
:10681000F0B514001D00816B9DB008940995259E6C
:106820000490002909D00123C26B93404A608B6019
:10683000FDF7AEFE0023049A9363002D1EDA0123B8
:1068400033606B005B080993099FB54BB44A3B402A
:10685000934216D1B34B249A13603B031B0B234383
:1068600001D100F0B2FDB04B269A0693002A02D067
:10687000AE4B269A136006981DB0F0BD002333601E
:10688000E2E7089A099B109211931098119900223F
:106890000023D9F7E5FD061E09D00123249A1360D1
:1068A000A34B0693269B002BE5D0A24BE1E71AAB46
:1068B00001931BAB00930498109A119BFEF7DEF92D
:1068C0007A000590520D00D17BE0119B17961903B9
:1068D000994B090B0B4399495718109811991900B6
:1068E0000022974BDBF70CFF964A974BDBF746FCF1
:1068F000964A974BDAF7E8FC040038000D00DCF705
:10690000D5FA944A944BDBF739FC02000B002000C7
:106910002900DAF7D9FC04000D00DCF791FA002217
:106920000390002320002900D9F7A0FD00280BD0F8
:106930000398DCF7BBFA2B002200D9F791FD434204
:106940005841039B1B1A039301231693039B162B99
:1069500010D810981199039A804BD2009B181A688E
:106960005B68D9F783FD002847D0039B013B039365
:106970000023169300221A9B0A92DB1B5A1E3ED557
:106980000122D31A0A9300230C93039B002B38DBBC
:10699000039A0C9B944663440C93002313920D932B
:1069A000229B0124092B67D8052B02DD0024043B20
:1069B0002293229B981E032867D8D9F7B7FB2B3A5E
:1069C000385B1B9B1A9EF618654BF218202A0FDDC8
:1069D00040239B1A9F40634B3800F318DC40204350
:1069E000DCF794FA0122604B771ECB18179276E7FA
:1069F000202320009B1A9840F2E71690BAE70C92E9
:106A0000C3E70A9B039A9B1A0A9353420D930023F0
:106A10001393C5E700230F93239B0B930793002B3E
:106A200013DC01231A000B93079323920DE001233B
:106A3000F1E70023239A0F939446039B63440B933F
:106A400001330793002B00DC0123002104221000F6
:106A5000143098421DD9049B1800D963FDF770FDCE
:106A60000690002818D1B021404B4148069AFF31CA
:106A7000FFF7D2FD0123DDE700230F942293013BB2
:106A80000B93079300221333CFE701230F93023BAD
:106A9000F6E701315200DAE7049B069A9A63079BF6
:106AA0000E2B00D9E3E0002C00D1E0E0039B002B8B
:106AB00062DD0F21039A294B0A40D2009B181E6801
:106AC0005F68039B02241D11DB050AD5294B0D408D
:106AD0001A6A5B6A10981199DAF756FF08900991C3
:106AE0000134244B0E93002D08D1089809993200E7
:106AF0003B00DAF749FF0890099158E001231D4255
:106B000009D0E4180E9B30001A685B683900DBF787
:106B100035FB06000F000E9B6D100833E2E7C04600
:106B20000000F07F0F27000005BD020808BD020825
:106B30009EBC02089FBC02080000F03F01FCFFFF62
:106B40000000F83F61436F63A787D23FB3C8608BF3
:106B5000288AC63FFB799F501344D33F98BB020855
:106B60003204000012040000000010FEA1BA020866
:106B700009BD020870BB0208039B0224002B16D03B
:106B8000109811990F225D422A40DD4BD2009B18CC
:106B90001A685B68DBF7F2FA012700230890099175
:106BA000D84E2D11002D00D091E0002BA3D1089ECE
:106BB000099F169B002B00D194E000223000390081
:106BC000D14BD9F753FC002800D18BE0079B002B59
:106BD00000D187E00B9B002B45DD039B0022013B8E
:106BE0000E933000C94B3900DBF7C8FA08900991C1
:106BF0000B9B01342000089E099F1293DCF756F985
:106C000032003B00DBF7BAFA0022C14BDAF75CFB3B
:106C1000C04A14901591149B159C944608930994AE
:106C2000159B634418930993129B002B5ED100229D
:106C3000B94B30003900DBF763FD089A189B04005C
:106C40000D00D9F727FC002800D0B3E2B34815990E
:106C5000844661440B0020002900089AD9F706FCFD
:106C6000002800D0A3E2109B119C089309941B9B61
:106C7000002B00DA79E1039A0E2A00DD75E1A04BC2
:106C8000D2009B181E685F68239B002B00DBE5E0A9
:106C9000079B002B00DDE1E000D088E200223000FD
:106CA00039009D4BDBF76AFA089A099BD9F7FCFB80
:106CB000079E3700002800D05FE2069B069A01334A
:106CC000089331231370039B013303935AE23D422F
:106CD00005D032687368DBF751FA3B0001346D1060
:106CE00008365FE7039B0E93079B83E7129A844B5A
:106CF000013AD2000F999B18089C099D1A685B689D
:106D0000002951D000208649DAF73EFE22002B00F0
:106D1000DBF7F6FC069A040094460D00069B1493DC
:106D2000129B6344189339003000DCF789F8129005
:106D3000DCF7BCF802000B0030003900DBF7E0FCA8
:106D4000149B149A01330893129B0600303313707E
:106D500022002B000F00D9F789FB002874D13200E4
:106D60003B0000206849DBF7CBFC22002B00D9F761
:106D70007DFB002800D0D7E0189B089A934200D1F1
:106D800071E7002220002900604BDBF7F7F95F4B29
:106D900004000D00300039000022DBF7EFF9089BFA
:106DA00006000F001493BEE720002900DBF7E6F988
:106DB000069A069B94460893129B1490159163447F
:106DC000199330003900DCF73BF81890DCF76EF8C7
:106DD00002000B0030003900DBF792FC189E089B84
:106DE0003036199A1E70013304000D000893934247
:106DF0002DD114981599069A129B9446634400224B
:106E00000893474BDAF760FA02000B0020002900D4
:106E1000D9F740FB002800D086E0149A159B00208B
:106E20003F49DBF76DFC02000B0020002900D9F779
:106E30001DFB002800D116E7089B1A00013A0892B2
:106E40001278302AF8D008930E9B039346E0002274
:106E50002E4BDBF793F906000F00B2E7069B069A6C
:106E60000A93079B089C099D013B9B180B933200DA
:106E70003B0020002900DAF787FDDBF7E1FF0790F0
:106E8000DCF714F832003B00DBF778F902000B0066
:106E900020002900DBF734FC0A9B1A0001320A9219
:106EA0000892079A30321A700B9A9A424FD1020018
:106EB0000B00DAF709FA32003B0004000D00D9F7A5
:106EC000E9FA00282ED132003B0020002900D9F732
:106ED000C7FA002802D0079BDE0723D4059904983F
:106EE000FDF756FB0023089A1370039B249A013385
:106EF0001360269B002B00D1BDE4089A1A60BAE407
:106F000098BB020870BB02080000F03F000024405C
:106F100000001C400000C0FC000014400000C07CC9
:106F20000000E03F039B0E93089B0893013B1A78F7
:106F3000392A08D1069A9A42F7D10E9A0699013257
:106F40000E9230220A701A7801321A707CE7002201
:106F5000A94BDBF713F90022002304000D00D9F739
:106F60007FFA002800D182E7B8E70F9F0D9D0A9CA9
:106F7000002F12D0229A012A6EDC179A002A65D0BF
:106F80009E4A9B180A9A0121D2180A920C9A0498D8
:106F9000D3180C93FDF7DEFB0700002C0ED00C9BE2
:106FA000002B0BDD0C9A2300944200DD13000A9A9B
:106FB000E41AD21A0A920C9AD31A0C930D9B002B46
:106FC0001ED00F9B002B5CD0002D10DD39002A0055
:106FD0000498FDF787FC059A010007000498FDF767
:106FE000D1FB060005990498FDF7D2FA05960D9B92
:106FF0005A1BAB4204D005990498FDF773FC059029
:1070000001210498FDF7A6FB139B0600002B3ADD37
:107010001A0001000498FDF765FC229B060000257C
:10702000012B38DC0025089BAB4230D1099B1B03A8
:10703000AB422CD1724B099A134228D00A9B0135DE
:1070400001330A930C9B01330C9320E036231A9AE8
:107050000D9D0A9C9B1A95E7079B5D1E0D9BAB42FD
:1070600007DB5D1B079B0A9C002B8BDAE41A0023CD
:1070700088E70D9B139AEB1AD3180D9513930025EF
:10708000F0E70D9AB7E7229B0025012BCADD139B81
:107090000120002B08D0336903339B00F318586894
:1070A000FDF710FB2023181A0C9B181802001F2351
:1070B0001A40184247D001339B1A042B3FDD1C2392
:1070C0009B1A0A9AE418D2180A920C9AD3180C93B5
:1070D0000A9B002B05DD1A0005990498FDF744FC76
:1070E00005900C9B002B05DD31001A000498FDF77C
:1070F0003BFC0600169B002B27D031000598FDF7BE
:10710000A1FC002821DA039B0A22013B0393059985
:1071100000230498FDF746FA0F9B0590002B00D141
:107120005DE1002339000A220498FDF73BFA0B9B2E
:107130000700002B49DC229B022B0EDC45E0042BD0
:10714000C6D01C33BDE71300FBE7079B002B36DCE2
:10715000229B022B33DD079B0B930B9B002B0CD147
:10716000310005220498FDF71DFA0600010005987C
:10717000FDF768FC002800DD9FE5239BDB430393BC
:10718000069B0893002531000498FDF701FA002FB3
:1071900000D1A3E6002D05D0BD4203D029000498FC
:1071A000FDF7F6F939000498FDF7F2F996E60026A6
:1071B0003700E2E70E9B129E039337007DE50F9B9D
:1071C000002B00D1C3E0079B0B93002C05DD390099
:1071D00022000498FDF7C8FB07003800002D24D0DA
:1071E00079680498FDF7ACF9041E11D12200054B13
:1071F000054806493CE4C046000024403304000032
:107200000000F07FA1BA020809BD0208EF020000E9
:1072100039003A690C31023292000C30FCF7F9FC6B
:10722000012221000498FDF79FFB069B0B9A079310
:10723000013B9B1801223D0007000E93089B134061
:107240000D9331000598FFF753FA290004000B90C5
:107250000598FDF7F7FB3A000C9031000498FDF714
:107260000DFC0122C368303408900A92002B04D12F
:1072700001000598FDF7E6FB0A9008990498FDF7D0
:1072800087F9079B0A9A01330893229B13430D9AAF
:10729000134309D1392C22D00C9B002B01DD0B9C10
:1072A0003134079B1C706EE70C9B002B04DB229A89
:1072B00013430D9A13431ED10A9B002BF1DD059950
:1072C00001220498FDF750FB31000590FDF7BAFB51
:1072D000002802DCE5D1E307E3D5392CDFD13923DF
:1072E000079A1370089B0893013B1A78392A63D0D8
:1072F00001321A7047E70A9B002B03DD392CEED0D0
:107300000134CEE7079B079A1C700E9B93423ED038
:1073100000230A2205990498FDF744F900230590FB
:107320000A2229000498BD4206D1FDF73BF9050069
:107330000700089B079384E7FDF734F9390005003F
:1073400000230A220498FDF72DF90700F1E7079BB7
:107350000B93002531000598FFF7CAF9069B3030E2
:1073600058550B9B01350400AB4207DD00230A2270
:1073700005990498FDF716F90590EBE70B9A0123A0
:10738000002A00DD13000025069AD31808930599FA
:1073900001220498FDF7E8FA31000590FDF752FB51
:1073A00000289FDC01D1E4079CD4089B0893013B93
:1073B0001A78302AFAD0E6E6069A9A4293D1039BCD
:1073C0000133039331231370DDE6094B269A0693AC
:1073D000084B002A01D0FFF74CFAFFF74CFA0B9B41
:1073E000002BB6DC229B022B00DDB6E6B1E7C046DF
:1073F000FCBC020804BD02080EB417B5054C05AB71
:1074000004CB01002068019300F0BEF81EBC08BC4C
:1074100003B01847A0080020F0B5136887B0170024
:107420000393936800220C0005900292019293420C
:107430000DD1002000237B6007B0F0BD039B1B68CB
:107440000293039B5B680193039B08330393019AA8
:10745000A6682368002AF1D0B2422ED39021A289D7
:10746000C9000A4229D0032021695B1A0493636989
:107470004343DD0FED18049B019801331B186D1079
:10748000AB4200D91D00520532D529000598FAF704
:107490006DFE061E36D0049A2169FCF7BAFBA2895C
:1074A0001E4B1A4080231343A381049B2661F618C8
:1074B00026606561019EED1AA560019B9E4200D980
:1074C0001E00320002992068FCF764FA019AA36852
:1074D00094469B1BA36023689B192360029B634413
:1074E0000293BB689B1ABB60A3D000230193AEE755
:1074F0002A000598FBF782F8061ED6D12169059867
:10750000FCF7FEFB0C23059A01201360A28934339B
:107510001343A38100234042BB608BE77FFBFFFF47
:10752000F0B5936885B001900D001400181E18D0B6
:107530004B6E9B0424D5176800263B6802937B683A
:1075400000939B080393039BB3420EDC0322009B32
:10755000A0689343C01AA06008370028ECD100232C
:10756000A3600023636005B0F0BD0299B300C95861
:107570002A00019800F01AFF431CF0D00136E2E720
:10758000019800F013FDEAE7F0B5C1B01C001F0040
:10759000069003910792002804D0436B002B01D181
:1075A000FCF724F9039B5B6EDB0707D4039B9B89E5
:1075B0009B0503D4039B986DFCF716FB039B0C22E1
:1075C0009A5E80239B011A4207D11343039A938149
:1075D000536EA34A1340039A5366039B9B891B0770
:1075E00003D5039B1B69002B18D10399069800F063
:1075F0003BFE002812D0039B5B6EDB0705D5012301
:107600005B420893089841B0F0BD039B9B899B05A2
:10761000F5D4039B986DFCF7E8FAF0E71A22039B78
:107620009B891A400A2A16D1039A0E21525E002A1B
:1076300011DB039A526ED20705D49B0503D4039B3A
:10764000986DFCF7D2FA2300079A0399069800F088
:1076500069FC0890D6E7002317AD1495169315938F
:107660000C930D930E930F930893079C2378002B94
:1076700002D0252B00D08DE0079BE61A9C4216D045
:107680002B60169B6E609B191693159B0835013372
:107690001593072B08DD0399069814AAFFF740FFFE
:1076A000002800D0D9E317AD089B9B1908932378D5
:1076B000002B01D100F0F6FB002212A9CA700121B3
:1076C000631C14004942059109925A1C1B780792C9
:1076D000180020385A2800D962E3D8F731FD780025
:1076E0006103610381006103610361035D00610364
:1076F000610383008B00610389008F006103AD008B
:10770000AF00AF00AF00AF00AF00AF00AF00AF0001
:10771000AF006103610361036103610361036103FE
:1077200061036103DA00E600610361036103610341
:107730006103610361036103610361034301610349
:1077400061036103820161037C0261036103AE0294
:107750006103610361036103610361036103610309
:1077600061036103DA00E800610361036103C300A0
:10777000E800D6006103CF006103260145017401D2
:10778000D600610382017F007E0261036103CD02A6
:1077900061037F00013469E70698FEF7A7FE43689E
:1077A00018000F93D8F7BAFC0E900698FEF79EFECD
:1077B00083680D930E9B002B10D00D9B002B0DD0DA
:1077C0001B78002B0AD08023DB001C4306E012ABA1
:1077D000DA780333002A01D120321A70079B74E74C
:1077E0000123F2E708CF0993002BF7DA5B420993F4
:1077F0000423EAE72B2212ABDA70EFE7079B5A1C4F
:107800001B782A2B0FD000210591190030390792DF
:10781000092900D95CE70A20059B43435B180593BF
:1078200013780132F1E708CF0593002B02DA012328
:107830005B4205930792D1E78023C6E70021079AB0
:1078400009910A200999303B41435B1809931300C1
:107850001B7801321900303907920929F1D937E72D
:10786000FFDFFFFF079B1B78682B05D1079B0133C8
:10787000079380239B00A8E74023A6E7079B1B787C
:107880006C2B04D1079B0133079320239DE7102322
:107890009BE73A0008CA27AE33700023049212AA6D
:1078A000D37001220B930592B0E010231C43A30672
:1078B0002AD5072307379F4339000CC9009201934B
:1078C0000491019A0123002A09DA009E019F0022F7
:1078D0007142BA41009101922D2112AAD1700199F1
:1078E000009A0A430599013100D1E9E2802127007D
:1078F0008F43002A00D0E7E2059A002A00D143E234
:10790000012B00D0E3E2E7E13A0008CA0492E20664
:1079100003D50093DB170193D3E7620601D51BB2B1
:10792000F7E7A205F5D55BB2F3E73B1D0493A30689
:1079300006D53B68089A1A60D2175A60049F94E6ED
:10794000E30603D53B68089A1A60F7E7630603D598
:107950003B68089A1A80F1E7A405F3D53B68089ABA
:107960001A70EBE710231C432023200018401C4210
:107970000DD0193B07379F4339000CC90092019382
:107980000491CC4B1C400023002112AAA6E73A0028
:1079900008CA2100049210221140144202D0009320
:1079A0000190EEE7402220001040144203D09BB229
:1079B00000930191E5E780222100920011401442DA
:1079C000F6D0DBB2EBE73B0004CBBB4904930023CA
:1079D000009213AA1180B94A019302331C430C92FE
:1079E000D2E73B00002740CB049312ABDF70059B2E
:1079F000013300D1EAE039003000059AFEF78EFD30
:107A00000B90B84202D0831B05930B970B9B059AF2
:107A10000A93934200DA0A9212AB03331B785A1E80
:107A200093410A9AD3180A93220002231A40109213
:107A30001C4202D00A9B02330A93842322001A407C
:107A400011921C421ED1099B0A9A9F1A002F19DD20
:107A50002900159B9A48169A013308312860102F87
:107A600000DDA7E16F60BF180D0016971593072B77
:107A700008DD0399069814AAFFF752FD002800D0EC
:107A8000EBE117AD12A9C878169A159B03310028AF
:107A900012D02960012101335218696016921593A2
:107AA0000835072B08DD0399069814AAFFF738FD5F
:107AB000002800D0D1E117AD1099169A159B002926
:107AC00013D013A92960022101335218696016925C
:107AD00015930835072B08DD0399069814AAFFF7BC
:107AE0001FFD002800D0B8E117AD119B802B1ED1DF
:107AF000099B0A9A9F1A002F19DD2900159B7148CE
:107B0000169A013308312860102F00DD64E16F60A0
:107B1000BF180D0016971593072B08DD03990698DB
:107B200014AAFFF7FDFC002800D096E117AD0B9BCF
:107B3000059A9F1A002F19DD2900159B6148169A96
:107B4000013308312860102F00DD57E16F60BF1846
:107B50000D0016971593072B08DD0399069814AAB4
:107B6000FFF7DEFC002800D077E117AD059B059AF2
:107B70006B60169B2E609B181693159B083501337E
:107B80001593072B08DD0399069814AAFFF7C8FC84
:107B9000002800D061E117AD640700D540E1099BE2
:107BA0000A9A934200DA1300089AD3180893169B96
:107BB000002B07D00399069814AAFFF7B1FC002800
:107BC00000D04AE1002317AD1593B7E63000D8F78F
:107BD000A5FA059019E710231C4320232000184024
:107BE0001C4209D0193B07379F4339000CC900924A
:107BF000019304910123C7E63B0004CB21000493C9
:107C0000102319401C4203D0009201900F3BBBE6A9
:107C10004023200018401C4203D093B200930191EE
:107C2000E8E7802321009B0019401C4203D0D3B217
:107C300000930190DEE70092F1E7234A20000C92C6
:107C400020221040144219D0193A073797433800C0
:107C500006C8009101920490E20709D5009A0199A3
:107C60000A4305D013AA30215370022311701C431C
:107C7000104B1C40022387E6104ADFE7390004C995
:107C80002600049110210E400C4202D00092019077
:107C9000E2E74021200008400C4203D092B200925B
:107CA0000196D9E78021260089000E400C42F6D0CB
:107CB000D2B2EBE7FFFBFFFF307800007CBC02088C
:107CC00061BD020871BD02088DBC0208019B002B3A
:107CD00009D1009B092B06D8B72612ABF618009BDA
:107CE0003033337015E180230024DB003B4040AE8D
:107CF0000A930A22009801990023D8F723FC0A9BD3
:107D0000013E30320B90109132700134002B1AD0AA
:107D10000D9B1B78A34216D1FF2C14D0019B002B86
:107D200002D1009B092B0ED90E9B0F99F61A1A004F
:107D30003000FBF776FE0D9B00245B785A1E9341C2
:107D40000D9AD3180D93019B002B03D1009B092B97
:107D500000D8DEE00B9B0093109B0193C9E70F2036
:107D6000009B0C9A0340D35C013E3370019B1907C2
:107D7000009B1A09019B11431B0901930B00019AF7
:107D800000911343ECD1C4E040AE002B00D0C0E022
:107D9000E40700D4BDE0B72612ABF6183023A0E705
:107DA000002B00D17EE027AE3370002312AAD370DF
:107DB000049776E510201218686016921593072B29
:107DC00007DD0399069814AAFFF7AAFB002844D1FF
:107DD00017A90D00103F3BE610201218686016929C
:107DE0001593072B07DD0399069814AAFFF798FB54
:107DF000002832D117A90D00103F7EE6102012187E
:107E0000686016921593072B07DD0399069814AA4C
:107E1000FFF786FB002820D117A90D00103F8BE645
:107E2000099B0A9A10269C1A002C00DCB7E61599CB
:107E30003B4A169B01312A60102C22DC6C60E4184E
:107E400016941591072900DCA9E60399069814AA4F
:107E5000FFF766FB002800D1A1E6039B5B6EDB0702
:107E600007D4039B9B899B0503D4039B986DFBF769
:107E7000BCFE039B9B895B0601D4FFF7C3FBFFF7A6
:107E8000BEFB10336E60169315910835072907DD88
:107E90000399069814AAFFF743FB0028DDD117AD1C
:107EA000103CC4E7169B002B02D100231593D4E7A6
:107EB0000399069814AAFFF733FB0028F5D0CCE706
:107EC0002700002A00D11BE5012B00D1FEE640AEC1
:107ED000022B00D143E707239C46634600993200FA
:107EE0000B400199013E4C0700993033C8080199B5
:107EF0000443C908019121000198337000940143A3
:107F0000EBD1F90705D5302B03D03023013E337078
:107F1000961E059B3C000B9340AB9B1B059375E5A0
:107F200061BD0208F0B5150002221E4C1F008B89AE
:107F3000A54493436A4693814B6E06001993CB89FF
:107F400016A8D381CB690C0007934B6A09931AAB2F
:107F5000009304938023DB00029305930023069390
:107F6000FBF740FE2A003B0069463000FFF70CFBA0
:107F7000051E07DB69463000FEF792FA002801D0A3
:107F800001256D426B469A8940231A4202D0A2898C
:107F90001343A3811698FBF726FE2800024B9D444D
:107FA000F0BDC04694FBFFFF6C040000F0B5936881
:107FB00087B00C0002900492002B02D1002007B081
:107FC000F0BD8B891B0757D50B69002B54D0049B40
:107FD00002221B680193A3891F001740134271D12D
:107FE000012201211A400B4200D1A5E038003E00D9
:107FF0000397039B002B00D10BE100280AD11A0044
:108000000A213000FEF78AFA039B5F1C002801D08A
:108010000130871B039B05979F4200D90593206879
:108020002269A5686369904200D8FBE0059AED18C3
:10803000AA4200DCF6E031002A00FBF7ABFC236823
:1080400021005B1902982360FEF72AFA00286ED1FE
:1080500001207F1B05D121000298FEF721FA00289C
:1080600065D1039B049A5B1B0393049B76199B6861
:108070005B1B9360BDD1A1E72100029800F0F4F8EA
:108080000028A4D00120404299E7019B1E685D684A
:1080900008330193676AE169002DF6D06E4A2B0020
:1080A000954200D9130032000298B84700283EDDFF
:1080B000049B049A9B6836181B1A2D1A9360002B98
:1080C000E8D17BE700263500E4E7019B1B680393BA
:1080D000019B5D68083301930C22A35E2068A668AB
:1080E000002DF2D0802189009AB20B4262D0AE42BC
:1080F00037D89023DB001A4233D02169431A03207A
:10810000059363694343DF0FFF18059B7F1001331D
:108110005B19BB4200D91F0052053CD539000298BB
:10812000FAF724F8061E0AD10C23029A13604023A2
:10813000A2891343A381A5E715000392CCE7059A12
:108140002169FBF766FDA289444B1A408023134343
:10815000A381059B2661F61826602E006761FF1A31
:10816000A7602F00AE4200D92E003200039920688C
:10817000FBF710FCA3689B1BA36023689B1923607B
:10818000039B049ADB190393049BED1B9B68DB1B89
:108190009360A1D112E73A000298FAF72FFA061E6F
:1081A000D7D121690298FBF7ABFD8022A3899343C5
:1081B000A381B9E72369834202D36769AF4216D925
:1081C000AE4200D92E0032000399FBF7E3FBA3680F
:1081D00022689B1B92193700A3602260002BCFD12D
:1081E00021000298FEF75CF90028C9D09FE71C4BDC
:1081F00028009D4200D91B483900D8F735F83B00CC
:10820000666A4343039AE1690298B047071EB7DCE8
:108210008DE7019B00201E685B680393019B083378
:108220000193E6E6059A934208DC656A3200E1694B
:108230000298A847051E00DD0AE778E7059A310095
:10824000FBF7A8FB059AA36815009B1AA360236897
:108250009B182360FCE6C04600FCFF7F7FFBFFFF0E
:10826000FEFFFF7FFFFFFF7F304B70B505001868F2
:108270000C00002804D0436B002B01D1FBF7B6FAA9
:108280000C23E25E93B2110723D4D90607D4092345
:1082900001202B6037331343A381404270BD5B073D
:1082A00013D5216B002908D023004033994202D016
:1082B0002800FBF725FD002323632422A389934391
:1082C000A38100236360236923600823A2891343E9
:1082D000A3812369002B0BD1A0218022A3898900CF
:1082E00092000B40934203D02100280000F0D4F804
:1082F0000C22A35E01201A0099B2024003420FD063
:108300000022A26062695242A26100202269824278
:10831000C4D10906C2D540221343A3810138BDE769
:10832000880700D46269A260EFE7C046A008002079
:10833000F0B585B00E0015000190FBF7C1FB0400FD
:10834000012819D1731EFE2B16D802AB1E7100270F
:10835000A74220D003ABD95DAB68013BAB60002BDB
:1083600004DAAA69934219DB0A2917D02B685A1C30
:108370002A6019700137EBE72B00320001985C335B
:1083800003A900F043F80400431CE0D14023060099
:10839000AA891343AB81300005B0F0BD2A000198D3
:1083A00000F0B8F8431CE5D10600F4E7536E70B551
:1083B00005000E001400DB0705D493899B0502D449
:1083C000906DFBF711FC0C23E25E80239B011A42A7
:1083D00004D11A43A281626E13436366280022000F
:1083E0003100FFF7A5FF636E0500DB0705D4A38905
:1083F0009B0502D4A06DFBF7F8FB280070BD06209A
:1084000010B500F005F9012000F096F97FB51D00C8
:10841000094B0400E0331E682B00002901D10A003B
:1084200001A92000B047431C03D100232B608A33ED
:10843000236004B070BDC0461406002070B50E0065
:108440001D000E23C95E140096B0002909DAB28916
:108450008023110019401A4218D00021403B080027
:1084600010E06A4600F0DEF80028F0DBF023019906
:108470001B021940074B8020C9184B4259418023E9
:108480000001DB002960236016B070BD8023DB0093
:10849000E5E7C04600E0FFFFF7B502268B8905003F
:1084A0000C00334206D023004333236023610123B1
:1084B0006361F7BD6A4601ABFFF7C0FF0099070093
:1084C0002800F9F753FE002808D10C22A35E9A0574
:1084D000EFD4032293431E43A681E4E78023A289BD
:1084E00020601343A381009B20616361019B002BEB
:1084F0000CD028000E23E15E00F0A6F8002805D07D
:108500000323A2899A43023B1343A381A3893B43DC
:10851000A381CEE7F8B506000D001400002804D0B2
:10852000436B002B01D1FBF761F9A369A360A38919
:108530001B072ED52369002B2BD00C23E25E802352
:108540009B01EFB2EDB21A422CD023692068C01A09
:108550006369834205DC21003000FDF7A1FF00289C
:108560001DD1A3680130013BA36023685A1C22601F
:108570001F706369834204D0A389DB0707D50A2DE6
:1085800005D121003000FDF78BFF002807D128001E
:10859000F8BD21003000FFF767FE0028CDD001258F
:1085A0006D42F4E71343A381024A636E134063668E
:1085B000CBE7C046FFDFFFFF70B504000D001F29A9
:1085C00004D9162303600120404270BD0300FC3330
:1085D000DB69002B04D08A009B181A68002A08D196
:1085E000200000F055F82A000100200000F03EF8BD
:1085F000EBE70020012AE8D0511C03D116230130FB
:108600002360E2E7002428001C6090472000DCE79C
:1086100010B5034B01001868FFF7CEFF10BDC04630
:10862000A0080020002370B5064D040008001100CA
:108630002B6000F039F8431C03D12B68002B00D0CD
:10864000236070BDCCA40120002370B5064D04004A
:1086500008002B6000F038F8431C03D12B68002B76
:1086600000D0236070BDC046CCA40120002370B5AB
:10867000064D0400080011002B6000F02DF8431C8B
:1086800003D12B68002B00D0236070BDCCA4012047
:1086900010B500F011F810BD58220120014B4042E6
:1086A0001A607047CCA4012058220120014B40429F
:1086B0001A607047CCA4012058220120014B40428F
:1086C0001A607047CCA401205822024B00201A6087
:1086D0007047C046CCA4012058220120014B4042E3
:1086E0001A607047CCA4012058220120014B40425F
:1086F0001A607047CCA4012058220120014B40424F
:108700001A607047CCA40120054A030011680029B3
:1087100001D1044911601068C31813607047C04646
:1087200068A6012070A6012058220120014B40427A
:108730001A607047CCA40120FEE70000F8B5C046DF
:10874000F8BC08BC9E467047F8B5C046F8BC08BCEB
:108750009E4670470000000001B40248844601BCF8
:08876000604700BFA9080020DA
:10876800081C3044586C80000000000000004830AD
:1087780031523000503031523000483233523000DC
:10878800483233523100483233523300483037527E
:1087980033004830385236005030385236004830AE
:1087A8003952300048303952390048314252360087
:1087B800483132523000483133523700483046523F
:1087C800310048304652360048304652370048316A
:1087D8004152320048304152390048314452310048
:1087E80048314452350048304252340048313852FA
:1087F8003000483236523000483135523000483166
:108808003052340048324152330048343152360035
:1088180048334252360048313852310048314652C6
:108828003500483342523200483231523200483122
:108838003752310048313552380048324252300000
:10884800483035523000483342523700483242529D
:1088580031004830375238004830385237004831F4
:108868003652360000000000000000000000000042
:108878006D650000616C6C0069660000666F7200CF
:108888004A616E00466562004D6172004170720077
:108898004D6179004A756E004A756C004175670034
:1088A800536570004F6374004E6F76004465630033
:1088B8004D6F6E6461790000547565736461790069
:1088C8005765646E65736461790000005468757259
:1088D8007364617900000000467269646179000080
:1088E80053617475726461790000000053756E6499
:1088F800617900000A0D54686973206D6F64756CA6
:10890800652077696C6C20626520666F72636564A8
:1089180020696E746F20626F6F746C6F616465722A
:10892800206D6F64652E0A0D506C65617365207546
:10893800736520746865202253544D20466C61731A
:1089480068204C6F616465722044656D6F6E737446
:108958007261746F7222200909090909090909203D
:10896800207574696C69747920746F2075706461FE
:10897800746520746865206669726D776172652E0A
:108988000A0D0A092A2A2A20496D706F7274616ECD
:1089980074202A2A2A0A0D49662074686973206D92
:1089A8006F64756C6520697320636F6E6E656374A0
:1089B8006564206469726563746C7920746F2050F3
:1089C8004320706C6561736520636C6F73652074F8
:1089D80068697320706F72742066697273742E0AE6
:1089E8000D0000000A0D4D6F64756C65202564202C
:1089F80077696C6C20626520666F726365642069B4
:108A08006E746F20626F6F746C6F61646572206D35
:108A18006F64652E000000000A0D52656D6F746565
:108A28002075706461746520766961206D6F647566
:108A38006C652025642C20706F727420502564208A
:108A480077696C6C20626520747269676765726506
:108A5800642E00000A0D506C65617365207573659E
:108A680020746865202253544D20466C6173682039
:108A78004C6F616465722044656D6F6E73747261CA
:108A8800746F7222207574696C69747920746F2010
:108A980075706461746520746865206669726D77A5
:108AA8006172652E090909090909090909090920D5
:108AB80020200A0D0A092A2A2A20496D706F72742B
:108AC800616E74202A2A2A0A0D2D204966207468AE
:108AD8006973206D6F64756C6520697320636F6EB0
:108AE8006E6563746564206469726563746C79206B
:108AF800746F20504320706C6561736520636C6FE0
:108B08007365207468697320706F72742066697267
:108B180073742E0A0D0909090909090909090909BE
:108B28002020202D20596F75206D75737420706F6B
:108B3800776572206379636C652074686520656E5B
:108B480074697265206172726179206166746572F8
:108B58002074686520757064617465206973206687
:108B6800696E69736865642E0A0D00000D0A424F2C
:108B7800532E726573706F6E73653A20616C6C2C3E
:108B8800206D6573736167652C20636C692C206E9A
:108B98006F6E650D0A0000000D0A424F532E747265
:108BA8006163653A20616C6C2C206D657373616735
:108BB800652C20726573706F6E73652C206E6F6EF6
:108BC800650D0A00424F532E636C696261756472C9
:108BD8006174653A20434C4920626175647261741E
:108BE800652E2044656661756C742069732039327E
:108BF800313630302E2054686973206166666563AB
:108C0800747320616C6C20706F7274732E204966C7
:108C180020796F75206368616E6765207468697371
:108C28002076616C75652C202020202020202020B3
:108C3800202020796F75206D75737420636F6E6EB8
:108C480065637420746F206120434C4920706F72F3
:108C580074206F6E20656163682073746172747527
:108C68007020746F20726573746F7265206F7468FA
:108C7800657220617272617920706F7274732069F5
:108C88006E746F2064656661756C742062617564CA
:108C9800726174650D0A0000424F532E6465626F5D
:108CA800756E63653A2031202E2E2E2E2E2E2E2EF6
:108CB8002E2E2E2E203635353336206D7365630DF6
:108CC8000A000000424F532E73696E676C65636C2F
:108CD80069636B74696D653A2031202E2E2E2E2E15
:108CE800203635353336206D7365630D0A00000074
:108CF800424F532E6D696E696E746572636C696359
:108D08006B74696D653A2031202E2E2E2032353550
:108D1800206D7365630D0A00424F532E6D617869AB
:108D28006E746572636C69636B74696D653A203142
:108D3800202E2E2E20323535206D7365630D0A00E6
:108D48003D0000003E0000003C0000003E3D0000E9
:108D58003C3D0000213D00000A0D284D6F64756CF4
:108D6800653A506F7274290909000000502564099A
:108D7800000000000A0A0D004D6F64756C6520251F
:108D8800643A0900090000002564090025643A25B1
:108D9800640900000A0D00000A0000000A0D54686A
:108DA80065736520706F72747320617265207265D7
:108DB8007665727365643A000A0D4D6F64756C656B
:108DC800202564203A205025640000000A0A0D413D
:108DD8006C6C206F7468657220706F727473206198
:108DE8007265206E6F726D616C0A0D000A0D2A2A79
:108DF8002A204D6F64756C65202564205374617456
:108E08007573202A2A2A0A000A0D436F6E6E65635D
:108E18007465642076696120706F72743A205025F9
:108E2800640A0D000A0D4669726D776172652076D5
:108E3800657273696F6E3A2025642E25642E256449
:108E4800000000004A756C20203220323032340095
:108E58000A0D4669726D7761726520646174653ABE
:108E6800202020202573000031373A31333A333936
:108E7800000000000A0D4669726D77617265207402
:108E8800696D653A2020202025730A0D0000000036
:108E98000A0D506F727473205374617475733A0AB3
:108EA8000A0D00005025643A2000000046726565EE
:108EB8000A0D0000526563656976696E67206D6505
:108EC8007373616765730A0D00000000537472655F
:108ED800616D696E670A0D00526563656976696E32
:108EE80067207573657220636F6D6D616E64730AB8
:108EF8000D000000436F6E6E656374656420746FC7
:108F0800206120627574746F6E2F7377697463685B
:108F18000A0D00000A0D444D412053747265616DBD
:108F280073205374617475733A0A0D000A0D5374F3
:108F38007265616D696E6720444D41202564206922
:108F480073206672656500000A0D53747265616D61
:108F5800696E6720444D412025642069732073742D
:108F68007265616D696E672066726F6D2050256449
:108F780020746F20502564000A0D546865736520BD
:108F8800706F727473206172652072657665727392
:108F980065643A20000000005025642000000000AD
:108FA8004E6F6E6500000000665300087453000899
:108FB80082530008905300089E5300086D65000016
:108FC800616C6C008C5E0008085B0008245B00087C
:108FD800425B0008705B00089E5B0008DE5B0008CF
:108FE8001E5C0008085B0008905E0008D85C00085A
:108FF800F85C00081A5D00084C5D00087E5D0008FA
:10900800C25D0008185E0008D85C0008257320259A
:109018003032642F253032642F253034640000004C
:10902800253032643A253032643A25303264000003
:10903800081C3044586C80000A0D0A0D3D3D3D3D2A
:109048003D3D3D3D3D3D3D3D3D3D3D3D3D3D3D3D48
:109058003D3D3D3D3D3D3D3D3D3D3D3D3D3D3D3D38
:109068003D3D3D3D3D3D3D3D3D3D3D3D3D3D3D3D28
:109078000920202020200A0D3D3D3D3D3D3D3D3D40
:109088003D3D3D3D3D3D3D3D3D3D3D3D3D3D3D3D08
:109098003D3D3D3D3D3D3D3D3D3D3D3D3D3D3D3DF8
:1090A8003D3D3D3D3D3D3D3D3D3D3D3D0920202073
:1090B80020200A0D7C7C2020202020202020202019
:1090C800202057656C636F6D6520746F204269744A
:1090D8007A4F5320434C4921202020202020202053
:1090E8002020202020207C7C0909200A0D7C7C205F
:1090F80020202020202028432920434F505952491E
:1091080047485420484558414249545A2032303142
:10911800372D323032342E20202020202020207C71
:109128007C0920202020200A0D7C7C202020202063
:109138002020202020202020202020202020202027
:109148002020202020202020202020202020202017
:1091580020202020202020202020207C7C0909207D
:109168000A0D7C7C202020202020506C65617365CE
:1091780020636865636B207468652070726F6A6528
:109188006374207765627369746520617420202098
:10919800202020207C7C0909200A0D7C7C202020AE
:1091A80020202020202020202020687474703A2F4E
:1091B8002F686578616269747A2E636F6D2F20203D
:1091C800202020202020202020202020207C7C09F6
:1091D80020202020200A0D7C7C20202020202020F8
:1091E8002020202020202020202020202020202077
:1091F8002020202020202020202020202020202067
:109208002020202020202020207C7C0920202020B5
:10921800200A0D7C7C202020547970652068656CBC
:109228007020666F722061206C697374206F6620ED
:10923800617661696C61626C6520636F6D6D616EEA
:1092480064732E20207C7C0920202020200A0D3DDC
:109258003D3D3D3D3D3D3D3D3D3D3D3D3D3D3D3D36
:109268003D3D3D3D3D3D3D3D3D3D3D3D3D3D3D3D26
:109278003D3D3D3D3D3D3D3D3D3D3D3D3D3D3D3D16
:109288003D3D3D0920202020200A0D3D3D3D3D3D2E
:109298003D3D3D3D3D3D3D3D3D3D3D3D3D3D3D3DF6
:1092A8003D3D3D3D3D3D3D3D3D3D3D3D3D3D3D3DE6
:1092B8003D3D3D3D3D3D3D3D3D3D3D3D3D3D3D090A
:1092C80020202020200A0A0D000000000D0A0000BE
:1092D8000D0A5B507265737320454E5445522074D5
:1092E8006F20657865637574652074686520707291
:1092F8006576696F757320636F6D6D616E6420614B
:109308006761696E5D0D0A3E00000000436F6E6E76
:10931800656374656420746F206D6F64756C652077
:10932800256420282573292C20706F7274205025FD
:10933800642E0A0A0D3E0000696620000A43616E29
:109348006E6F742073746F7265206D6F7265204341
:109358006F6D6D616E6420536E6970706574732EE5
:1093680020506C656173652064656C657465206563
:1093780078697374696E67206F6E657320616E64B7
:109388002074727920616761696E2E0A0D000000F1
:10939800656E642069660000000000000A436F6E75
:1093A800646974696F6E616C2073746174656D654E
:1093B8006E7420616363657074656420616E6420F7
:1093C800616464656420746F20436F6D6D616E64C1
:1093D80020536E6970706574732E0A0D00000000CA
:1093E800626F730057726F6E67206D6F64756C657E
:1093F800206E616D652120506C6561736520747203
:109408007920616761696E2E0A0D000057726F6ED0
:1094180067206D6F64756C652049442120506C6528
:109428006173652074727920616761696E2E0A0D17
:1094380000000000436F6D6D616E642062726F61A1
:109448006463617374656420746F20616C6C0A0DC9
:109458000000000025734D756C7469636173742096
:10946800436F6D6D616E6420666F727761726465BB
:109478006420746F2067726F75702025730A0D0061
:109488007570646174650000436F6D6D616E642072
:10949800666F7277617264656420746F204D6F64C3
:1094A800756C652025640A0D0000000025734D6F5A
:1094B80064756C65202564206973206E6F74207252
:1094C8006561636861626C652E0A0D00636C69638F
:1094D8006B656400646F75626C6520636C69636BAF
:1094E800656400007072657373656420666F72202E
:1094F8000000000072656C656173656420666F72B8
:109508002000000020000000AA7400080874000869
:109518001C7400083074000852740008667400084F
:1095280088740008081C3044586C80003D3D003E9B
:1095380000003C00003E3D003C3D00213D00000095
:1095480072756E2D74696D652D7374617473000086
:1095580072756E2D74696D652D73746174733A0D2F
:109568000A20446973706C61792061207461626CAF
:10957800652073686F77696E6720686F77206D75EF
:1095880063682070726F63657373696E67207469AE
:109598006D652065616368204672656552544F5356
:1095A800207461736B2068617320757365640D0A9C
:1095B8000D0A00004895020858950208C57700086A
:1095C800000000007461736B2D7374617473000084
:1095D8007461736B2D73746174733A0D0A20446956
:1095E80073706C61792061207461626C65207368A6
:1095F8006F77696E6720746865207374617465207D
:109608006F662065616368204672656552544F53E2
:10961800207461736B0D0A0D0A000000CC950208D6
:10962800D8950208857700080000000070696E6709
:109638000000000070696E673A0D0A2050696E6775
:109648002061206D6F64756C650D0A0D0A000000BD
:10965800349602083C9602080578000800000000CD
:1096680075706461746500007570646174653A0DA5
:109678000A2050757420746865206D6F64756C6578
:1096880020696E20666163746F727920626F6F74EF
:109698006C6F61646572206D6F646520746F2075EE
:1096A800706461746520697473206669726D77618E
:1096B80072652E0D0A0A09090909090920202D20B9
:1096C8005573652027236E2E757064617465272095
:1096D800746F207570646174652072656D6F746550
:1096E800206D6F64756C65206E2E204D616B652052
:1096F80073757265207468652070726F6772616D2A
:109708006D696E6720706F72742069732074686564
:1097180020696E636F6D696E6720706F7274206F59
:10972800662074686973206D6F64756C652E0D0A08
:1097380009090909090920202D2055736520277575
:1097480070646174652076696120236E20707827C3
:1097580020746F2075736520746865205354204603
:109768006C617368204C6F6164657220746F6F6CF4
:109778002077697468206D6F64756C65206E2C2085
:10978800706F7274207820746F20757064617465CE
:109798002061206E65696768626F72206D6F6475FD
:1097A8006C652E205468697320697320757365662B
:1097B800756C20696620090909090909097461722B
:1097C800676574206D6F64756C65206973206E6FB2
:1097D800742070617274206F662074686520746FDD
:1097E800706F6C6F6779206F722069662070726F76
:1097F8006772616D6D696E6720706F72742069732E
:10980800206E6F7420696E207468652073686F72AB
:1098180074657374207061746820746F2074617249
:10982800676574206D6F64756C652E0D0A0D0A00EE
:109838006896020870960208A1780008FF000000E8
:109848006578706C6F7265006578706C6F72653AD8
:109858000D0A204578706C6F726520746865206108
:109868007272617920616E64206275696C64206926
:10987800747320746F706F6C6F67790D0A0D0A002E
:1098880048980208509802089D7A000800000000D5
:10989800726573657400000072657365743A0D0A29
:1098A80020526573657420746865206D6F64756CEB
:1098B800650D0A0D0A00000098980208A098020891
:1098C800B37A0008000000006E616D6500000000BA
:1098D8006E616D653A0D0A204E616D65207468658C
:1098E800206D6F64756C65207769746820616E20DF
:1098F800616C6961732028317374207061722E293C
:109908000D0A0D0A00000000D0980208D898020835
:10991800C57A00080100000067726F7570000000CA
:1099280067726F75703A0D0A2047726F7570206DF7
:10993800756C7469706C65206D6F64756C657320E7
:1099480028326E642B207061722E2920696E746F24
:109958002061206E6577206F72206578697374695D
:109968006E672067726F757020283173742070617C
:10997800722E290D0A0D0A0020990208289902085A
:10998800AD7B0008FF0000007374617475730000FC
:109998007374617475733A0D0A20446973706C614D
:1099A80079206D6F64756C65207374617475730DBF
:1099B8000A0D0A009099020898990208A97E0008E1
:1099C80000000000696E666F00000000696E666F37
:1099D8003A0D0A20446973706C6179206172726172
:1099E8007920696E666F726D6174696F6E0D0A0D0C
:1099F8000A000000CC990208D4990208C57E000824
:109A08000000000073636173740000007363617386
:109A1800743A0D0A20537461727420612073696E60
:109A2800676C652D6361737420444D4120737472B3
:109A380065616D2E20536F7572636520706F727447
:109A48002028317374207061722E292C20736F7551
:109A5800726365206D6F64756C652028326E6420B2
:109A68007061722E292C2064657374696E61746943
:109A78006F6E20706F727420283372642070617268
:109A88002E292C20202020202020202020202020AB
:109A980020202020202020202064657374696E61B6
:109AA80074696F6E206D6F64756C652028347468F6
:109AB800207061722E292C20646972656374696F45
:109AC8006E202827666F7277617264272C202762C0
:109AD80061636B77617264272C20276269646972FD
:109AE800656374696F6E616C272920283574682056
:109AF8007061722E292C207472616E7366657220F3
:109B0800636F756E7420286279746573292028360E
:109B18007468207061722E292C207472616E7366CD
:109B280065722074696D656F757420286D732920BE
:109B380028377468207061722E290D0A0D0A0000FA
:109B48000C9A0208149A0208C17F00080700000056
:109B58006164642D627574746F6E00006164642DB5
:109B6800627574746F6E3A0D0A20446566696E6595
:109B7800206120627574746F6E206174206F6E6549
:109B8800206F662074686520617272617920706F39
:109B98007274732E20427574746F6E2074797065B8
:109BA8002028276D6F6D656E746172792D6E6F2731
:109BB8002C20276D6F6D656E746172792D6E632729
:109BC8002C20276F6E6F66662D6E6F272C20276FEF
:109BD8006E6F66662D6E6327292831737420706155
:109BE800722E292C20427574746F6E20706F7274F7
:109BF8002028326E64207061722E290D0A0D0A0029
:109C0800589B0208649B02089D820008020000001D
:109C180072656D6F76652D627574746F6E000000E5
:109C280072656D6F76652D627574746F6E3A0D0A84
:109C38002052656D6F7665206120627574746F6E51
:109C48002074686174207761732070726576696F1B
:109C580075736C7920646566696E6564206174202B
:109C68007468697320706F7274202831737420705F
:109C780061722E290D0A0D0A00000000189C0208C6
:109C8800289C0208ED830008010000007365740039
:109C98007365743A0D0A20536574206120706172EF
:109CA800616D657465722028317374207061722E3D
:109CB800292077697468206120676976656E207647
:109CC800616C75652028326E64207061722E290DD2
:109CD8000A0D0A00949C0208989C020881840008D6
:109CE800FF000000676574006765743A0D0A204735
:109CF8006574207468652063757272656E74207669
:109D0800616C7565206F66206120706172616D6598
:109D18007465722028317374207061722E290D0ABF
:109D28000D0A0000EC9C0208F09C020879900008DB
:109D3800FF00000064656661756C740064656661A7
:109D4800756C743A0D0A205479706520276465662D
:109D580061756C7420706172616D732720746F2057
:109D680073657420616C6C20706172616D657465D7
:109D7800727320746F2064656661756C74207661F7
:109D88006C7565730D0A20547970652027646566C3
:109D980061756C742061727261792720746F20720A
:109DA800656D6F76652063757272656E7420746F69
:109DB800706F6C6F67790D0A0D0A00003C9D0208F0
:109DC800449D02082D9400080100000074696D6527
:109DD8000000000074696D653A0D0A2044697370CB
:109DE8006C61792063757272656E742074696D6533
:109DF80020696E2048483A4D4D3A53532D6D73658E
:109E08006320666F726D61740D0A0D0A0000000010
:109E1800D49D0208DC9D020825950008000000007A
:109E28006461746500000000646174653A0D0A207D
:109E3800446973706C61792063757272656E742001
:109E48006461746520696E205765656B646179206B
:109E58004D4D2F44442F5959595920666F726D61E1
:109E6800740D0A0D0A000000289E0208309E0208A0
:109E7800FD950008000000007365742D626175642B
:109E880072617465000000007365742D6261756409
:109E9800726174653A0D0A20536574205541525415
:109EA8002062617564726174650D0A0928317374E2
:109EB80020706172616D65746572293A2050312095
:109EC800746F2050360D0A0928326E642070617252
:109ED800616D65746572293A206261756472617496
:109EE800650D0A0D0A000000809E0208909E020877
:109EF80031960008020000007575696400000000D2
:109F0800757569643A0D0A20446973706C6179202B
:109F18004D435520756E69717565205549440D0A84
:109F28000D0A0000009F0208089F0208F196000829
:109F3800000000006964636F646500006964636F12
:109F480064653A0D0A20446973706C6179204D4349
:109F580055204944434F444520284445565F4944C9
:109F680020616E64205245565F4944290D0A0D0A46
:109F7800000000003C9F0208449F02086197000807
:109F880000000000666C6173682D73697A650000D3
:109F9800666C6173682D73697A653A0D0A204469A5
:109FA80073706C6179204D435520466C617368204D
:109FB80073697A6520696E204B62797465730D0A3E
:109FC8000D0A00008C9F0208989F0208419800081B
:109FD80000000000736E697000000000736E697005
:109FE8003A0D0A20446973706C61792061206C69AC
:109FF8007374206F662073746F72656420436F6D8D
:10A008006D616E6420536E69707065747320746F2F
:10A018002065646974206F722064656C6574650DD1
:10A028000A0D0A00DC9F0208E49F020875980008E0
:10A03800000000006163742D736E697000000000F9
:10A048006163742D736E69703A0D0A2041637469F7
:10A0580076617465206120436F6D6D616E64205375
:10A068006E69707065740D0A0D0A00003CA0020844
:10A0780048A00208219C0008010000007061757367
:10A08800652D736E6970000070617573652D736E50
:10A0980069703A0D0A205061757365206120436F1D
:10A0A8006D6D616E6420536E69707065740D0A0D74
:10A0B8000A00000084A0020890A00208D99C0008A9
:10A0C8000100000064656C2D736E6970000000006B
:10A0D80064656C2D736E69703A0D0A2044656C6571
:10A0E8007465206120436F6D6D616E6420536E69E5
:10A0F800707065740D0A0D0A00000000CCA00208FB
:10A10800D8A00208919D00080100000062726964ED
:10A11800676500006272696467653A0D0A204272D9
:10A12800696467652074776F206172726179207045
:10A138006F7274730D0A0D0A0000000014A1020862
:10A148001CA10208659F000802000000756E62727B
:10A158006964676500000000756E6272696467650E
:10A168003A0D0A20556E2D6272696467652074770E
:10A178006F20617272617920706F7274730D0A0DAD
:10A188000A00000054A1020860A1020881A000088A
:10A1980002000000746573742D706F727400000003
:10A1A800746573742D706F72743A0D0A2074657338
:10A1B8007420706F72742066756E6374696F6E6157
:10A1C8006C6974792E20796F752063616E206368DD
:10A1D8006F6F73652065697468657220746F207489
:10A1E800657374206F6E6520737065636966696353
:10A1F80020706F7274206F7220746F20746573748E
:10A2080020616C6C20706F7274732E20706C6561A5
:10A218007365207479706520507820776865726559
:10A228002078207374616E647320666F722074687E
:10A2380065206E756D626572206F6620706F72742E
:10A24800206F722074797065203C616C6C3E2074BC
:10A258006F207465737420616C6C20706F72740D5C
:10A268000A0D0A009CA10208A8A102089DA10008E5
:10A2780001000000726561642D61646300000000E4
:10A28800726561642D6164633A0D0A2052656164E8
:10A29800204144432056616C75652066726F6D20BD
:10A2A800506F72742032206F7220506F7274203396
:10A2B80020616E642063686F6F7365207468652021
:10A2C80073696465207768657265617320746F705F
:10A2D800206F7220626F74746F6D0D0A0D0A000092
:10A2E8007CA2020888A2020885A4000802000000D7
:10A2F800726561642D74656D70000000726561643B
:10A308002D74656D703A0D0A205265616420696E7E
:10A318007465726E616C2074656D706572617475B8
:10A3280072650D0A0D0A0000F8A2020804A30208CB
:10A33800B9A5000800000000726561642D76726599
:10A3480066000000726561642D767265663A0D0AD2
:10A35800205265616420696E7465726E616C20724A
:10A3680065666572656E636520566F6C74616765B6
:10A378000D0A0D0A0000000040A302084CA30208C1
:10A388000DA6000800000000726561642D61646319
:10A398002D70657263656E746167650072656164CE
:10A3A8002D6164632D70657263656E746167653ACB
:10A3B8000D0A204765742070657263656E74616765
:10A3C800652076616C75652066726F6D20706F729E
:10A3D800742032206F7220706F727420330D0A0D52
:10A3E8000A00000090A30208A4A3020861A60008BE
:10A3F800010000005461736B205374617465205030
:10A4080072696F7269747920537461636B20230DCC
:10A418000A2A2A2A2A2A2A2A2A2A2A2A2A2A2A2AB4
:10A428002A2A2A2A2A2A2A2A2A2A2A2A2A2A2A2A84
:10A438002A2A2A2A2A2A2A2A2A2A2A2A2A2A2A2A74
:10A448002A0D0A005461736B204162732054696DB0
:10A458006520252054696D650D0A2A2A2A2A2A2A88
:10A468002A2A2A2A2A2A2A2A2A2A2A2A2A2A2A2A44
:10A478002A2A2A2A2A2A2A2A2A2A2A2A2A2A2A2A34
:10A488002A2A0D0A00000000766961004D6F647584
:10A498006C6573205B0000002C2000000A0D4E75CF
:10A4A8006D626572206F66206D6F64756C65733AB6
:10A4B8002025640A000000000A0D417272617920AB
:10A4C800746F706F6C6F67793A0A0000436F756C30
:10A4D80064206E6F74207265616420706F7274738B
:10A4E80020646972656374696F6E20666F72207389
:10A4F8006F6D65206D6F64756C65732120506C6598
:10A508006173652074727920616761696E0A0D0054
:10A5180020000000666F7277617264006261636B8D
:10A52800776172640000000062696469726563742F
:10A53800696F6E616C0000006D6F6D656E7461729D
:10A54800792D6E6F000000006D6F6D656E7461721D
:10A55800792D6E63000000006F6E6F66662D6E6F5A
:10A56800000000006F6E6F66662D6E6300000000CD
:10A57800626F732E00000000726573706F6E7365F2
:10A5880000000000616C6C006D65737361676500A5
:10A59800636C69006E6F6E65000000007472616321
:10A5A80065000000636C69626175647261746500BE
:10A5B8006465626F756E63650000000073696E679D
:10A5C8006C65636C69636B74696D65006D696E6950
:10A5D8006E746572636C69636B74696D6500000005
:10A5E8006D6178696E746572636C69636B74696DAB
:10A5F80065000000616D0000706D00006D6F6E6495
:10A608006179000074756573646179007765646EBB
:10A6180065736461790000007468757273646179A8
:10A6280000000000667269646179000073617475E6
:10A63800726461790000000073756E6461790000CE
:10A648006A616E7561727900312000006665627218
:10A658007561727900000000322000006D6172633C
:10A668006800000033200000617072696C0000000F
:10A67800342000006D617900352000006A756E6530
:10A6880000000000362000006A756C7900000000A8
:10A69800372000006175677573740000382000006A
:10A6A80073657074656D6265720000003920000082
:10A6B8006F63746F62657200313000006E6F76658B
:10A6C8006D626572000000003131000064656365E9
:10A6D8006D62657200000000313200006D73670022
:10A6E80025640A0D0000000025732325640A0D0067
:10A6F800706172616D7300006172726179000000AF
:10A70800414D0000504D0000257300000D0A000067
:10A7180053544D33324630337800000053544D3390
:10A72800324630347800000053544D3332463035C9
:10A738007800000053544D3332463037780000001B
:10A7480053544D333246303978000000554E4B4E45
:10A758004F574E00B6970008E6970008D6970008AE
:10A76800E697000896970008A6970008E69700085D
:10A77800E6970008C6970008506175736564004144
:10A78800637469766500000048000000746F70000B
:10A79800626F74746F6D00004144435F56616C755D
:10A7A800653D2575200D0A00696E7465726E616CD1
:10A7B8002074656D706572617475726520697320A7
:10A7C800252E326643200D0A00000000696E74656C
:10A7D800726E616C207265666572656E636520765F
:10A7E8006F6C746167652069733D252E326656204B
:10A7F8000D0A00004144432076616C756520706540
:10A808007263656E746167652069733D252E3266D3
:10A81800252520250D0A000048692066726F6D20E5
:10A828006D6F64756C652025640D0A0048692066A3
:10A83800726F6D206D6F64756C6520256420282506
:10A8480073290D0A00000000557064617465206664
:10A8580069726D7761726520666F72206D6F6475BD
:10A868006C652025640A0D0057726F6E672076614B
:10A878006C7565210A0D00004D6F64756C652025A7
:10A8880064206973206E616D65642025730A0D006C
:10A89800257320697320612072657365727665641B
:10A8A80020424F53206B6579776F72642120506C7A
:10A8B80065617365207573652061206469666665E6
:10A8C80072656E7420616C6961730A0D0000000086
:10A8D800257320697320616C7265616479207573D2
:10A8E80065642120506C656173652075736520610E
:10A8F80020646966666572656E7420616C6961734F
:10A908000A0D0000257320697320616E206578693F
:10A918007374696E6720434C4920636F6D6D616E77
:10A92800642120506C656173652075736520612012
:10A93800646966666572656E7420616C6961730A24
:10A948000D000000257320697320612077726F6EF7
:10A9580067206D6F64756C65204944206F722061B3
:10A968006C6961730A0D0000506C65617365206540
:10A978006E74657220736F6D65206D6F64756C659C
:10A988002049447320746F2061646420746F20250B
:10A99800730A0D005D20616464656420746F206E25
:10A9A80065772067726F75702025730A0D000000A7
:10A9B8005D20616464656420746F206578697374D0
:10A9C800696E672067726F75702025730A0D000025
:10A9D80041637469766174696E672061202573200C
:10A9E80073696E676C652D6361737420444D4120F3
:10A9F80073747265616D2066726F6D2050256420D6
:10AA0800696E206D6F64756C6520257320746F20E6
:10AA180050256420696E206D6F64756C6520257300
:10AA28002E205468652073747265616D2077696C97
:10AA38006C2064656163746976617465206166740D
:10AA48006572202564206279746573206F722025F1
:10AA580064206D730A0D000041206E657720257310
:10AA680020627574746F6E206E616D656420422576
:10AA7800642077617320646566696E65642061741B
:10AA880020706F7274205025640A0D00427574742A
:10AA98006F6E20422564207761732072656D6F7632
:10AAA80065642066726F6D20706F72742050256423
:10AAB8000A0D000025732077617320736574207474
:10AAC8006F2025730A0D00000A596F75206D757384
:10AAD80074207265737461727420746F20656E617E
:10AAE800626C6520746865206E65772062617564A4
:10AAF800726174652E0A0D00546869732061666678
:10AB08006563747320616C6C20706F7274732E208F
:10AB1800496620796F75206368616E67652074687F
:10AB280069732076616C75652066726F6D20646547
:10AB38006661756C742C2009090909090909090954
:10AB4800090909202020796F75206D7573742063B9
:10AB58006F6E6E65637420746F206120434C4920CA
:10AB6800706F7274206F6E20656163682073746102
:10AB78007274757020746F20726573746F726520BB
:10AB88006F7468657220617272617920706F727477
:10AB98007320696E746F2064656661756C742062D9
:10ABA800617564726174650A0D00000057726F6EFA
:10ABB8006720706172616D65746572210A0D00000D
:10ABC80025730A0D0000000025732067726F7570E9
:10ABD80020646F6573206E6F7420657869737421C3
:10ABE8000A0D000047726F7570202573206D656D22
:10ABF800626572733A0A0D002573206973207365C4
:10AC08007420746F20612077726F6E672076616C94
:10AC18007565210A0D000000416C6C20706172613D
:10AC28006D65746572732073657420746F20646534
:10AC38006661756C742076616C7565730A0D000029
:10AC480043757272656E7420617272617920746FD7
:10AC5800706F6C6F6779207761732072656D6F769E
:10AC680065642E20506C65617365207265626F6F34
:10AC78007420616C6C206D6F64756C65730A0D00CF
:10AC880043757272656E742074696D6520697320EE
:10AC9800253032643A253032643A253032642D2525
:10ACA8003033640A0D00000043757272656E7420BB
:10ACB80074696D6520697320253032643A25303215
:10ACC800643A253032642D253033642025730A0D0B
:10ACD8000000000043757272656E742064617465CB
:10ACE8002069732025730A0D0000000057726F6EEB
:10ACF8006720706172616D65746572210D0A0000CC
:10AD0800426175647261746520666F7220706F723B
:10AD18007420502564207761732073657420746FE4
:10AD28002025640D0A0000004D435520555549441F
:10AD38002069730A0D0000004D4355204445565FB5
:10AD480049442069732025730A0D000025734D437B
:10AD580055205245565F49442069732025642E309A
:10AD68000A0D00004D435520466C617368207369D5
:10AD78007A65206973202564204B62797465730AAB
:10AD88000D00000054686520666F6C6C6F77696E03
:10AD98006720436F6D6D616E6420536E69707065D6
:10ADA8007473206172652073746F72656420696EB4
:10ADB800206D656D6F72793A0A0A0D005B25303295
:10ADC800645D2025730A0D00257369662062256479
:10ADD8002E636C69636B6564000000002573696607
:10ADE800206225642E646F75626C6520636C6963EC
:10ADF8006B65640025736966206225642E70726530
:10AE08007373656420666F72202564002573696614
:10AE1800206225642E72656C656173656420666FB7
:10AE280072202564000000002573696620257320C0
:10AE3800257320252E31660025730A0D0925730018
:10AE48000A0D656E642069660A0A0D00546F206455
:10AE5800656C657465206120536E69707065742C2B
:10AE680020747970653A2064656C2D736E69702062
:10AE7800780A0D546F206163746976617465206186
:10AE880020536E69707065742C20747970653A204F
:10AE98000909090909090909090909090909616368
:10AEA800742D736E697020780A0D546F2070617567
:10AEB8007365206120536E69707065742C207479F5
:10AEC80070653A2070617573652D736E69702078AE
:10AED8000A0A0D776865726520782069732074689E
:10AEE8006520536E6970706574206E756D62657249
:10AEF8002066726F6D20746865206C6973740A0D22
:10AF080000000000536E69707065742077617320CB
:10AF18006163746976617465642E20547970652064
:10AF2800736E697020746F20766965772075706418
:10AF380061746564206C6973740A0D005468652037
:10AF4800536E6970706574206E756D6265722077D6
:10AF58006173206E6F7420666F756E640A0D000051
:10AF6800536E6970706574207761732070617573B2
:10AF780065642E205479706520736E697020746F33
:10AF880020766965772075706461746564206C69E2
:10AF980073740A0D00000000536E697070657420A8
:10AFA8007761732064656C657465642E20547970CC
:10AFB8006520736E697020746F20766965772075D7
:10AFC800706461746564206C6973740A0D00000014
:10AFD80050256420616E64205025642061726520CC
:10AFE8006272696467656420746F67657468657206
:10AFF8000A0D000057726F6E672073796E7461785E
:10B008000A0D0000506F7274206272696467696E7D
:10B0180067206661696C65640A0D0000502564202C
:10B02800616E64205025642061726520756E2D6202
:10B038007269646765640A0D00000000506F7274DD
:10B0480020756E6272696467696E67206661696CF3
:10B0580065640A0D0000000050256420697320779C
:10B068006F726B696E6720636F72726563746C7957
:10B078000A0D0000502564207465737420666169A8
:10B088006C65640A0D000000506C6561736520737F
:10B09800686F7274656E20746865206E65787420B8
:10B0A800706F727420616E642070726573732061B2
:10B0B8006E79206B657920746F20636F6E74696E8A
:10B0C80075652074657374696E6720746865206E91
:10B0D800657874206F6E650A0D0A0D007468652026
:10B0E800706F7274206E756D626572206973207757
:10B0F800726F6E670A0D000057726F6E672050619D
:10B1080072616D657465720A0D00000057726F6E8A
:10B118006720506F7274206E756D626572200A0D1B
:10B1280000000000081C3044586C800044656661CB
:10B13800756C745461736B004261636B456E645443
:10B1480061736B00557365725461736B0000000086
:10B15800436C695461736B0050314D73675461736C
:10B168006B00000050324D73675461736B00000030
:10B1780050334D73675461736B000000081C3044F2
:10B18800586C800053747265616D54696D65720006
:10B19800081C3044586C8000000000004869206694
:10B1A800726F6D206D6F64756C652025640D0A00E3
:10B1B80048692066726F6D206D6F64756C65202517
:10B1C8006420282573290D0A00000000746F7000A0
:10B1D800626F74746F6D000076180108FECD000868
:10B1E80036CE0008B4CE000804CF000818CF0008F7
:10B1F800E8170108E8170108E8170108E817010827
:10B208002CCF000812D0000814D50008E0D500089B
:10B21800ACD60008F2D900086ED700083CD8000860
:10B22800E817010842D9000856D900089EDB000833
:10B23800B0DB0008C8DB00085ADD000836DE00086D
:10B248004CDE0008F4DE0008FCE60008E8170108F8
:10B2580008E90008C6F00008FCF700082009010802
:10B26800FCF700084A090108A8090108E8170108BD
:10B27800E8170108E81701081E0E0108BC0E0108AE
:10B28800BC0E0108C80E0108341001083E10010860
:10B2980048100108B4F00008F0E9000814EA0008B2
:10B2A8003AEA000872EA0008BCEA00080AEB00085B
:10B2B80058EB0008F0E90008BAF0000890EC000824
:10B2C800B4EC0008DAEC000812ED00084AED0008BA
:10B2D80098ED0008E6ED000890EC0008C0F00008C2
:10B2E80010EF000834EF00085AEF000892EF00084A
:10B2F800CAEF000818F0000866F0000810EF000810
:10B3080038F1000840F1000880F10008E4F1000875
:10B318004AF20008B0F2000854F30008F8F30008F5
:10B3280040F10008E4F70008D2F4000806F5000828
:10B338003CF50008A4F50008FEF50008A0F6000892
:10B3480042F70008D2F40008DA000108B2F8000851
:10B35800AEF9000894FA0008A4FB0008C4FC000831
:10B3680016FE000868FF0008B2F80008E0050108AA
:10B37800BC020108EA0201081A0301087403010863
:10B38800EC0301088C0401082C050108BC02010823
:10B39800CA0801085A0601085A060108A806010841
:10B3A800A80601081C0701081C070108F007010886
:10B3B8005A0601087A100108C2100108A8110108EC
:10B3C8000E120108A41201083C1301081014010808
:10B3D800EC140108C2100108081C3044586C8000A5
:10B3E8000000000073616D706C65000073616D7022
:10B3F8006C653A0D0A2053796E7461783A2073614E
:10B408006D706C65205B414D505D2F5B564F4C5401
:10B418005D2E0D0A0D0A0000ECB30208F4B3020811
:10B42800953201080100000073747265616D0000B7
:10B4380073747265616D3A0D0A2053796E74617880
:10B448003A2073747265616D20205B414D505D2F09
:10B458005B564F4C545D2028706572696F64206993
:10B468006E206D7329202874696D6520696E206DC2
:10B478007329205B706F72745D205B6D6F64756CEF
:10B48800655D2E0D0A0D0A0030B4020838B40208B2
:10B4980065340108FF00000041434D6F6E69746F09
:10B4A800725461736B00000043656C6C566F6C746A
:10B4B800616765207C20564F4C543A20252E326611
:10B4C8000D0A000043656C6C566F6C7461676520EB
:10B4D8007C20414D503A20252E32660D0A0000008E
:10B4E800766F6C743A20252E3266200D0A00000013
:10B4F800414D503A20252E3266200D0A00000000EA
:10B508000D0A0000616D7000766F6C740000000019
:10B51800496E76616C696420417267756D656E74F9
:10B52800730D0A0053746F702073747265616D2017
:10B53800210A0D00081C3044586C800096540108FC
:10B54800D65401085A5401087854010816550108C0
:10B55800585501089A550108DC550108405601085C
:10B568007E560108626F74746F6D0000746F70000E
:10B57800081C3044586C8000526573746172746999
:10B588006E672E2E2E0D0A00486172644661756C36
:10B5980074204572726F720D0A0000005374616363
:10B5A8006B204F766572666C6F770D0A000000009D
:10B5B800486561702073697A65206578636565649C
:10B5C80065640D0A00000000081C3044586C8000B7
:10B5D8004A756C20203220323032340031373A310B
:10B5E800333A353200000000081C3044586C8000A3
:10B5F8000000000000000000000000000000000043
:10B608000000000000000000000000000000000032
:10B618000100000002000000030000000400000018
:10B6280006000000070000000800000009000000F4
:10B638000000000000000000000000000000000002
:10B6480001000000020000000300000004000000E8
:10B65800081C3044586C800068656C70000000005D
:10B668000D0A68656C703A0D0A204C697374732072
:10B67800616C6C20746865207265676973746572A3
:10B68800656420636F6D6D616E64732E20547970EC
:10B6980065202768656C7020706172616D73272062
:10B6A800746F206C69737420617661696C61626C77
:10B6B8006520706172616D657465727320616E6476
:10B6C80020746865697220706F737369626C652095
:10B6D80076616C7565730D0A0D0A000060B6020884
:10B6E80068B60208D9830108FF000000496E636F3D
:10B6F800727265637420636F6D6D616E6420706132
:10B7080072616D657465722873292E2020456E74E8
:10B718006572202268656C702220746F20766965D6
:10B72800772061206C697374206F66206176616987
:10B738006C61626C6520636F6D6D616E64732E0D54
:10B748000A0D0A00436F6D6D616E64206E6F742080
:10B758007265636F676E697365642E2020456E7429
:10B768006572202268656C702220746F2076696586
:10B77800772061206C697374206F66206176616937
:10B788006C61626C6520636F6D6D616E64732E0D04
:10B798000A0D0A00706172616D73000049444C45DE
:10B7A8000000000009256309257509257509257517
:10B7B8000D0A0000E8A80108F2A80108FCA8010881
:10B7C80006A9010810A90108092575090925752583
:10B7D800250D0A0009257509093C3125250D0A00A2
:10B7E8001AAC0108DCAB0108EAAB0108F6AB0108AA
:10B7F800FEAB010822AD0108E4AC0108F2AC010877
:10B80800FEAC010806AD0108546D72205376630042
:10B818009CB201089CB201089CB2010800B301085F
:10B8280014B3010844B301089CB201089CB2010892
:10B8380000B3010814B30108546D725100000000F0
:10B84800081C3044586C8000010002000400060007
:10B8580008000A000C0010002000400080000001D1
:10B86800081C3044586C80000101010307010000E6
:10B878000804020408010101600A0008EE09000832
:10B8880042090008FA080008420900082A0A0008C4
:10B8980042090008FA080008EE090008EE09000845
:10B8A8002A0A0008FA080008000900080009000828
:10B8B80000090008380A0008EE090008EE09000827
:10B8C80042090008F6080008420900082A0A000888
:10B8D80042090008F6080008EE090008EE09000809
:10B8E8002A0A0008F60800080009000800090008EC
:10B8F80000090008340A0008641A0008521A0008EF
:10B90800301A00085A1A0008301A00082A1D0008C0
:10B91800301A00085A1A0008521A0008521A000869
:10B928002A1D00085A1A00081C1A00081C1A0008C8
:10B938001C1A0008A21D00082E0000003500000097
:10B94800CEFBFFFFCB030000010000000000000059
:10B9580034000000CEFBFFFFCB0300000100000015
:10B968000000000000000000BC89D897B2D29C3CBF
:10B9780033A7A8D523F649393DA7F444FD0FA532CE
:10B988009D978CCF08BA5B25436FAC642806681175
:10B998000020202020202020202028282828282097
:10B9A800202020202020202020202020202020208F
:10B9B80020881010101010101010101010101010F7
:10B9C80010040404040404040404041010101010E7
:10B9D80010104141414141410101010101010101B1
:10B9E8000101010101010101010101011010101003
:10B9F8001010424242424242020202020202020283
:10BA080002020202020202020202020210101010D6
:10BA180020000000000000000000000000000000FE
:10BA2800000000000000000000000000000000000E
:10BA380000000000000000000000000000000000FE
:10BA480000000000000000000000000000000000EE
:10BA580000000000000000000000000000000000DE
:10BA680000000000000000000000000000000000CE
:10BA780000000000000000000000000000000000BE
:10BA880000000000000000000000000000000000AE
:10BA9800004300504F5349580042616C6C6F63205B
:10BAA800737563636565646564002F6275696C64AA
:10BAB8002F676E752D746F6F6C732D666F722D7393
:10BAC800746D33325F31312E332E72656C312E3204
:10BAD800303233303931322D313630302F73726392
:10BAE8002F6E65776C69622F6E65776C69622F6C53
:10BAF8006962632F7374646C69622F6764746F6121
:10BB08002D6765746865782E63002F6275696C64AB
:10BB18002F676E752D746F6F6C732D666F722D7332
:10BB2800746D33325F31312E332E72656C312E32A3
:10BB3800303233303931322D313630302F73726331
:10BB48002F6E65776C69622F6E65776C69622F6CF2
:10BB58006962632F7374646C69622F6D70726563B8
:10BB68002E630000000000000080E03779C34143E5
:10BB7800176E05B5B5B89346F5F93FE9034F384D4B
:10BB8800321D30F94877825A3CBF737FDD4F1575F7
:10BB9800000000000000F03F00000000000024400A
:10BBA80000000000000059400000000000408F40E5
:10BBB800000000000088C34000000000006AF84050
:10BBC8000000000080842E4100000000D012634174
:10BBD8000000000084D797410000000065CDCD41EA
:10BBE800000000205FA00242000000E876483742CB
:10BBF800000000A2941A6D42000040E59C30A24269
:10BC08000000901EC4BCD64200003426F56B0C43DD
:10BC18000080E03779C3414300A0D8855734764384
:10BC280000C84E676DC1AB43003D9160E458E143E5
:10BC3800408CB5781DAF154450EFE2D6E41A4B445A
:10BC480092D54D06CFF08044F64AE1C7022DB5449F
:10BC5800B49DD9794378EA44050000001900000032
:10BC68007D000000494E4600696E66004E414E0058
:10BC78006E616E00303132333435363738396162AF
:10BC880063646566003031323334353637383941CC
:10BC98004243444546003000202020202020202018
:10BCA800202020202020202030303030303030300C
:10BCB80030303030303030302C2066756E63746927
:10BCC8006F6E3A2000617373657274696F6E20221B
:10BCD800257322206661696C65643A2066696C6523
:10BCE80020222573222C206C696E6520256425731B
:10BCF80025730A00496E66696E697479004E614E53
:10BD0800002F6275696C642F676E752D746F6F6C88
:10BD1800732D666F722D73746D33325F31312E332C
:10BD28002E72656C312E32303233303931322D314A
:10BD38003630302F7372632F6E65776C69622F6EA1
:10BD480065776C69622F6C6962632F7374646C69C0
:10BD5800622F64746F612E63002020202020202031
:10BD6800202020202020202020303030303030305B
:0CBD78003030303030303030300000000F
:08BD84006C49FD7F0100000085
:08BD8C00313C0208E900000847
:04BD9400C1000008E2
:10BD98001E00320005FA000000100E000018000016
:10BDA800000000000000000000000000600000002B
:10BDB800000001001A000000888802088C88020828
:10BDC8009088020894880208988802089C880208CB
:10BDD800A0880208A4880208A8880208AC8802087B
:10BDE800B0880208B4880208B8880208C088020827
:10BDF800C8880208D4880208E0880208E88802088F
:10BE0800F4880208FC880208EC890208208A0208E3
:10BE18005C8A020801FF0100748B0208A08B0208EB
:10BE2800CC8B0208A08C0208CC8C0208F88C020883
:10BE3800208D020840900208D4920208D892020885
:10BE480020A8020834A8020850A8020870A802080E
:10BE580080A8020898A80208D8A802080CA9020815
:10BE68004CA9020870A902089CA90208B8A90208EE
:10BE780098A80208D8A802080CA90208D8A902089C
:10BE880060AA020894AA0208BCAA0208D0AA02085A
:10BE980000AB0208B4AB020870A80208C8AB0208DD
:10BEA800D0AB0208ECAB0208B4AB020800AC020845
:10BEB80020AC020848AC020870A8020888AC020846
:10BEC800B0AC0208DCAC0208F4AC020808AD020809
:10BED80030AD020840AD020854AD02086CAD02084E
:10BEE8008CAD0208C4AD0208D0AD0208E4AD02086A
:10BEF800FCAD020814AE020830AE020840AE0208DB
:10BF080048AE020854AE02080CAF020844AF02085B
:10BF180068AF020844AF0208A0AF020844AF0208A5
:10BF2800D8AF0208FCAF02080CB0020824B002081F
:10BF3800FCAF020844B0020860B002087CB00208F6
:10BF480090B00208E4B00208FCAF020800B1020891
:10BF580014B1020814B10208000000000700000034
:10BF6800E8B302082CB5020880B502080024F400E2
:10BF7800E4B6020800000000E0010020AAAAAAAA6C
:10BF880004000000010000000000000000000000A4
:10BF9800F8010020F8010020000200200002002023
:10BFA80008020020080200201002002010020020D1
:10BFB8001802002018020020200200202002002081
:10BFC8002802002028020020300200203002002031
:10BFD80038020020380200204002002040020020E1
:10BFE8004802002048020020500200205002002091
:10BFF8005802002058020020600200206002002041
:10C0080068020020680200207002002070020020F0
:10C0180078020020780200208002002080020020A0
:10C028008802002088020020900200209002002050
:10C038009802002098020020A0020020A002002000
:10C04800A8020020A8020020B0020020B0020020B0
:10C05800B8020020B8020020C0020020C002002060
:10C06800C8020020C8020020D0020020D002002010
:10C07800D8020020D8020020E0020020E0020020C0
:10C08800E8020020E8020020F0020020F002002070
:10C09800F8020020F802002000030020000300201E
:10C0A80008030020080300201003002010030020CC
:10C0B800180300201803002020030020200300207C
:10C0C800280300202803002030030020300300202C
:10C0D80038030020380300204003002040030020DC
:10C0E800480300204803002050030020500300208C
:10C0F800580300205803002060030020600300203C
:10C1080068030020680300207003002070030020EB
:10C11800780300207803002080030020800300209B
:10C12800880300208803002090030020900300204B
:10C138009803002098030020A0030020A0030020FB
:10C14800A8030020A8030020B0030020B0030020AB
:10C15800B8030020B8030020C0030020C00300205B
:10C16800C8030020C8030020D0030020D00300200B
:10C17800D8030020D8030020E0030020E0030020BB
:10C18800E8030020E8030020F0030020F00300206B
:10C19800F8030020F8030020000400200004002019
:10C1A80008040020080400201004002010040020C7
:10C1B8001804002018040020200400202004002077
:10C1C8002804002028040020300400203004002027
:10C1D80038040020380400204004002040040020D7
:10C1E8004804002048040020500400205004002087
:10C1F8005804002058040020600400206004002037
:10C2080068040020680400207004002070040020E6
:10C218007804002078040020800400208004002096
:10C228008804002088040020900400209004002046
:10C238009804002098040020A0040020A0040020F6
:10C24800A8040020A8040020B0040020B0040020A6
:10C25800B8040020B8040020C0040020C004002056
:10C26800C8040020C8040020D0040020D004002006
:10C27800D8040020D8040020E0040020E0040020B6
:10C28800E8040020E8040020F0040020F004002066
:10C29800F8040020F8040020000500200005002014
:10C2A80008050020080500201005002010050020C2
:10C2B8001805002018050020200500202005002072
:10C2C8002805002028050020300500203005002022
:10C2D80038050020380500204005002040050020D2
:10C2E8004805002048050020500500205005002082
:10C2F8005805002058050020600500206005002032
:10C3080068050020680500207005002070050020E1
:10C318007805002078050020800500208005002091
:10C328008805002088050020900500209005002041
:10C338009805002098050020A0050020A0050020F1
:10C34800A8050020A8050020B0050020B0050020A1
:10C35800B8050020B8050020C0050020C005002051
:10C36800C8050020C8050020D0050020D005002001
:10C37800D8050020D8050020E0050020E0050020B1
:10C38800E8050020E8050020F0050020F005002061
:10C39800FFFFFFFF00000200000000000300000094
:10C3A80090A30120430000000000000000000000EE
:10C3B8000000000000000000000000000000000075
:10C3C8000000000043000000000000000000000022
:10C3D8000000000000000000000000000000000055
:10C3E8000000000043000000000000000000000002
:10C3F8000000000000000000000000000000000035
:10C4080000000000430000000000000000000000E1
:10C418000000000000000000000000000000000014
:10C4280000000000430000000000000000000000C1
:10C4380000000000000000000000000000000000F4
:10C4480000000000430000000000000000000000A1
:10C4580000000000000000000000000000000000D4
:10C468000000000043000000000000000000000081
:10C4780000000000000000000000000000000000B4
:10C4880000000000174E02081D45020800000000C9
:10C4980098B9020840B90208FBBC0208FBBC0208B4
:10C4A800FBBC0208FBBC0208FBBC0208FBBC020880
:10C4B800FBBC0208FBBC0208FBBC0208FFFFFFFF35
:10C4C800FFFFFFFFFFFFFFFFFFFF000001004153D9
:10C4D800434949000000000000000000000000007F
:10C4E80000000000000000000000000000004153B0
:10C4F800434949000000000000000000000000005F
:10C508000000000000000000000000000000000023
:10C518000000000090A30120F8A3012060A40120DE
:10C528000000000000000000000000000000000003
:10C5380000000000000000000000000000000000F3
:10C5480000000000000000000000000000000000E3
:10C5580000000000000000000000000000000000D3
:10C5680000000000000000000000000000000000C3
:10C5780000000000000000000000000000000000B3
:10C5880000000000000000000000000000000000A3
:10C598000000000000000000000000000000000093
:10C5A8000000000000000000010000000000000082
:10C5B8000E33CDAB34126DE6ECDE05000B00000047
:10C5C8000000000000000000000000000000000063
:10C5D8000000000000000000000000000000000053
:10C5E8000000000000000000000000000000000043
:10C5F8000000000000000000000000000000000033
:10C608000000000000000000000000000000000022
:10C618000000000000000000000000000000000012
:10C628000000000000000000000000000000000002
:10C6380080070020D0A4012080B588B000AF7860C2
:10C6480039601F23FB1800221A707B68BB613B68A6
:10C658007B611A4B5A69194B8021C9020A435A61F6
:10C66800EFF31083FB60FB683B6172B6C0460FE0D6
:10C678007A69BB6912681A607B6904337B61BB699C
:10C688000433BB611F217B181A787B1801321A709A
:10C698001F23FB181B783F2BEAD9C046074B1A69A2
:10C6A800C0239B021340F9D13B69BB60BB6883F38D
:10C6B8001088C046C046BD4608B080BD0020024074
:06C6C8000000000000006C
:0400000508017F551A
:00000001FF
